post_id,text,likes,reposts,replies,timestamp_utc,hours_since_post,amplification_raw,amplification_norm,velocity_raw,velocity_norm,author_username,scraped_at_utc,label
2084487544016908625,bagi masyarakat tolol bodoh goblok idiot iq setara gorila mental bansos cocok dipimpin kdm,0,0,0,Tue Aug 04 03:52:13 +0000 2026,24.19240128027777,0.0,0.0,0.0,0.0,BayuYuniar35293,2026-08-05T04:03:45.644609+00:00,0
2074770407064731662,tidak benar kabar bahwa pesepeda akan dikenai pajak hoaks atau rumor yang berulang kali muncul ini sudah dibantah resmi oleh pemerintah kementerian perhubungan kemenhub sudah membantah berkali kali sejak 2020 mereka hanya sedang menyiapkan regulasi keselamatan pesepeda,2,2,0,Wed Jul 08 08:19:47 +0000 2026,660.4745477894444,1.9459101490553128,0.1788212997841811,0.0060470958608572,3.7828253743521065e-05,suaradotcom,2026-08-04T20:48:15.372042+00:00,0
2068506353744990331,puyeng ga lu kalau jadi pln jual listrik harus murah terpaksa beli coal murah supplier coal males jual ke elu kabel lu dicolongin gardu lu dipretretelin pemerintah mau bayar subsidi tapi ternyata duit cair kapan kapan pemerintah mau bantu push produsen coal kasih,75,18,10,Sun Jun 21 01:28:40 +0000 2026,1082.8811558227778,4.844187086458591,0.4451612689408135,0.0950288686602475,0.0005944632331543,ValuableBill,2026-08-05T04:21:32.160962+00:00,0
2031696881492041797,realisasi subsidi amp kompensasi bbm listrik rp 51 5 t di awal tahun naik 382 6,1,1,0,Wed Mar 11 11:40:58 +0000 2026,3520.6861353991667,1.3862943611198906,0.1273948643822471,0.0005679097804589,3.5526202615191e-06,detikfinance,2026-08-05T04:22:08.087437+00:00,0
2084826420770164765,menteri energi dan sumber daya mineral esdm bahlil lahadalia memastikan pemerintah tidak akan menaikkan harga bahan bakar minyak bbm bersubsidi meski harga minyak dunia terus berfluktuasi kebijakan tersebut merupakan arahan langsung presiden prabowo subianto usai rapat,2,0,0,Wed Aug 05 02:18:47 +0000 2026,1.7601275097222222,1.0986122886681098,0.1009580414151594,0.7246042050431499,0.0045328389631496,Metro_TV,2026-08-05T04:04:23.459035+00:00,0
1566624023882059776,14 14 jadi bagaimana mau kita dorong dpr dan pemerintah membikin undang undangnya wahai para pengguna kendaraan bermotor yang getol menyinggung nyinggung soal pajak untuk sepeda,1,0,0,Mon Sep 05 03:07:28 +0000 2022,34313.68610262194,0.6931471805599453,0.0636974321911235,2.9142041311681743e-05,1.8230115061979264e-07,B2WIndonesia,2026-08-04T20:48:37.969439+00:00,0
2046531311943483804,bang maap numpang tanya lu mending pajak 25 beneran dipake buat benerin healthcare rapihin kota subsidi listrik transum dll atau pajak 11 buat sesi ayah gula prabowo teddy di swiss,12,0,0,Tue Apr 21 10:07:42 +0000 2026,2538.236875220278,2.5649493574615367,0.2357085080236325,0.0047258292903292,2.9562929653606184e-05,NandasChamber,2026-08-05T04:21:54.750793+00:00,0
2068188581060088125,default banget mbg bikin negara bangkrut gak punya uang beban dilempar ke rakyat dg kenaikan pajak2 dan pengurangan subsidi kali ini siap2 kenaikan tarif listrik,2,0,0,Sat Jun 20 04:25:57 +0000 2026,1103.9268470883333,1.0986122886681098,0.1009580414151594,0.0018100745811999,1.1323114785652202e-05,nonblok67,2026-08-05T04:21:33.649518+00:00,1
2083752104565563415,kejar bansos wkhaha,0,0,0,Sun Aug 02 03:09:50 +0000 2026,72.90494254777776,0.0,0.0,0.0,0.0,AIADigibuy,2026-08-05T04:04:07.793172+00:00,0
2084223763512721764,walaupun kita sudah tahu sama tahu mohon kiranya dapat menertibkan penggunaan qr code bbm subsidi ini adalah rekaman percakapan saya tentang adanya alphard 2024 yang menggunakan pertalite saya bertanya karena di sebelah ada innova mengisi solar,1,0,0,Mon Aug 03 10:24:02 +0000 2026,41.67351471333333,0.6931471805599453,0.0636974321911235,0.0234337388592824,0.0001465922552123,jalmiburung,2026-08-05T04:04:26.652968+00:00,0
2032681279729316251,sepasang lansia di bowalato nias didatangi sejumlah petugas pln mempertanyakan penggunaan listrik di rumahnya karena token jarang diisi menurut si kakek sejak februari 2025 meteran di rumahnya sdh disetujui utk mendapatkan subsidi pemakaian listrik pasangan lansia ini memang,28,11,12,Sat Mar 14 04:52:37 +0000 2026,3455.491968448056,4.23410650459726,0.3890973223734472,0.0147548440631553,9.230050225927752e-05,vita_AVP,2026-08-05T04:22:08.086413+00:00,0
2073796184863609237,lagi rame di daerah ntt stiker dilarang beli bbm bagi penunggak pajak kendaraan di ntt pemprov ntt terapkan aturan pemilik kendaraan yang telat bayar pajak dilarang beli bbm subsidi pertalite berdasarkan pergub ntt no 13 2025 kendaraan belum bayar pajak ditempel,401,111,108,Sun Jul 05 15:48:34 +0000 2026,732.541538271389,6.666956792429207,0.6126664583182033,0.8452145756613146,0.0052873300128742,LambeSahamjja,2026-08-05T04:21:03.537777+00:00,0
2075251399773028676,brhbung bbm tdk lancar mk anak ku yg 2 naik pswt besok k jkt dan sy sndri yg naik mobil krn selama 3 minggu touring bbm bermsalah trus menerus sy hrs antri 24 jam di dekat spbu dr palembang hingga aceh bbm tdk lancar pdhl dexlite non subsidi,2,0,2,Thu Jul 09 16:11:04 +0000 2026,636.1649637438888,1.791759469228055,0.164655473606283,0.0062778090880838,3.9271504967303605e-05,bonapasogit24,2026-08-05T04:20:57.869478+00:00,0
2083481177349030331,dpc pdi perjuangan kediri terima audiensi ratusan ojol bahas bansos hingga zona operasi,0,0,0,Sat Aug 01 09:13:16 +0000 2026,90.84998417722224,0.0,0.0,0.0,0.0,GesuriID,2026-08-05T04:04:15.943038+00:00,0
2080591550489534780,saya sangat setuju dengan statement beliau mengingat dampak dari eskalasi israel ke negara2 islam di timur tengah yang akhirnya memicu perang iran dengan amerika yang tak kunjung usai sampai sekarang yang membuat minyak dunia naik drastis efeknya bbm non subsidi di negara,2,1,3,Fri Jul 24 09:50:55 +0000 2026,282.22965005777775,2.251291798606496,0.2068846425492573,0.021184222763316,0.0001325201671164,achzuldaf,2026-08-05T04:04:41.740208+00:00,0
2077695498669195736,saat ini bbm subsidi untuk kapal di bawah 30 gt seharga rp6 800 lt masih disubsidi oleh pemerintah ya sobat essentials referensi dan,3,1,1,Thu Jul 16 10:03:03 +0000 2026,474.0296584436112,2.0149030205422647,0.1851614666007883,0.0105256585796811,6.584438096097915e-05,IESR,2026-08-05T04:04:49.770397+00:00,0
2076035895078408381,resmi berubah daftar tarif listrik pln per kwh 12 18 juli 2026 untuk pelanggan subsidi baca,0,0,0,Sat Jul 11 20:08:22 +0000 2026,584.2172892122221,0.0,0.0,0.0,0.0,tribunpontianak,2026-08-05T04:21:24.241164+00:00,1
1974281945048887599,jual beli hp second wajib balik nama seperti motor kementerian komunikasi dan digital komdigi tengah mengkaji aturan baru soal jual beli hp bekas nantinya transaksi ponsel second bakal mirip dengan jual beli motor yakni ada balik nama kepemilikan direktur penataan,0,0,3,Sat Oct 04 01:14:30 +0000 2025,7315.529630863333,1.7047480922384253,0.1566594787568544,0.0004100304586132,2.564989308569304e-06,officialinews_,2026-08-04T20:46:16.671108+00:00,0
1605127646114852864,bukan cuma masalah mental masyarakat indo jadi begini juga udah disetting coba kalo belanda dibanjirin motor murah dan pajak murah seharga yg ada disini yakin mrk masih naik sepeda kuncinya di pemerintah yg ngebiarin negaranya dijadiin tempat jualan motor orang jepang,220,27,9,Tue Dec 20 09:07:07 +0000 2022,31763.69193595528,5.664695085948154,0.5205626470688184,0.0080592627977048,5.0415578835239096e-05,halamanrum,2026-08-04T20:48:37.969439+00:00,0
2084665714066293248,tahun 2026 masih ada orang yg ngira pajak itu cuman pph doank padahal ppn itu ada tiap kita beli barang,7,4,0,Tue Aug 04 15:40:12 +0000 2026,12.700333697222222,2.772588722239781,0.2547897287644942,0.8029001514196897,0.005022627614557,flova_syr,2026-08-05T04:22:13.201310+00:00,0
2070356460265939332,banggar pastikan bbm subsidi tidak naik dan perlindungan sosial tetap jadi prioritas rapbn 2027,2,2,4,Fri Jun 26 04:00:20 +0000 2026,960.3481014333332,2.5649493574615367,0.2357085080236325,0.0083216474740755,5.205695419037593e-05,DPR_RI,2026-08-05T04:21:13.165160+00:00,0
2073576661464031416,berburu pajak rakyat pemerintah mempermalukan rakyatnya dengan menguber uber kendaraan rakyat yg mati pajak sampai ke spbu mereka mengaitkan pajak kendaraan dgn subsidi bbm yg sebenarnya sama sekali gak punya korelasi mereka lupa bahwa negara ini didirikan atas kesepakatan,3909,1980,559,Sun Jul 05 01:16:15 +0000 2026,747.0801493825,9.07205483917184,0.8336852751611632,8.619397273570856,0.0539195598487878,regar_op0sisi,2026-08-05T04:21:03.537777+00:00,0
2083302029355892981,breaking bbm non subsidi resmi turun mulai hari ini kabar baik buat para pengguna pertamax mulai 1 agustus 2026 pertamina kembali menurunkan harga beberapa jenis bbm non subsidi seiring melemahnya harga minyak dunia dan penguatan nilai tukar rupiah daftar harga terbaru,2,1,3,Fri Jul 31 21:21:24 +0000 2026,102.71925357611111,2.251291798606496,0.2068846425492573,0.0578484687570286,0.0003618772721927,Superman4452,2026-08-05T04:04:33.312874+00:00,0
2083892405841883382,provider mana itu bang yang paling banyak ngasih bansos,0,0,1,Sun Aug 02 12:27:21 +0000 2026,63.61181819527778,0.9162907318741552,0.0842034251856289,0.0154770447254351,9.68183056040696e-05,hadiproz,2026-08-05T04:04:03.545503+00:00,0
2074784859483218222,kalo ekonomi kita terus an kayak gini defisit apbn buang anggaran ke program yang ga ada imbah hasilnya pajak di semua kegiatan bahkan sepeda mau di pajakin phk rupiah jeblos padahal suku bunga udh naik kira kira kita sbg rakyat biasa harus ngapain yaa biar ga terlalu,4,0,1,Wed Jul 08 09:17:12 +0000 2026,659.517603345,1.871802176901592,0.172011075832509,0.0075698209626495,4.735382318340404e-05,mullerrrzzz,2026-08-04T20:48:15.372042+00:00,0
2072228881067581548,komisi xii beban subsidi bbm diproyeksi turun dalam apbn 2027 lewat digitalisasi,3,1,3,Wed Jul 01 08:00:40 +0000 2026,836.3404103330555,2.3513752571634776,0.216081909008217,0.0083598019558326,5.229563362436738e-05,DPR_RI,2026-08-05T04:21:05.477199+00:00,0
2078710805680545839,sepengetahuan saya istilah kampungan itu menggambarkan perilaku orang kampung ada apa dengan orang kampung ngabisin bbm ya ngga terima subsidi juga minim fasilitas negara yg mana yg diberikan secara berlebih kenapa harus selalu disalahkan sebagai orang kampung kadang,2,0,2,Sun Jul 19 05:17:31 +0000 2026,406.7876727066666,1.791759469228055,0.164655473606283,0.0098090262843166,6.136141112990265e-05,saifulteladan,2026-08-05T04:04:46.621744+00:00,0
2074114634421047573,baca di sini gubernur nusa tenggara timur ntt melki laka lena memberlakukan kebijakan larangan pembelian bahan bakar minyak bbm subsidi bagi kendaraan belum bayar pajak dan berpelat luar daerah kr gubernurntt bbmsubsidi,16,6,8,Mon Jul 06 12:53:58 +0000 2026,711.4511062322222,3.713572066704308,0.3412623055245784,0.0421081527385846,0.0002634120449084,kompascom,2026-08-05T04:21:01.982436+00:00,0
1974355266746667481,jual beli hp bekas bakal mirip motor seken ada proses balik nama ini penjelasan komdigi,3,1,1,Sat Oct 04 06:05:51 +0000 2025,7310.6719818941665,2.0149030205422647,0.1851614666007883,0.0006838381169698,4.277822347033412e-06,PRFMnews,2026-08-04T20:46:10.134819+00:00,0
2083955666532893179,dengan kondisi ekonomi pasca perang irak kemarin aku melihat untuk bbm ini kaya mengalami kelangkaan solar dan pertalite ini barang subsidi yang harganya terjangkau ini sulit dicari bahkan saking banyaknya permintaan supllynya keteteran,0,0,0,Sun Aug 02 16:38:43 +0000 2026,59.42924223833334,0.0,0.0,0.0,0.0,FerdyAuliaM666,2026-08-05T04:04:28.272058+00:00,0
2083509934998835665,ini gak tepat ya ujung ujungnya memperbesar kemungkinan disalahgunakan uangnya apa bedanya sama program bansos yang udah jalan kalo gini konsepnya dampak program mbgnya gak keliatan akhirnya sama lagi buang buang apbn,0,0,0,Sat Aug 01 11:07:32 +0000 2026,88.94499761277777,0.0,0.0,0.0,0.0,opninaism,2026-08-05T04:04:13.991406+00:00,0
1869356971331371446,saya sudah satu bulan berhenti merokok untuk mengurangi pajak yang masuk ke pemerintah enggak pernah beli kendaraan bermotor lebih pilih naik sepeda dan transportasi publik mulai mengurangi pembelian barang yang ber ppn beli makanan di warung kecil dan nyuci baju pakai lerak,104,14,0,Wed Dec 18 12:20:07 +0000 2024,14264.471176632776,4.890349128221754,0.4494033745245619,0.0082717211747823,5.174463489503221e-05,adipat1_karno,2026-08-04T20:48:23.235878+00:00,0
2071142855129846046,baca selengkapnya kasus dugaan penyelewengan bbm subsidi di sebuah spbu di medan berhasil diungkap polisi bio solar subsidi diduga dialihkan ke tangki bbm jenis dexlite ms bbm dexlite spbumedan,25,9,3,Sun Jun 28 08:05:11 +0000 2026,908.2664596869444,3.881563797943437,0.3567000685414165,0.0406921421172171,0.0002545540392937,kompascom,2026-08-05T04:21:10.254873+00:00,0
1974074657818226829,kementerian komunikasi dan digital komdigi tengah mengkaji wacana mekanisme balik nama pada jual beli ponsel bekas mirip seperti proses jual beli motor bekas wacana ini dihadirkan untuk mencegah penyalahgunaan identitas maupun peredaran ponsel hasil curian hp second itu,1,0,3,Fri Oct 03 11:30:49 +0000 2025,7329.257686418889,1.871802176901592,0.172011075832509,0.000545683408567,3.413580819269174e-06,Melihat_Indo,2026-08-04T20:46:16.671108+00:00,0
2057808698291159089,7 setan apbn 1 mbg kopdes 2 subsidi bbm bensin elpiji 3 beras bulog 4 bansos 5 dana desa 6 subsidi listrik 7 subsidi pupuk tujuh aliran uang ini dirampok habis habisan seandainya kamu tahu berapa puluh pupuk subsidi yang dicuri pengusaha besar pasti kaget,1644,746,76,Fri May 22 13:00:00 +0000 2026,1791.3625745530555,8.086717920303906,0.7431367836787358,1.3758376988065169,0.0086066996088559,zhil_arf,2026-08-05T04:21:45.268391+00:00,1
2082805847286218977,20 tidak menaikkan harga bbm subsidi 21 menurunkan ongkos biaya haji 22 memberikan beasiswa untuk puluhan anak palestina 23 membuat kampung nelayan merah putih 24 membuat koperasi desa merah putih 25 menolak mentah tawaran hutang dari imf senilai ratusan trilliun,1,0,0,Thu Jul 30 12:29:45 +0000 2026,135.58071855055556,0.6931471805599453,0.0636974321911235,0.0073216776907631,4.580153645442615e-05,aries2354,2026-08-05T04:04:35.586782+00:00,0
2078066265734906136,tanggal 8 november 2023 pak prabowo berbicara soal berbagai subsidi termasuk pendidikan layanan kesehatan dan bbm di forum cnbc beliau ngomong dengan sangat percaya diri seolah olah memberikan harapan bagi rakyat tapi sampai saat ini keadaan negara justru makin parah dan,21,10,15,Fri Jul 17 10:36:21 +0000 2026,449.47424620416666,4.166665223801727,0.3828997404877564,0.1021146056353055,0.0006387888172727,foolinsights,2026-08-05T04:04:48.286335+00:00,0
2072215944831685054,harga bbm nonsubsidi turun bersamaan dengan kebijakan implementasi biodiesel b50 yang diharapkan mengatasi antrean pembelian akibat lonjakan konsumsi bbm subsidi ekonomi kompas61,1,0,0,Wed Jul 01 07:09:15 +0000 2026,837.1977789019444,0.6931471805599453,0.0636974321911235,0.0011930358504528,7.463163130615731e-06,hariankompas,2026-08-05T04:21:07.004047+00:00,0
2055444029954003147,contoh lainnya saat pemerintah memutuskan memberikan insentif pajak untuk kendaraan listrik demi mengurangi subsidi bbm dan emisi karbon kebijakan ini sudah pasti akan sangat menguntungkan korporasi nikel dan pabrikan ev tertentu,3,0,1,Sat May 16 00:23:39 +0000 2026,1947.968888445,1.7047480922384253,0.1566594787568544,0.0020523672921179,1.2838802705888388e-05,anju0gerald,2026-08-05T04:21:46.998402+00:00,0
2074767469810774471,pantau harga sembako pascakenaikan bbm non subsidi anggota unit intelkam polsek cileunyi turun langsung ke pasar sehat cileunyi cileunyi untuk memastikan stabilitas harga serta ketersediaan bahan kebutuhan pokok masyarakat jajaran polsek cileunyi polresta bandung,2,0,0,Wed Jul 08 08:08:06 +0000 2026,668.2150545166667,1.0986122886681098,0.1009580414151594,0.0029885759241391,1.8695355752817104e-05,Sek_Cly,2026-08-05T04:21:00.196260+00:00,0
2079805572946579916,baca disini organda menilai penanganan antrean bbm subsidi di daerah belum solutif sehingga memangkas produktivitas transportasi umum dan logistik hingga 50 persen nj bbm,2,0,0,Wed Jul 22 05:47:44 +0000 2026,334.28318552083334,1.0986122886681098,0.1009580414151594,0.0059651067705443,3.7315362235940615e-05,KompasOtomotif,2026-08-05T04:04:43.467875+00:00,0
2077259420564856987,menilik instruksi presiden soal bbm khusus nelayan 30 200 gt sebesar rp15 000 liter sedangkan untuk nelayan yang kapalnya lebih kecil tetap mendapatkan subsidi bbm bahkan lebih besar mekanisme ini aman buat apbn karena pakai dana kelolaan bpdp bukan subsidi silang,16,6,1,Wed Jul 15 05:10:14 +0000 2026,502.9104203841666,3.417726683613366,0.314075307211653,0.045643033105895,0.0002855248664288,99propaganda,2026-08-05T04:04:51.513383+00:00,0
2069293445894803504,industri amp pasar keuangan biaya input impor tinggi 55 biaya produksi tapi ihsg naik karena energi murah sektor hilir nikel cpo relatif tahan outlook ekonomi indonesia dominan positif jangka pendek inflasi terkendali dalam target bi subsidi bbm,4,4,0,Tue Jun 23 05:36:17 +0000 2026,1030.7494220744445,2.5649493574615367,0.2357085080236325,0.0077538206747091,4.850485302594042e-05,Rahadi0816,2026-08-05T04:21:14.919468+00:00,0
2083738732277186620,ih tp minyak ini kayaknya yg sering dipake buat bansos deh,0,0,0,Sun Aug 02 02:16:42 +0000 2026,73.79086764666667,0.0,0.0,0.0,0.0,tergyubing,2026-08-05T04:04:09.123528+00:00,0
2084082708553273657,warisan ilmu dari jokowi si paling bansos,0,0,1,Mon Aug 03 01:03:32 +0000 2026,51.00713018111111,0.9162907318741552,0.0842034251856289,0.01922813269099,0.0001202836368374,alfinrizalisme,2026-08-05T04:03:57.668652+00:00,0
2079519632000528618,di sisi lain pemerintah memastikan harga bbm subsidi tidak akan mengalami kenaikan hingga akhir tahun bahlil menyatakan pasokan energi nasional tetap aman berkat kerja sama pengadaan crude dengan sejumlah negara sehingga masyarakat diimbau tidak khawatir terhadap ketersediaan,0,0,0,Tue Jul 21 10:51:30 +0000 2026,353.2208633225,0.0,0.0,0.0,0.0,GNFI,2026-08-05T04:04:45.107961+00:00,0
2084491831942033433,ngasih bansos yuk,0,0,1,Tue Aug 04 04:09:15 +0000 2026,23.90851239138889,0.9162907318741552,0.0842034251856289,0.040146917820179,0.0002511433304956,JoyXBT_,2026-08-05T04:03:45.644609+00:00,0
2079519551063224729,menteri energi dan sumber daya mineral esdm bahlil lahadalia membuka peluang penurunan harga pertamax apabila harga minyak dunia terus mengalami penurunan pemerintah akan melakukan evaluasi bersama pertamina dan badan usaha lainnya untuk menyesuaikan harga bbm non subsidi,0,0,1,Tue Jul 21 10:51:11 +0000 2026,353.22614110027774,0.9162907318741552,0.0842034251856289,0.0028230553422563,1.7659924081927343e-05,GNFI,2026-08-05T04:04:45.107961+00:00,0
1410129126875222019,badan anggaran dpr ri mengusulkan agar pemerintah bisa menaikkan penghasilan tidak kena pajak ptkp menjadi rp 8 juta per bulan serta sepeda motor diusulkan bebas pajak,2,1,1,Wed Jun 30 06:52:37 +0000 2021,44677.93608171,1.871802176901592,0.172011075832509,8.952764660028376e-05,5.600497512496333e-07,kumparan,2026-08-04T20:48:46.894156+00:00,0
2070043463576678905,ia memaparkan dalam apbn 2026 total subsidi terhadap bbm mencapai sekita rp200 triliun dengan asumsi harga minyak mentah indonesia indonesian crude price icp us 70 per barel,0,0,0,Thu Jun 25 07:16:35 +0000 2026,981.0772682413888,0.0,0.0,0.0,0.0,mediaindonesia,2026-08-05T04:21:13.165669+00:00,0
2084192569467015432,akun tiktok samsat bagikan tautan layanan pemutihan pajak konten tiruan impostor content tautan yang beredar bukan merupakan layanan resmi samsat masyarakat yang ingin memanfaatkan program pemutihan pajak bisa mengakses layanan melalui kantor samsat samsat keliling,0,0,0,Mon Aug 03 08:20:05 +0000 2026,36.400771509444446,0.0,0.0,0.0,0.0,TurnBackHoax,2026-08-04T20:44:07.777434+00:00,0
2079706572796895695,baca di sini polisi membongkar praktik kencing bbm di riau dengan menangkap tiga tersangka yang diduga mencuri solar dan pertalite subsidi dari truk tangki sebelum disalurkan ke spbu di sumatera utara iq kencingbbm riau,1,1,1,Tue Jul 21 23:14:20 +0000 2026,340.8398521875,1.7047480922384253,0.1566594787568544,0.0087760393669796,5.489945118716385e-05,kompascom,2026-08-05T04:04:43.467875+00:00,0
2031504886215700789,justru itu tujuannya listrik 450 amp 900 subsidi akan pada naik minim ke 1300 yg mana non subsidi budget subsidi listrik berkurang pemasukan token listrik naik subsidi gas dihapuskan untung 3x dlm 1 program,2,0,0,Tue Mar 10 22:58:03 +0000 2026,3533.4019185819448,1.0986122886681098,0.1009580414151594,0.0005658666009332,3.539838933866826e-06,perdhanaapri,2026-08-05T04:22:09.906895+00:00,1
1793643033566879855,ia mengatakan penganggaran subsidi untuk sepeda motor listrik ini karena masih adanya kesenjangan harga antara kendaraan listrik dan kendaraan konvensional pemerintah juga bakal memberikan insentif pajak dan subsidi untuk penjualan mobil listrik dan hibrida,1,1,1,Thu May 23 13:59:58 +0000 2024,19278.809097692498,1.7047480922384253,0.1566594787568544,0.0001556032004673,9.73392432668904e-07,tempodotco,2026-08-04T20:48:30.751693+00:00,0
2056653206739141036,iya jangan sampai hilang arti koperasi jadi mini market milik negara koperasi itu bukan mini market seperti indomaret atau alfamaret atau warung memang harus gini kdmp itu nanti diberikan hak ekslusif satu satunya yang boleh jual barang barang subsidi langsung ke konsumen,15,5,10,Tue May 19 08:28:29 +0000 2026,1867.8883328894449,3.713572066704308,0.3412623055245784,0.0160523234438612,0.0001004170230437,tekarok007,2026-08-05T04:21:46.998402+00:00,0
2084455587300229165,min saya sudah daftar di aplikasi cek bansos sudah terverifikasi tapi gagal masuk dan setatus belum terdaftar tolong bantu ini kenapa ya,0,0,0,Tue Aug 04 01:45:13 +0000 2026,26.309476616111112,0.0,0.0,0.0,0.0,Agustina_DJ7,2026-08-05T04:03:47.115818+00:00,0
2083611222868709864,american express x kemensos ri bansos portal dtks amp amex global 2026 american express bansos cards kartu kks amex portal portal penerbitan dan verifikasi kartu bantuan sosial bansos co branded american express amp bank himbara untuk program pkh bpnt dan sembako cashless,0,0,0,Sat Aug 01 17:50:01 +0000 2026,82.23599738777779,0.0,0.0,0.0,0.0,darryl_alisto1,2026-08-05T04:04:10.590596+00:00,0
2082679494591332663,dimana ribut antri bbm subsidi yg tdk subsidi lancar jaya kok bisa,4,0,0,Thu Jul 30 04:07:40 +0000 2026,143.94914321083334,1.6094379124341005,0.1479008573767524,0.0275958857803103,0.0001726290096262,susan_amelia46,2026-08-05T04:04:36.915559+00:00,0
2083017060473528719,menteri esdm bahlil lahadalia pastikan harga bbm subsidi dan lpg tak naik menteri esdm bahlil lahadalia golkarpedia partaigolkar menteriesdm bahlillahadalia,2,5,0,Fri Jul 31 02:29:02 +0000 2026,121.592662995,2.5649493574615367,0.2357085080236325,0.0570996650940317,0.0003571930509368,squadgolkar,2026-08-05T04:04:35.586782+00:00,0
2055885235431367002,blom aja liat tar seberapa defisit apbn n tekor subsidi yg digelontorin purbaya buat jaga bbm n listrik dan belanja pemerintah lain yg masih kita beli diharga dollar n terpaksa gerus cadangan devisa yakin msh mau ngegas mbg wkwkwk,6,0,4,Sun May 17 05:36:51 +0000 2026,1918.748888445,2.5649493574615367,0.2357085080236325,0.0052090146061238,3.2585546981261914e-05,WakataNaba,2026-08-05T04:21:46.998402+00:00,0
2084546046613741737,kenapa penerima bansos blt tidak ditampilkan secara terbuka di website masing2 kelurahan atau kecamatan dengan begitu bisa saling mengawasi apakah si a atau b layak atau tidak,0,0,0,Tue Aug 04 07:44:41 +0000 2026,20.31706586305556,0.0,0.0,0.0,0.0,Akun1Posisi,2026-08-05T04:03:42.437107+00:00,0
2083662961294643590,pak jujur aja kyk udh ga ada harapan bgt kehidupan orang2 macam kita ini kita udh jadi minoritas sekali di era ini mereka lo udh dpt kantong suara dr mbg kopdes bansos dimana itu besar sekali kalo diakumulasikan,0,0,0,Sat Aug 01 21:15:37 +0000 2026,78.80933072111112,0.0,0.0,0.0,0.0,tachimchuu,2026-08-05T04:04:10.590596+00:00,0
2068139754982613283,piutang pln ke pemerintah naik 156 artinya pemerintah nunggak bayar ke pln sehingga pln tidak punya duit tidak punya duit sehingga tidak bisa beki batubara tidak bisa beli batubara suplai listrik berkurang siap2 menyala bergilir bukan pemadaman bergilir dari foto laporan,15360,6864,335,Sat Jun 20 01:11:56 +0000 2026,1107.1609482794445,10.29524243691104,0.9460912853840928,20.35715121979854,0.1273463327780941,Hidupsebagai62,2026-08-05T04:21:35.413806+00:00,0
2083431083220369586,salah menurut orang yg nganggap jokowi si pembohong biadab sbg nabi pengerahan masa jokowi si penipu keparat di mana2 dengan imin2 dgn amplop kaos atau bansos jokowi yg disebut sebagai sengkuni abad ini memang orang licik yg suka memanfaatkan rakyat utk kepentingannya,0,0,0,Sat Aug 01 05:54:13 +0000 2026,94.16800367722222,0.0,0.0,0.0,0.0,AriskaPutraS,2026-08-05T04:04:17.813238+00:00,0
2084246696612307327,ketahanan pangan mereka sagu bukan padi pemerintah lah yg telah mengotori tanah papua bansos dikasih mi instan beras dan disusupkap program cetak sawah keegoisan jawa sentris untuk meracuni tanah papua sagu sehat dan baik untuk perut orang papua sejak nenek moyang,0,0,0,Mon Aug 03 11:55:10 +0000 2026,40.144464936666665,0.0,0.0,0.0,0.0,mengudarabebas,2026-08-05T04:03:50.073772+00:00,0
2083866910375219686,aku ngepull mulban di akhir aja apaya mau mengumpulkan bansos kalau kalian gimana moots,1,0,4,Sun Aug 02 10:46:02 +0000 2026,65.30042930638889,2.079441541679836,0.1910922965733706,0.075414292973789,0.0004717621609021,masdeimos,2026-08-05T04:04:03.545503+00:00,0
2051439511088021542,masalahnya duit di buang trs utk hal lain yg absurd spt mbg kmp dgn pembelian barang motor listrik impor mobil pick up dr india pengadaan laptop dlsb yg jauh dr keperluan jd uang negara semakin abis jd pula subsidi bbm jg semakin berat,15,0,1,Mon May 04 23:11:08 +0000 2026,2213.1788085441667,2.862200880929469,0.26302472496981,0.0072261553304812,4.520398613174754e-05,aryason,2026-08-05T04:21:51.710759+00:00,0
2083840873411031105,oh 600 an sq deh termasuk bansos yang 210 an tadi,0,0,0,Sun Aug 02 09:02:34 +0000 2026,67.02533185527778,0.0,0.0,0.0,0.0,RutszarShka,2026-08-05T04:04:05.194679+00:00,1
2080178598586331419,kena batunya anak doyan pamer bbm subsidi dan liburan eropa nevi rizal akhirnya minta maaf sambil ungkap alasan ini,3,2,0,Thu Jul 23 06:30:00 +0000 2026,309.5782611688889,2.079441541679836,0.1910922965733706,0.0160990018463689,0.000100709024774,democrazymedia,2026-08-05T04:04:41.740208+00:00,0
2083414738839495098,sementara itu bbm non subsidi umumnya lebih mengikuti harga keekonomian ketika biaya pengadaan meningkat harga produk non subsidi bisa ikut disesuaikan,0,0,1,Sat Aug 01 04:49:16 +0000 2026,95.2544004352778,0.9162907318741552,0.0842034251856289,0.0103891354107224,6.499034570239007e-05,angelont_69,2026-08-05T04:04:31.841567+00:00,0
2068289902924775641,no 2 subsidi listrik boro2 listrik disubsidi kena pemadaman broo pln minta maaf pemadaman begilir 1 pln minta maaf kpd masyarakat di pulau jawa yg terdampak pemadaman bergilir 2 penyebab pemadaman kendala pasokan batubara dan batu bara mulai menipis gangguan teknis,3,2,1,Sat Jun 20 11:08:34 +0000 2026,1097.2165693105555,2.251291798606496,0.2068846425492573,0.0054634032736973,3.417690244971718e-05,bilbiils_,2026-08-05T04:21:33.649518+00:00,0
2084207691820650772,di sisi lain pemerintah memastikan harga bbm bersubsidi seperti pertalite dan solar subsidi tetap dipertahankan demi menjaga daya beli masyarakat,0,0,1,Mon Aug 03 09:20:11 +0000 2026,42.737681380000005,0.9162907318741552,0.0842034251856289,0.0228635805202346,0.0001430255688525,InvestorID,2026-08-05T04:04:26.652968+00:00,0
2084206430098469295,bansos pkh dan bpnt mulai dicairkan begini cara mencairkan lewat bank dan kantor pos,0,0,0,Mon Aug 03 09:15:10 +0000 2026,42.81151659138889,0.0,0.0,0.0,0.0,metrojambi,2026-08-05T04:03:51.459729+00:00,0
2084150161534755150,mungkin krn stp terima bansos hrs sll nyatet nomer ktp,0,0,0,Mon Aug 03 05:31:34 +0000 2026,46.538606243888886,0.0,0.0,0.0,0.0,yuqihez,2026-08-05T04:03:52.982478+00:00,0
2031476114615681185,gw setuju dgn konversi ke kompor listrik tp tetep harus di subsidi untuk rakyat kecil tp gw pesimis klo si bahlil yg jadi komandanya,6,0,1,Tue Mar 10 21:03:43 +0000 2026,3535.3074741375003,2.1400661634962708,0.1966634549731571,0.0019794658838898,1.2382760163787808e-05,Hatake01157917,2026-08-05T04:22:09.906895+00:00,0
2084501850829865025,ikatan bansos,0,0,0,Tue Aug 04 04:49:04 +0000 2026,23.244901280277777,0.0,0.0,0.0,0.0,TholekG,2026-08-05T04:03:45.644609+00:00,0
2083736509786779987,kelihatannya nafsu politik pak jokowi sangat besar blio ingin menunjukan ke partai lain dan tokoh politik kalau blio masih dicintai rakyat kita tunggu apakah rakyat benar mencintainya atau karena iming sembako bansos atau amplop amp isinya,0,0,1,Sun Aug 02 02:07:52 +0000 2026,73.9380898688889,0.9162907318741552,0.0842034251856289,0.013344348671678,8.34769977538759e-05,YugoSapto,2026-08-05T04:04:09.123528+00:00,0
2084106634796908970,iyalah modus menunggangi kemiskinan sdj jd trend politikus dtg saja ke daerah miskin dan melarat bw bansos dan blt disambut bak pahlawan deh jalo rakyat bodoh dan miskin mudah dieksploitasi,0,0,0,Mon Aug 03 02:38:37 +0000 2026,49.42240795888889,0.0,0.0,0.0,0.0,HalimRudianto,2026-08-05T04:03:57.668652+00:00,1
2084066423564030324,sasaran empuk prbwo buat dikasih bansos,0,0,0,Sun Aug 02 23:58:50 +0000 2026,52.08546351444444,0.0,0.0,0.0,0.0,devxanx,2026-08-05T04:03:57.668652+00:00,0
2084574463077851575,gw jadi rt dah dibikinin surat miskin buat kelurahan biar terima bansos,0,0,0,Tue Aug 04 09:37:36 +0000 2026,18.435121418611114,0.0,0.0,0.0,0.0,fleetkatya,2026-08-05T04:03:42.437107+00:00,0
2082319040299901037,bbm subsidi tidak naik tapi cuma kosong pembodohan model baru,1,0,1,Wed Jul 29 04:15:21 +0000 2026,167.82155009472223,1.252762968495368,0.1151238675930576,0.0118468287897951,7.410910225803635e-05,fsaidhamzah,2026-08-05T04:04:38.580341+00:00,0
2068525756054196677,lah kocak si fahri pln hidup 24 jam ya emang itu tugas dia tolol meskipun subsidi ya tetep aja bayar pake duit sendiri kita bayar listrik biar listrik kita nyala terus buzzer bego,49,1,1,Sun Jun 21 02:45:46 +0000 2026,1081.5961558227775,3.979681653901961,0.3657167040438615,0.0471089793970677,0.0002946952499572,minseozk,2026-08-05T04:21:32.160962+00:00,0
1277846340869873668,kemenhub membantah akan menarik pajak dari pesepeda kamuharustau pajak sepeda kemenhub,2,1,0,Tue Jun 30 06:08:03 +0000 2020,53438.68199548028,1.6094379124341005,0.1479008573767524,5.613805861071045e-05,3.511776189196296e-07,indozonemedia,2026-08-04T20:48:58.183729+00:00,0
2076136549536891350,di indo itu mah pabrik mas wkwkwk di indo juga ada listrik subsidi dan harga per kwh nya terhadap gdp relatif mahal dibandingkan harga listrik us terhadap gdp sana kasih daya besar pun pada ga kebeli alat elektronik yang relatif tidak terjangkau lagi,27,0,2,Sun Jul 12 02:48:20 +0000 2026,577.5511781011111,3.4339872044851463,0.3155695835423824,0.0501252112132624,0.0003135636100953,damarbowo,2026-08-05T04:21:24.241164+00:00,0
2035577738283909527,dana kompensasi itu berlaku buat listrik sama bbm karena disuruh jual dibawah harga pasar kalau ga ada perintah pemerintah berani bumn jual rugi masuk penjara iya gantinya kerugian dikasih subsidi sm kompensasi itu,40,2,1,Sun Mar 22 04:42:06 +0000 2026,3263.666739221389,3.8394523125933104,0.3528301927664183,0.0131713290926152,8.239465530553597e-05,AndreaMardani,2026-08-05T04:22:06.261197+00:00,0
2079164094905713012,sahabat bahari kebijakan pemerintah yang menghadirkan harga khusus bbm non subsidi bagi kapal berukuran 30 200 gt disambut penuh rasa syukur dan respons positif para nelayan kita,3,1,1,Mon Jul 20 11:18:43 +0000 2026,376.7672522113889,2.0149030205422647,0.1851614666007883,0.0132356628869516,8.279710222426201e-05,kkpgoid,2026-08-05T04:04:45.107961+00:00,0
2046084782027931784,kenaikan harga solar non subsidi membuat pengguna mobil diesel mempertimbangkan ulang biaya dan mulai melirik kendaraan listrik ev baca selengkapnya na bbm mobildiesel kendaraanlistrik,5,0,0,Mon Apr 20 04:33:21 +0000 2026,2567.809375220278,1.791759469228055,0.164655473606283,0.001946427028892,1.2176082079131626e-05,kompascom,2026-08-05T04:21:54.750793+00:00,0
2082841146762686500,sudah ada sejak lama bahkan di era sebelum sby tapi memang masih di sektor hulu pembangkitan dimana produksi listriknya dibeli pln utk sektor distribusi butuh investasi insfrastruktur yg mahal harga jual otomatis mahal kalah saing dg listrik subsidi pln,1,0,0,Thu Jul 30 14:50:01 +0000 2026,133.52228971666665,0.6931471805599453,0.0636974321911235,0.0074337123022974,4.65023809276564e-05,tukangpermaks,2026-08-05T04:21:21.242980+00:00,0
2071929030602092762,baca di sini subsidi bahan bakar minyak bbm termasuk solar bersubsidi selama ini identik dengan upaya membantu sektor transportasi dan logistik da bbm,12,4,1,Tue Jun 30 12:09:10 +0000 2026,856.1995372380555,3.1135153092103742,0.2861195080159477,0.0198320219056288,0.0001240613302906,kompascom,2026-08-05T04:21:08.334057+00:00,0
2084530904614223905,dapet bansos ini ka,0,0,0,Tue Aug 04 06:44:31 +0000 2026,21.320186043333333,0.0,0.0,0.0,0.0,cryptogem1000,2026-08-05T04:03:43.669756+00:00,0
2083755494037135472,udah dibantu bansos my bina belum mau pulang apa kurelakan aja ya,0,0,0,Sun Aug 02 03:23:18 +0000 2026,72.68049810333333,0.0,0.0,0.0,0.0,aesylaa_,2026-08-05T04:04:07.793172+00:00,0
2077740029397328026,komisi xii dpr dapat laporan dugaan penyelewengan bbm subsidi,1,1,1,Thu Jul 16 13:00:00 +0000 2026,471.0804917769444,1.7047480922384253,0.1566594787568544,0.0063548484893069,3.975343316635543e-05,TirtoID,2026-08-05T04:04:49.770397+00:00,0
2083871030846832679,si ww kok kyk malah nantangin gitu ya kyk sengaja dan terang2 an gituu bikin bodohhhh kyk pengajar nakes itu dimiskinkan gtu pikirnya biar makin bodoh aja anak2 negeri ini biar bisa dicekokin bansos,0,0,0,Sun Aug 02 11:02:24 +0000 2026,65.02765152861112,0.0,0.0,0.0,0.0,bacotmulujir,2026-08-05T04:04:03.545503+00:00,0
2051611404566986870,menteri energi dan sumber daya mineral esdm bahlil lahadalia memastikan tidak ada kenaikan tarif listrik meski muncul keluhan masyarakat terkait tagihan listrik pada mei 2026 ia menegaskan hingga saat ini pemerintah belum mengambil kebijakan untuk menaikkan tarif dan masih,12,4,8,Tue May 05 10:34:10 +0000 2026,2201.7944510977777,3.49650756146648,0.3213149523631374,0.0108952517054142,6.815641021664057e-05,kumparan,2026-08-05T04:21:50.023952+00:00,0
1277867104532717568,semoga bener ya kemenhub ga narikin pajak untuk pesepeda jangan gegara diributin terus ngeles sebentar tapi nanti tetiba keluar uu baru lagi,14,2,2,Tue Jun 30 07:30:34 +0000 2020,53437.3067177025,3.091042453358316,0.2840543431391015,0.0003368370202126,2.1071199405476013e-06,4UdibA,2026-08-04T20:48:58.183729+00:00,0
2083415763805929820,menurutmu langkah mana yang paling penting agar harga bbm lebih stabil dalam jangka panjang gt meningkatkan produksi minyak dalam negeri gt membangun lebih banyak kilang gt mempercepat transisi energi gt menata subsidi agar lebih tepat sasaran sekian,0,0,0,Sat Aug 01 04:53:20 +0000 2026,95.1866226575,0.0,0.0,0.0,0.0,angelont_69,2026-08-05T04:04:31.841567+00:00,0
2084456674308567188,kado kemerdekaan dari presiden prabowo bansos beras rp17 5 triliun mulai disalurkan 17 agustus di hari kemerdekaan perhatian tetap ada untuk rakyat yang membutuhkan semoga tepat sasaran dan meringankan beban,0,0,0,Tue Aug 04 01:49:33 +0000 2026,26.23725439388889,0.0,0.0,0.0,0.0,usergreen,2026-08-05T04:03:47.115818+00:00,0
2083602906344022190,demi ketahan pangan warga key memberikan bansos,3,0,2,Sat Aug 01 17:16:58 +0000 2026,82.78683072111112,1.9459101490553128,0.1788212997841811,0.059675249164666,0.0003733048920591,themyosotis_,2026-08-05T04:04:10.590596+00:00,0
2084629268689305867,kesehatan ga bayar subsidi bbm subsidi pendidikan,0,0,1,Tue Aug 04 13:15:22 +0000 2026,14.817071954166666,0.9162907318741552,0.0842034251856289,0.0632228267594478,0.0003954971424415,foolinsights,2026-08-05T04:04:23.459035+00:00,0
2083698698366886110,kalo liat pengalaman bansos ada yg buat judol dan beli rokok ortunya kayanya ide mbg untuk menghindari hal beginian ide lainnya bisa dapur sekolah sih,0,0,0,Sat Aug 01 23:37:37 +0000 2026,76.44266405444445,0.0,0.0,0.0,0.0,lutfi123456,2026-08-05T04:04:10.590596+00:00,0
2084136213041324287,truck sembako kecelakaan barangnya dicuri selama bisa kasih bansos mereka ga peduli meski kemarin diinjek2,1,1,0,Mon Aug 03 04:36:09 +0000 2026,47.462622243333335,1.3862943611198906,0.1273948643822471,0.0412689183420141,0.0002581621245443,staysaferek,2026-08-05T04:03:54.440076+00:00,0
2080284126792544516,gak ada lagi cerita gelap gelapan di pelosok pak prabowo resmi gelontorkan rp10 3 triliun khusus buat program listrik desa bareng pln ratusan ribu rumah bakal langsung merdeka listrik lengkap sama subsidi pasang meteran gratis tenang duit rakyat aman karena diawasi ketat,32,17,9,Thu Jul 23 13:29:20 +0000 2026,302.8674280733333,4.388257184424518,0.4032631485513454,0.1908727117208583,0.0011940246256765,99propaganda,2026-08-05T04:21:22.741064+00:00,0
2084006173024403917,loe sekaya apa sih paling jg umr dpt subsidi listrik subsidi bbm bpjs jauhhh kelas loe boy,0,0,1,Sun Aug 02 19:59:25 +0000 2026,56.08424223833333,0.9162907318741552,0.0842034251856289,0.0175179692466597,0.000109585526835,BattoAjax,2026-08-05T04:04:28.272058+00:00,0
2075423902680129813,prabowo takjub indonesia diperbincangkan pemimpin dunia meski diremehkan pakar dalam negeri presiden ri prabowo subianto mengaku kaget karena indonesia dibicarakan oleh tokoh tokoh dan pemimpin pemimpin dunia karena tak naikan harga bbm subsidi hal itu diungkap prabowo,1,1,0,Fri Jul 10 03:36:32 +0000 2026,624.7405192994444,1.3862943611198906,0.1273948643822471,0.003196213028108,1.999425182396221e-05,pikiran_rakyat,2026-08-05T04:20:57.869478+00:00,0
2064699141620720116,bang kan tinggal pakai bbm subsidi pertalite aja kenapa harga jasa home service ac ikut dinaikin gw harus siap menerima pertanyaan itu beberapa hari kedepan sebagai teknisi ac yang tiap hari keliling ini realita lapangan yang mau gak mau bikin tarif jasa harus,8,0,4,Wed Jun 10 13:20:10 +0000 2026,1335.024997643889,2.70805020110221,0.2488588987919119,0.0089818678701089,5.618703336267116e-05,alfariz220,2026-08-05T04:21:39.991518+00:00,0
2084506552753705313,apbn lagi ngebut banget buat mbg sampai akhir semester i 2026 realisasinya sudah tembus rp101 1 triliun rp98 8 triliun lewat belanja barang k l belanja negara naik karena bansos subsidi energi dan stimulus pemerintah bilang ini buat menjaga daya beli dan ngegas,3,4,4,Tue Aug 04 05:07:45 +0000 2026,22.933512391388888,2.8903717578961645,0.2656135150214424,0.4596065892926658,0.0028751180867657,piala_talk,2026-08-05T04:03:45.644609+00:00,0
2059134497434861641,rp1rb 12 00 subsidi polytron fox 200 electric sepeda motor listrik,0,0,0,Tue May 26 04:48:15 +0000 2026,1703.558407886389,0.0,0.0,0.0,0.0,berburusales,2026-08-05T04:21:45.268391+00:00,0
2084523486601707596,antara antara pemkot ambon wajibkan asn registrasi digitalisasi bansos,0,0,0,Tue Aug 04 06:15:02 +0000 2026,21.81157493222222,0.0,0.0,0.0,0.0,antaranews,2026-08-05T04:03:43.669756+00:00,0
2080258021318619399,apa benar ini razia pajak sampai ke jalan tol,2,0,2,Thu Jul 23 11:45:36 +0000 2026,297.0005064488889,1.791759469228055,0.164655473606283,0.0134227959799996,8.396773326608971e-05,biztechid,2026-08-04T20:45:37.823216+00:00,0
2084819663926841585,pagi open joki tugas ujian pajak auditing brevet abc ppn amp ppnbm akuntansi pajak transfer pricing pph op pph 21 potput sengketa pajak hukum pajak kup a spt badan spt tahunan langsung ke link bio jokitugaskuliah zonauang jokipajak jokitugaskuliah,0,0,0,Wed Aug 05 01:51:56 +0000 2026,2.504335153055556,0.0,0.0,0.0,0.0,yourgirllust,2026-08-05T04:22:11.606551+00:00,0
2044614255627125109,transjakarta mengungkapkan bahwa satu unit bus listrik berpotensi menghemat subsidi bahan bakar minyak bbm hingga rp302 juta per tahun,1,1,0,Thu Apr 16 03:10:00 +0000 2026,2665.1989008233336,1.3862943611198906,0.1273948643822471,0.0007501315822245,4.6925281964021735e-06,mediaindonesia,2026-08-05T04:21:56.042964+00:00,0
2081557595110961592,pemerintah tetap berkomitmen tidak menaikkan harga bbm dan lpg bersubsidi hingga akhir 2026 serta menahan tarif listrik pada kuartal iii 2026 baca selengkapnya di,0,0,0,Mon Jul 27 01:49:38 +0000 2026,218.2506049102778,0.0,0.0,0.0,0.0,KontanNews,2026-08-05T04:04:40.177677+00:00,0
2083081963406242208,sebagai upaya mencegah penyalahgunaan bahan bakar minyak bbm subsidi personel polres kutai timur melaksanakan inspeksi mendadak sidak di sejumlah spbu wilayah kecamatan sangatta utara pada senin 27 7 2026 malam,1,0,0,Fri Jul 31 06:46:56 +0000 2026,117.29432966166668,0.6931471805599453,0.0636974321911235,0.0084534905676383,5.288171273768264e-05,Reskrim_Kutim,2026-08-05T04:04:35.586782+00:00,0
2074373706584129998,gubernur ntt pastikan larangan beli bbm subsidi bagi kendaraan nunggak pajak masih berlaku,1,1,1,Tue Jul 07 06:03:26 +0000 2026,694.2928322944445,1.7047480922384253,0.1566594787568544,0.0043147287885883,2.699124657601467e-05,KompasTV,2026-08-05T04:21:00.196260+00:00,0
2084106737251234166,jadwal pencairan bansos agustus 2026 pkh sembako tahap iii sudah bisa diambil,0,0,0,Mon Aug 03 02:39:01 +0000 2026,49.414844465555554,0.0,0.0,0.0,0.0,KompasTV,2026-08-05T04:03:54.440076+00:00,0
2083814018490515720,4 bulan main efootball mobile lumayan dapat banyak pemain bansos berkualitas tinggi mau invest tapi nanggung mau season baru dan masih baru belajar so far cuma mentok di divisi 3 gimana caranya biar masuk divisi 1 efootball konami,1,0,0,Sun Aug 02 07:15:52 +0000 2026,68.80366518861112,0.6931471805599453,0.0636974321911235,0.0143258953136339,8.961716756222175e-05,Lunaticmos,2026-08-05T04:04:05.194679+00:00,0
2071337765346877702,resmi berubah daftar harga bbm pertamina mulai 1 juli 2026 lengkap subsidi dan non subsidi baca,0,0,0,Sun Jun 28 20:59:41 +0000 2026,895.3581263536112,0.0,0.0,0.0,0.0,tribunpontianak,2026-08-05T04:21:10.254873+00:00,0
2083000583666188358,gini banget beli bbm subsidi hampir setengah jam antrinya belum tentu kualitasnya bagus buat motor kalau beli yg non subsidi cepet antrinya cuma rugi di bensin krn kita orang jalan jauh fee nya mungil dengan kondisi ekonomi yg skrg pilih antre lama atau bayar lebih mahal,0,0,0,Fri Jul 31 01:23:34 +0000 2026,122.68377410611112,0.0,0.0,0.0,0.0,felt1oved,2026-08-05T04:04:35.586782+00:00,0
2075965728809955431,pengawasan distribusi bbm subsidi di jambi diperketat kepala bph migas bersama komisi xii dpr ri ombudsman ri polda jambi pemerintah provinsi jambi pertamina patra niaga dan ditjen gakkum kementerian esdm melakukan inspeksi mendadak ke spbu di kota jambi hasil pengecekan,4,1,1,Sat Jul 11 15:29:33 +0000 2026,588.5888607586111,2.1400661634962708,0.1966634549731571,0.0101765830383564,6.366070164503484e-05,Metro_TV,2026-08-05T04:04:52.898731+00:00,0
2082332999518245121,mending di buat subsidi bbm dipk bpk nya nyari duwit drpd dimakan smp gendut sm org jelek ini fak,1,0,0,Wed Jul 29 05:10:49 +0000 2026,166.89710565027778,0.6931471805599453,0.0636974321911235,0.0059560288197162,3.725857414537651e-05,fuk_min,2026-08-05T04:04:38.580341+00:00,0
2083892871456035210,indo gaada event ka untuk bansos kalo xlm itu untuk region lain ka,1,0,1,Sun Aug 02 12:29:12 +0000 2026,63.580605035000005,1.252762968495368,0.1151238675930576,0.0309690502112218,0.0001937301998417,BitgetWalletID,2026-08-05T04:04:02.178126+00:00,0
2079755276660744678,ga heran sih makin banyak yg pindah ke mobil listrik pajaknya cuma 150 ribu tahun biaya listrik full cuma 170an ribu buat dalkot cukup lah bandingin sama mobil bensin apalagi yg harus isi minimal ron 92 bensin fulltank aja 600 ribu pajak setahun 4 juta makin kerasa pas,980,82,69,Wed Jul 22 02:27:52 +0000 2026,337.89187251777776,7.129698109719828,0.6551905203166081,3.337347666668133,0.0208771346229613,Txtdariiugm,2026-08-05T04:21:22.741064+00:00,0
2072583393607639459,gubernur nusa tenggara timur ntt melki laka lena meneken peraturan gubernur ntt no 13 tahun 2025 pada 24 maret 2025 lalu salah satu poinnya adalah larangan bagi kendaraan bermotor yang belum membayar pajak kendaraan untuk menggunakan bbm subsidi pergub ini sendiri mulai,32,9,11,Thu Jul 02 07:29:22 +0000 2026,812.8620769997221,4.212127597878484,0.3870775494311072,0.0638928898022825,0.0003996887933416,NarasiNewsroom,2026-08-05T04:21:05.477199+00:00,0
2084763815963758824,cara cek bansos pkh dan bpnt agustus 2026 sudah cair atau belum bisa lewat hp,0,0,0,Tue Aug 04 22:10:01 +0000 2026,5.893114650555556,0.0,0.0,0.0,0.0,KompasTV,2026-08-05T04:03:36.212742+00:00,0
2083693723947532433,kalau yang orang berada pada masih support karena udah dapet benefit dari rezim atau bahkan lagi menunggu benefit tapi kalau yang orang kecil mereka nunggu apa bansos hidup sebelum ada rezim mereka aja udah sulit sekarang makin sulit tapi masih dengan senang hati nyebokin,0,0,0,Sat Aug 01 23:17:51 +0000 2026,76.7721084988889,0.0,0.0,0.0,0.0,azzahramelia,2026-08-05T04:04:10.590596+00:00,0
2046099406320209924,harga lpg non subsidi naik ini harga agen ya harga di pengecer bisa lebih mahal bbm naik lpg naik sembako naik listrik akan naik yang turun cuma hujan,105,48,19,Mon Apr 20 05:31:27 +0000 2026,2566.841041886945,5.440250862436703,0.4999371275416944,0.0669823393248703,0.0004190151746588,MurtadhaOne1,2026-08-05T04:21:54.750793+00:00,0
2084454500681810144,coba sekali kali tanpa embel2 ndompleng suatu acara tanpa saweran bansos dll berani gak kramai gak ded anda sehat kan,0,0,0,Tue Aug 04 01:40:54 +0000 2026,26.38142106055556,0.0,0.0,0.0,0.0,saefudin2575,2026-08-05T04:03:47.115818+00:00,0
2048001986390614445,anggaran pemerintah habis total gaji pns tni polri amp operasional macet subsidi bbm amp listrik dipangkas kurs dolar rp20 000 inflasi melaju harga pangan naik demonstrasi besar besaran meledak phk massal semoga itu tidak terjadi makanya hentikan mbg amp jangan plesir aja,25,0,1,Sat Apr 25 11:31:38 +0000 2026,2440.8375381250003,3.3141860046725258,0.3045603361336069,0.0106477190206374,6.660794308051287e-05,Karuchika12,2026-08-05T04:21:53.137250+00:00,1
1278286966124015616,pajak sepeda sudah ada sejak era pemerintah kolonial belanda jepang s d republik doeloe disebut peneng seperti stnk usianya setahun menjadi pemasukan dana bagi pemda setelah lama raib kalau kini diadakan lagi sudah sewajarnya karena memakai fasilitas umum,2,2,0,Wed Jul 01 11:18:56 +0000 2020,53409.49900464195,1.9459101490553128,0.1788212997841811,7.489164255238201e-05,4.68492665393095e-07,yan_widjaya,2026-08-04T20:48:52.416711+00:00,0
1405473556851347461,sepeda cuman bayar ppn sama bea masuk buat sebagian produk import motor mobil kan bayar pajak taunan dilihat dari pemerintah skrg yg bu bgt yaaaaa hahaha,2,0,0,Thu Jun 17 10:33:03 +0000 2021,44986.26219282112,1.0986122886681098,0.1009580414151594,4.44570285568334e-05,2.781056883547464e-07,asuurya,2026-08-04T20:48:46.894156+00:00,0
2083404845076402356,bansos 10 0,2,0,1,Sat Aug 01 04:09:57 +0000 2026,95.9064211225,1.5040773967762742,0.1382186506391953,0.0309577008958743,0.0001936592029879,ranaberry1502,2026-08-05T04:04:20.116041+00:00,0
2084832007939580049,iyalah nanti mau pemilu diberi bansos sbg pengalih money politik,1,0,0,Wed Aug 05 02:40:59 +0000 2026,1.3761218669444444,0.6931471805599453,0.0636974321911235,0.4208538349448979,0.0026326960947122,Jas_Sikumbang,2026-08-05T04:03:33.038721+00:00,0
1974802065110208696,resmi aturan balik nama beli hp bekas diumumkan komdigi alasan perlindungan ponsel hilang lewat,0,0,0,Sun Oct 05 11:41:17 +0000 2025,7281.081426338611,0.0,0.0,0.0,0.0,tribunpontianak,2026-08-04T20:46:10.134819+00:00,0
2084495038760009971,mentan amran sulaiman mengungkap seluruh rantai produksi beras di indonesia mendapat dukungan subsidi dari pemerintah mulai dari pupuk irigasi benih listrik hingga bahan bakar minyak bbm nilai subsidi untuk sektor pangan bahkan mencapai rp160 triliun pada 2026,20,2,1,Tue Aug 04 04:21:59 +0000 2026,23.707210427777778,3.277144732992177,0.3011563925595654,0.9309023399153796,0.0058233589701626,lettachantik,2026-08-05T04:04:24.957540+00:00,0
2084794580076224805,presiden prabowo subianto memerintahkan agar harga bahan bakar minyak bbm bersubsidi tidak dinaikkan di tengah dinamika harga minyak mentah dunia yang masih tinggi,0,0,0,Wed Aug 05 00:12:16 +0000 2026,3.868738620833333,0.0,0.0,0.0,0.0,batamtoday,2026-08-05T04:04:23.459035+00:00,0
2073430982955512178,kepastian hukum kgk ada org mana berani investasi liat aja tuh insentif kendaraan listrik ud 2 bulan digantung kyak dulu subsidi motor listrik di gantung sampe hr ini,3,0,0,Sat Jul 04 15:37:23 +0000 2026,756.7340937861111,1.3862943611198906,0.1273948643822471,0.0039591725179081,2.4767026365706007e-05,Toomboro,2026-08-05T04:21:25.737630+00:00,0
2073561345421934776,akun rasis separatis antek pengusaha sawit malaysia yg sering nyebar konten provokatif kembali nyebar hoaks tidak ada kebijakan resmi nasional atau daerah yg mewajibkan razia tilang pajak kendaraan di spbu atau menolak isi bbm kalau pajak mati pertamina,9,5,3,Sun Jul 05 00:15:24 +0000 2026,740.5221731455556,3.198673117550681,0.2939451673772388,0.022925814784318,0.0001434148819356,kangdede78,2026-08-04T20:46:43.823324+00:00,0
2084134336790753496,nah itu yg blm kedenger kmaren yg di lpg ada yg protes banting2 paket skrg bkn bansos yaa lur lbh pas ke paket,1,0,0,Mon Aug 03 04:28:41 +0000 2026,47.58706668777778,0.6931471805599453,0.0636974321911235,0.0205816088142557,0.0001287504512232,Duren___,2026-08-05T04:03:54.440076+00:00,0
1277968300660584448,beredar hoax yang menyebutkan bahwa kemenhub mau memperlakukan pajak sepeda ini penjelasannya,2,0,0,Tue Jun 30 14:12:41 +0000 2020,53430.604773258056,1.0986122886681098,0.1009580414151594,3.743102997724258e-05,2.341538041468615e-07,Bsuworo,2026-08-04T20:48:58.183729+00:00,1
2083460429897191537,rakyatnya mau aja dibeg in cuma dikasih kaos udah seneng bansos menanti nih gimna mau maju ini neghara klo masynya gak sadar2,0,0,0,Sat Aug 01 07:50:49 +0000 2026,92.22467006888888,0.0,0.0,0.0,0.0,pink78303,2026-08-05T04:04:17.812248+00:00,0
2084617518610886962,aku kalo dikementrian cocokan apa kementrian bansos kementrian keuangan apa kementrian pendidikan,12,0,28,Tue Aug 04 12:28:41 +0000 2026,15.582720258333334,4.007333185232471,0.3682577683247304,2.4121494770979304,0.0150894585742561,makiyantann_,2026-08-05T04:03:38.792930+00:00,0
2083731027277844671,cm bisa bilang rasakanlah efek pilihan bodoh kalian yakin dulu mereka pasti milih 02 karena hak mau belajar ataupun krn sogokan bansos dll nah skrg diminta lagi semua yg sdh dikasih ke mereka tp berkali lipat yg sabar aja toh semua dilakukan oleh org yg kalian puja,74,4,2,Sun Aug 02 01:46:05 +0000 2026,74.30114542444446,4.454347296253507,0.409336563454844,1.062400837982873,0.0066459618635594,dhikaku1,2026-08-05T04:04:09.123528+00:00,0
2083457535814844422,saya selaku emak emak dengan 3 anak pilih tidak ada mbg amp bansos asalkan semua bahan baku murah insyaallah anak anak saya bisa makan bergizi tiap hari,0,0,0,Sat Aug 01 07:39:19 +0000 2026,92.41633673555556,0.0,0.0,0.0,0.0,Endaaahpratiwi,2026-08-05T04:04:17.812248+00:00,0
2074715906392162308,ada barcode siluman dan premanisme pansus dprd kalsel bongkar sengkarut bbm subsidi,0,0,0,Wed Jul 08 04:43:13 +0000 2026,671.629776738889,0.0,0.0,0.0,0.0,GesuriID,2026-08-05T04:21:00.196260+00:00,0
2084058400338678256,di jamin akurat lah emangnya bansos di konoha yg selalu salah sasaran,0,0,0,Sun Aug 02 23:26:57 +0000 2026,52.61685240333333,0.0,0.0,0.0,0.0,OposisiOjol,2026-08-05T04:03:57.668652+00:00,0
2083545541011726420,sulit ya nyari positifnya dulu jokowi hambur2 bansos tapi masih dinikmati oleh rakyat tapi ini bikin seolah olah bansos mbg dan kdmp tapi nyatanya proyek rampok uang rakyat,1,0,0,Sat Aug 01 13:29:02 +0000 2026,86.58614759055556,0.6931471805599453,0.0636974321911235,0.0114173305654994,7.142233026286833e-05,irfanwahidi06,2026-08-05T04:04:12.131326+00:00,1
2070799051310927938,karena para pemimpin sebelumnya suka buat kebohongan karya anak bangsa dibenamkan dan karya negara luar disebarluaskan pakai dana subsidi segala hak cipta batre mobil motor listrik asli anak bangsa tapi dibenamkan dan digunakan gratis oleh negara asing,1,0,0,Sat Jun 27 09:19:02 +0000 2026,931.0403355505556,0.6931471805599453,0.0636974321911235,0.0010729149392545,6.711733946546213e-06,harya101,2026-08-05T04:21:27.207982+00:00,1
2032331148958048472,alva klaim konsumen mulai terbiasa beli motor listrik tanpa subsidi,1,0,0,Fri Mar 13 05:41:19 +0000 2026,3478.680302065833,0.6931471805599453,0.0636974321911235,0.0002873827228916,1.7977533039317228e-06,detikoto,2026-08-05T04:22:08.087437+00:00,0
2084813692613677256,ini tanganku udah gatal bgt mengingat 2 banner selanjutnya gk ketemu caleb dan banner banner itu pada punya bansos kek mending ambil gak sihhh mumpung rate on ketemu multi kalau rate on juga masih gk 100 kaan buat dapat oshi,0,0,1,Wed Aug 05 01:28:12 +0000 2026,2.5896110716666665,0.9162907318741552,0.0842034251856289,0.2785817126242864,0.0017426976446115,ArtsyJul,2026-08-05T04:03:34.599858+00:00,0
2055714959880020217,jokowi itu kopig lho keras kepala bgt ga liat itu woosh jalan terus sampe jonan out terus ikn kertajati subsidi mobil listrik dll,3,0,2,Sat May 16 18:20:14 +0000 2026,1930.0258328894445,1.9459101490553128,0.1788212997841811,0.0025892973127751,1.6197625772578504e-05,madokafc1,2026-08-05T04:21:46.998402+00:00,0
2083428599529627676,nyobain tahayul warga hato dan mintol adek gw yg mencet gachanya dan taraaaa akhirnya gak perlu top up full bansos mancing mania mantap,0,0,0,Sat Aug 01 05:44:21 +0000 2026,94.33308778916668,0.0,0.0,0.0,0.0,takosyakai,2026-08-05T04:04:20.116041+00:00,0
2083405752979578911,pt pertamina patra niaga resmi menurunkan harga bbm nonsubsidi per 1 agustus 2026 penyesuaian ini berlaku untuk pertamax series sementara harga bbm subsidi dan beberapa jenis diesel nonsubsidi tetap,3,0,0,Sat Aug 01 04:13:33 +0000 2026,95.84967821305555,1.3862943611198906,0.1273948643822471,0.0309758385918477,0.0001937726652814,putrapostdaily,2026-08-05T04:04:31.841567+00:00,0
2084814025498747146,kpk baru bongkar dugaan korupsi proyek digitalisasi spbu pertamina niat awalnya biar stok bbm dan penyaluran subsidi bisa dipantau real time yang kejadian proyeknya berjalan 2018 2023 nilai maksimal proyek mencapai rp3 6 triliun pengadaan diduga dibuat berlapis sampai 3 5,1,0,1,Wed Aug 05 01:29:32 +0000 2026,2.580960843055556,1.252762968495368,0.1151238675930576,0.5585093184915821,0.0034938146680918,EmotBatuuuuuu_,2026-08-05T04:04:23.459035+00:00,0
2061757869268357302,mengubah pola pikir subsidi motor listrik bukan beban apbn melainkan solusi efisiensi energi nasional headline,0,0,0,Tue Jun 02 10:32:36 +0000 2026,1529.8187399747223,0.0,0.0,0.0,0.0,kompasiana,2026-08-05T04:21:43.463909+00:00,0
2066762697299943482,beban subsidi energi berpotensi mengalami pembengkakan pada 2027 hal itu diungkapkan menteri energi dan sumber daya mineral esdm bahlil lahadalia saat memaparkan asumsi dasar sektor esdm dalam rancangan anggaran pendapatan dan belanja negara rapbn 2027 pemerintah pun,8,2,1,Tue Jun 16 06:00:00 +0000 2026,1198.3602827794443,2.6741486494265287,0.2457434828317818,0.0091715560019281,5.737364772230743e-05,idx_channel,2026-08-05T04:21:37.018006+00:00,0
2031653465936859400,masa negara memperlakukan warganya seperti ini seorang kakek berusia sekitar 83 tahun di desa orahua kecamatan bawolato kabupaten nias menjadi sorotan setelah didatangi sejumlah petugas dari perusahaan listrik negara pln kedatangan petugas tersebut memicu perhatian warga,3093,2004,368,Wed Mar 11 08:48:27 +0000 2026,3523.5614131769444,8.942983665985647,0.821824154561618,1.5505475318343216,0.0096996156213246,kenhans03,2026-08-05T04:22:08.087437+00:00,0
182316819070189568,wacana penerapan pajak thd sepeda di jateng tidak tepat pajak sepeda sebaiknya disubsidi krn berikan benefit amp penghematan thd pemerintah,0,16,2,Wed Mar 21 04:04:51 +0000 2012,125992.73898012275,3.58351893845611,0.329310947212566,0.0001428642418718,8.937025171682072e-07,B2WIndonesia,2026-08-04T20:49:11.328442+00:00,0
2083044012018274569,ada operasi razia pajak di jalan tol konten palsu fabricated content faktanya foto yang beredar merupakan rekayasa dibuat menggunakan openai sementara pihak ditlantas polda jabar telah memastikan tidak ada operasi pemeriksaan pajak di jalan tol selengkapnya di,0,0,1,Fri Jul 31 04:16:08 +0000 2026,112.49161756,0.9162907318741552,0.0842034251856289,0.0088112234321739,5.511954886322609e-05,TurnBackHoax,2026-08-04T20:45:37.823216+00:00,0
2080484624334249992,operasi pajak kendaraan itu setidaknya melibatkan 3 intansi yaitu dan jasa raharja dan sangat tidak mungkin razia begini dilakukan di jalan tol dan logonya cuma polri aja di plangnya pas check gambarnya ternyata barca bukan real dengan confident,167,66,38,Fri Jul 24 02:46:02 +0000 2026,281.9932842266667,5.877735781779639,0.5401402283636213,0.957619898085424,0.0059904935076528,dwioktariyadi,2026-08-04T20:45:37.823216+00:00,0
2062677240497021428,kebijakan luar biasa benar benar pola pikir tingkat dewa kalau harga barang mahal solusinya bukan kontrol distribusi atau subsidi tapi naikin harga biar rakyat makin terlatih hidup hemat sungguh sebuah pengorbanan yang sangat dipaksakan ke rakyat ditunggu kejutan,3,0,0,Thu Jun 04 23:25:51 +0000 2026,1468.9308104433337,1.3862943611198906,0.1273948643822471,0.0020409123876348,1.2767145327972858e-05,hope_emak,2026-08-05T04:21:41.917596+00:00,0
2084829341746372647,ppn ppnbm pajak daerah 40 50 lebih mahal dari mobil tetangga,0,0,0,Wed Aug 05 02:30:23 +0000 2026,1.8635018197222224,0.0,0.0,0.0,0.0,cepotriow,2026-08-05T04:22:11.606551+00:00,0
2079471438000758866,bahlil siapkan formulasi harga bbm non subsidi yang bijak,0,1,1,Tue Jul 21 07:40:00 +0000 2026,356.41252998916667,1.5040773967762742,0.1382186506391953,0.0055957747202109,3.500496616531378e-05,cnbcindonesia,2026-08-05T04:04:45.107961+00:00,0
2064620586484252988,orang yg memutuskan ke mana rp 3 600 triliun apbn mengalir itu ternyata punya cerita menarik ketua banggar dpr dua periode said abdullah mengusulkan penghapusan subsidi listrik 450 va buat rakyat miskin empat hari kemudian video dia ketawa santai di jet pribadi sambil,938,384,14,Wed Jun 10 08:08:01 +0000 2026,1340.227497643889,7.454719949364001,0.6850587173922196,0.9961024526763192,0.0062312252362808,TxtRabbitHole,2026-08-05T04:21:39.991518+00:00,1
2039301245912137978,bismillahirrahmanirrahim 1 unit terakhir rumah murah cash kpr khusus bulan april booking fee 2 jt all in modal 2 jt udah punya rumah premium dibojongsari harga start 390 jutaan free dp 0 free biaya2 free smartdoorlock free kitchen set subsidi cicilan 500rb,11,5,1,Wed Apr 01 11:18:00 +0000 2026,3017.0668871988887,3.157000421150113,0.2901156145381836,0.00563274461282,3.5236235275423404e-05,Rumahdepok_,2026-08-05T04:22:00.793916+00:00,0
2083320118034202899,harga pertamax turun mulai hari ini 1 agustus 2026 cek daftar lengkap bbm non subsidi pertamina,0,0,0,Fri Jul 31 22:33:17 +0000 2026,101.52119802055556,0.0,0.0,0.0,0.0,gosip_garut,2026-08-05T04:04:33.312874+00:00,0
1300399208059543552,pemerintah menerbitkan aturan baru untuk mengatur tata niaga impor baca selengkapnya di vivacoid impor sepeda pajak,7,2,2,Mon Aug 31 11:45:06 +0000 2020,51945.06135948778,2.70805020110221,0.2488588987919119,0.0002117581143231,1.3246754913738352e-06,VIVAcoid,2026-08-04T20:48:46.894156+00:00,1
2074807670624887161,pemerintah sesukanya tanpa landasan hukum yang jelas untuk mengejar rakyat bayar pajak cuuuiiiiihhhhh,5,0,0,Wed Jul 08 10:47:51 +0000 2026,665.5525545166666,1.791759469228055,0.164655473606283,0.0075012839814643,4.692508278061495e-05,ebonXboy,2026-08-05T04:21:00.196260+00:00,0
2080477009051095529,acara membahas pemanfaatan data survey l2indo diantaranya perilaku masyarakat untuk bertahan di tengah ketidakpastian ekonomi inflasi dan daya beli masyarakat persepsi publik terhadap kebijakan perpajakan dan reformasi subsidi bbm hingga efektivitas layanan pembiayaan,0,0,1,Fri Jul 24 02:15:47 +0000 2026,289.8152056133333,0.9162907318741552,0.0842034251856289,0.0034386097449443,2.151059036432372e-05,BappenasRI,2026-08-05T04:04:41.740208+00:00,0
2038583222582567058,sebenarnya yg lebih ngeri ketersediaan pasokan dan rantai pasok refinery terbesar singapura udah potong kapasitas produksi termasuk malaysia china halt expor produk refinery lalu subsidi listrik salah satu cost terbesar produksi coal itu bahan bakar,67,6,1,Mon Mar 30 11:44:49 +0000 2026,3064.6199427544443,4.400603020246817,0.404397681104011,0.0241386738675477,0.0001510020514151,gedankenpylori,2026-08-05T04:22:00.793916+00:00,0
2082780145656709426,menteri keuangan memastikan harga bbm subsidi tidak akan dinaikkan meskipun harga minyak dunia sedang meningkat pemerintah telah menyiapkan apbn sebagai buffer agar daya beli masyarakat tetap terjaga dan inflasi terkendali prabowo jagaindonesia ekonomistabil viral fyp,1,0,0,Thu Jul 30 10:47:37 +0000 2026,137.28294077277778,0.6931471805599453,0.0636974321911235,0.0072315499975023,4.5237733047231085e-05,Polixnews,2026-08-05T04:04:35.586782+00:00,0
2084718159790313730,teruslah menghambur2kan uang utk hal yg tdk manfaat pdhl masih banyak jalan dan sekolah yg harus di perbaiki rakyat diberi permen bansos agar diam dalam ketololan,0,0,0,Tue Aug 04 19:08:36 +0000 2026,8.916725761666667,0.0,0.0,0.0,0.0,karmakujalani,2026-08-05T04:03:36.212742+00:00,1
2060259346572095784,mau nagih janji prabowo gak plesiran sama sulitnya dengan menagih janjinya pendidikan gratis subsidi listrik subsidi bbm semuanya pret prabowopresidenplesiran prabowopresidenplesiran,6,1,0,Fri May 29 07:18:00 +0000 2026,1629.0620737313889,2.19722457733622,0.2019160828303189,0.0042943149913157,2.686354588780572e-05,BlenkHead3737,2026-08-05T04:21:43.465433+00:00,0
2084778986077626728,beda jumlah bansos ya begini nih kaya anak sekolah satunya makan embege satunya engga,0,0,0,Tue Aug 04 23:10:18 +0000 2026,4.888392428333333,0.0,0.0,0.0,0.0,Bolaplastik_x,2026-08-05T04:03:36.212742+00:00,0
2084805051147759730,menteri dalam negeri muhammad tito karnavian memastikan data kependudukan yang akurat menjadi fondasi utama dalam mewujudkan penyaluran bantuan sosial bansos yang tepat sasaran morningbreakfast kbfm radiokalimaya radioanakmuda radiodewasamuda,0,0,0,Wed Aug 05 00:53:52 +0000 2026,3.161833293888889,0.0,0.0,0.0,0.0,kalimayamalang,2026-08-05T04:03:34.599858+00:00,0
2038553066555736539,tarif listrik pln 1 10 april 2026 untuk 13 golongan non subsidi,1,0,0,Mon Mar 30 09:45:00 +0000 2026,3066.616887198889,0.6931471805599453,0.0636974321911235,0.0003259859483017,2.039239901752245e-06,KompasTV,2026-08-05T04:22:00.793916+00:00,0
2074173931339354515,pemerintah provinsi ntt resmi memberlakukan pergub nomor 13 tahun 2025 yang melarang kendaraan penunggak pajak membeli bbm subsidi bukan berlaku nasional kebijakan ini diterapkan melalui sistem verifikasi stiker di spbu untuk membatasi akses pertalite dan biosolar untuk,2,0,0,Mon Jul 06 16:49:36 +0000 2026,707.52388401,1.0986122886681098,0.1009580414151594,0.0028227700507154,1.7658139410235315e-05,Robbiekurniaw,2026-08-05T04:21:01.982436+00:00,0
2084254270606737456,kok pickup kopdes nya pake bbm subsidi sih,9,4,8,Mon Aug 03 12:25:16 +0000 2026,39.65295887444445,3.4011973816621555,0.3125563309830354,0.5165675655948666,0.0032314435551589,Goo9le_Fiv3,2026-08-05T04:04:26.651948+00:00,0
2082605016473645069,menteri esdm bahlil lahadalia tegaskan bbm dan lpg subsidi aman harga dipastikan tak naik menteri energi dan sumber daya mineral esdm bahlil lahadalia partaigolkar menteriesdm golkarpedia bahlillahadalia,2,1,1,Wed Jul 29 23:11:43 +0000 2026,148.88164321083332,1.871802176901592,0.172011075832509,0.0266877244892047,0.0001669479097147,squadgolkar,2026-08-05T04:04:36.915559+00:00,0
2080470249183556087,wiwi wowo 11 12 sama2 tukang ngibul catet rekam kalau prabowo presiden kesehatan dan sekolah gratis subsidi listrik dan bbm subsidi transportasi 100 omongannya nggedabrus dipaksasehatdinegerisakit dipaksasehatdinegerisakit,12,6,2,Fri Jul 24 01:48:55 +0000 2026,290.2629833911111,3.332204510175204,0.3062161641664282,0.0686664668717747,0.0004295504143253,dancersejati07,2026-08-05T04:04:41.740208+00:00,1
2083394595489264099,udah selesai bansos pun masih dibadutin ya,0,0,1,Sat Aug 01 03:29:13 +0000 2026,96.5857714647222,0.9162907318741552,0.0842034251856289,0.0102473955474288,6.410367685545658e-05,prim4apples,2026-08-05T04:04:21.777273+00:00,0
2083416885149007882,subsidi bbm,1,0,1,Sat Aug 01 04:57:48 +0000 2026,95.11217821305556,1.252762968495368,0.1151238675930576,0.0208090175166618,0.0001301730306392,ipoelamri,2026-08-05T04:04:31.841567+00:00,0
2059428129899515938,yakali ekonomi lagi susah negara malah kasih subsidi buat orang kaya mobil listrik harganya ratusan juta yg beli jelas bukan kaum umr kok malah disubsidi pajaknya,4,0,1,Wed May 27 00:15:03 +0000 2026,1684.1112403980555,1.871802176901592,0.172011075832509,0.0029671631641474,1.8561405946670007e-05,aksaratawa,2026-08-05T04:21:43.465433+00:00,1
2076968628659065341,salah satu motor listrik yg menarik minto klo ada subsidi adalah tyranno rakitan indomobil klaim nya punya tkdn 50 kemarin sempat mau spk di prj tp tunggu kepastian soal subsidi dulu bentuknya semi trail klaim nya battery bisa sampai 120km yg menarik services,153,23,26,Tue Jul 14 09:54:43 +0000 2026,522.4447892122222,5.476463551931511,0.5032649277524525,0.3859050737786643,0.0024140703881188,SmwGwOto,2026-08-05T04:21:24.241164+00:00,0
2084537044467130798,males udahan paling pull tipis tipis make bansos sialan lu zha lisu awasssss,0,0,0,Tue Aug 04 07:08:54 +0000 2026,20.913797154444445,0.0,0.0,0.0,0.0,beelszebul,2026-08-05T04:03:43.669756+00:00,0
2084550294877426069,harga minyak dunia turun harga bbm non subsidi pun ikut terkoreksi menurut menteri esdm bahlil lahadalia perubahan harga tersebut merupakan hal yang wajar karena bbm non subsidi mengikuti pergerakan pasar dan indonesian crude price atau icp,0,0,0,Tue Aug 04 08:01:34 +0000 2026,20.04748820555556,0.0,0.0,0.0,0.0,kiprahbahlil,2026-08-05T04:04:24.957540+00:00,0
2083484789148135802,pada dapet bansos moonpay dari mana deh,0,0,0,Sat Aug 01 09:27:37 +0000 2026,90.61081751055556,0.0,0.0,0.0,0.0,_keikeu_,2026-08-05T04:04:15.943038+00:00,0
2064485910885056921,bangun tidur ada berita pertamina menaikkan harga bbm non subsidi pertamax dan pertamax green pertamax dari rp 12 300 jadi rp 16 250 per liter pertamax green naik jadi rp 17 000 per liter dari rp 12 900 per liter padahal listrik dan pam udah naik,61,9,51,Tue Jun 09 23:12:52 +0000 2026,1349.1466643105557,5.053056009980208,0.4643554811745031,0.0896198933038048,0.0005606268103517,SiPalingDepok,2026-08-05T04:21:39.991518+00:00,0
1277842034733113345,pemerintah lewat kemenhub keluarkan jurus coronamabuk dg menargetkan sepeda kena pajak skp sebentar lagi orang sholat orang bicara orang tidur amp orang mati harus bayar pajak,2,0,3,Tue Jun 30 05:50:56 +0000 2020,53438.96727325805,2.0149030205422647,0.1851614666007883,9.356293154958676e-05,5.852929070556675e-07,Matahari_1912,2026-08-04T20:48:58.183729+00:00,1
2052667695330689060,harga solar mulai turun di spbu bp berlaku 8 mei 2026 sebelum 30 880 sesudah 29 890 begitulah harga bbm non subsidi yang ikuti harga minyak dunia ga heran psst kapan rencana ganti ke mobil listrik kepo greenenergy,6,2,5,Fri May 08 08:31:29 +0000 2026,2131.838697495556,2.917770732084279,0.2681313703188468,0.006095163227892,3.812894428966272e-05,KerjaHasil_id,2026-08-05T04:21:48.310984+00:00,0
2084717607878533434,sambil ada yang sibuk bilang warung politik pemerintah justru membangun koperasi desa merah putih sebagai saluran resmi bansos pupuk bersubsidi dan penyerap hasil petani nelayan ini kerja nyata untuk pangan desa yang kuat jagaindonesia kamibersamapresiden,1,0,0,Tue Aug 04 19:06:24 +0000 2026,8.953392428333332,0.6931471805599453,0.0636974321911235,0.1004682581542147,0.0006284899148412,GudangMesiu1,2026-08-05T04:03:36.212742+00:00,0
1277654373070368768,itu lo baca bong gak usah kau main ancam pakai kata pantau,2,0,0,Mon Jun 29 17:25:14 +0000 2020,53451.39725893861,1.0986122886681098,0.1009580414151594,3.741646965451206e-05,2.340627204935656e-07,Antoniiwiji,2026-08-04T20:49:04.132179+00:00,0
1974073101060309212,komdigi wacanakan jual beli hp second mirip motor bekas bakal ada balik nama,22,8,34,Fri Oct 03 11:24:38 +0000 2025,7329.360741974445,4.499809670330265,0.4135143723981949,0.00873081179123,5.461652525858119e-05,geloraco,2026-08-04T20:46:16.671108+00:00,0
2084442307554934876,prabowo gak ngaca dia bisa jadi presiden a l karena dibantu olh gelontoran bansos hampir rp500 trilyun olh jokowi biaya pemenangan pilpres paling mahal dlm sejarah,2,0,0,Tue Aug 04 00:52:27 +0000 2026,27.18892106055556,1.0986122886681098,0.1009580414151594,0.07094985990076,0.0004438344231924,meliksuman74092,2026-08-05T04:03:47.115818+00:00,0
2070500867586109664,baca di sini menanggapi keluhan terkait kelangkaan dan antrean panjang bahan bakar minyak bbm bersubsidi jenis solar di wilayah sumatera pt pertamina patra niaga angkat bicara da spbu bbm,1,0,1,Fri Jun 26 13:34:09 +0000 2026,950.7841106191668,1.252762968495368,0.1151238675930576,0.0021013168613404,1.3145011961999474e-05,kompascom,2026-08-05T04:21:11.798229+00:00,0
2051437676587601961,kenaikan harga minyak dan pelemahan nilai rupiah terus berlanjut maka beban subsidi energi bbm bbg dan listrik diperkirakan bisa mendekati rp 500 t smtr anggaran dalam apbn 2026 hanya sktr rp 240 t kekurangan ditutupi dari mana ini data jangan dituduh psimis,325,97,35,Mon May 04 23:03:50 +0000 2026,2213.300475210833,6.350012735428395,0.5835405769103328,0.2063857209606961,0.00129106791114,msaid_didu,2026-08-05T04:21:51.710759+00:00,0
2080567913095029132,bos pertamina mendadak ke kantor purbaya bahas teknologi bbm subsidi,0,0,0,Fri Jul 24 08:17:00 +0000 2026,283.79492783555554,0.0,0.0,0.0,0.0,cnbcindonesia,2026-08-05T04:04:41.740208+00:00,0
2084121395219529975,wow keren nderr ingfo bansos dongg,0,0,0,Mon Aug 03 03:37:16 +0000 2026,48.44401113222222,0.0,0.0,0.0,0.0,I_am_bystander_,2026-08-05T04:03:54.440076+00:00,0
2072157925985173734,harga pertamax turbo pertamina dex dan dexlite turun pertamax turbo rp20 650 gt rp19 300 per liter pertamina dex rp24 800 gt rp21 150 per liter dexlite rp23 000 gt rp19 700 per liter meskipun begitu harga harga bbm penugasan dan subsidi belum ada tanda tanda akan,5,2,0,Wed Jul 01 03:18:43 +0000 2026,841.0400011241667,2.302585092994046,0.211598289567876,0.0083131442575823,5.200376141180231e-05,benchsideid,2026-08-05T04:21:07.004047+00:00,0
2034674629483381099,stop mbg bagi yang mampu stop koperasi merah putih stop tunjangan pensiun pejabat pemerintah dpr bisa menghemat triliunan subsidi mobil listrik amp kompor listrik agar gak ketergantungan minyak amp gas import tapi jujurly pesimis sama pejabat2 konaha yang super korup ini,43,8,2,Thu Mar 19 16:53:28 +0000 2026,3323.477294918612,4.143134726391533,0.3807373826145001,0.015942355834708,9.972910892458396e-05,Chandz0109,2026-08-05T04:22:06.261707+00:00,0
1485457238018109441,akhirnya mulai di terima oleh warga kota agats dan bnyk yg menggunakannya pemerintah pun mengeluarkan kebijakan menerapkan penggunaan plat nomor penganti stiker retribusi motor listrik dikategorikan sepeda maka pemiliknya tidak memiliki stnk pajak kendaraan atau sim,9,0,21,Mon Jan 24 03:39:38 +0000 2022,39689.15247059889,3.725693427236653,0.342376209702836,0.0007558549950701,4.728331616487687e-06,termousr,2026-08-04T20:48:46.894156+00:00,0
2084196057282715945,kan emang pekok bertanding ndassmu lah junjunganmu modal malingnya covid dan bansos se abrek,0,0,0,Mon Aug 03 08:33:57 +0000 2026,43.49846103583333,0.0,0.0,0.0,0.0,Dimasjoko12,2026-08-05T04:03:51.459729+00:00,0
2083446923038707858,persis bolo podo karo sek mangan duit bansos duit mbg duit rakyat wes pokoke duite akeh ora duwe isin,0,0,0,Sat Aug 01 06:57:09 +0000 2026,93.11911478833332,0.0,0.0,0.0,0.0,nugrohoadi70440,2026-08-05T04:04:17.813238+00:00,0
2068427257975373845,apaan sih gue gak pake listrik subsidi yaa kocag tapi gue kena dampak dan gaada kompensasi mana beli 100 ribu cuman dapet 67 ribuan lahh secara gak langsung para pengguna listik non subsidi contribute buat anggaran subsidi listrik sisanya dari pajak,2,0,1,Sat Jun 20 20:14:22 +0000 2026,1088.119489156111,1.5040773967762742,0.1382186506391953,0.0027545187005371,1.7231185802703953e-05,andrew_mnhtns,2026-08-05T04:21:32.160962+00:00,0
2077346720560869642,bbm non subsidi otw naik lagi bbm subsidi bertahan tp barang nihil pejabat masih ketawa2 dan joged2 mbg dan kdmp masih jalan cenblu masih harap2 cemas dgn po basically buat wni day as ussual ketua,4,1,0,Wed Jul 15 10:57:08 +0000 2026,497.12826955472224,1.9459101490553128,0.1788212997841811,0.0100375752704609,6.279112371254181e-05,fiif_ardani,2026-08-05T04:04:49.770397+00:00,0
2076444813407486364,untuk trans sendiri kurang lebih 300an miliar untuk subsidi tiket peremajaan armada termasuk transisi ke bus listrik seperti yang sudah di uji coba kemarin,3,1,0,Sun Jul 12 23:13:16 +0000 2026,557.1356225455555,1.791759469228055,0.164655473606283,0.0071667169025276,4.483216270005701e-05,Daymazu_,2026-08-05T04:21:24.241164+00:00,0
2083914866277118324,udah kek antre bansos,0,0,0,Sun Aug 02 13:56:36 +0000 2026,62.12393836833333,0.0,0.0,0.0,0.0,bukalakap,2026-08-05T04:04:02.178126+00:00,0
1278199012458258432,entah siapa yang memulai menyebarkan berita yang mengatakan bila pemerintah melalui kementerian perhubungan berwacana akan mengenakan pajak bagi pemilik sepeda menyusul semakin maraknya masyarakat perkotaan yang hobby bersepeda sepeda dikenakan pajak itu hoax,5,0,3,Wed Jul 01 05:29:27 +0000 2020,53415.32372686417,2.3513752571634776,0.216081909008217,0.0001497669521569,9.368831582872732e-07,gadisresidu_b3,2026-08-04T20:48:52.416711+00:00,0
2072088106715779346,kabar baik buat pengguna bbm non subsidi mulai 1 juli 2026 pt pertamina patra niaga resmi menurunkan harga beberapa jenis bbm termasuk pertamax turbo dexlite dan pertamina dex,15,1,1,Tue Jun 30 22:41:16 +0000 2026,845.6641677908333,2.970414465569701,0.2729691172476684,0.0200787994186141,0.000125605073369,KontanNews,2026-08-05T04:21:07.004047+00:00,0
2073853754227790131,nunggak pajak dilarang beli bbm subsidi negara masih waras,1,0,1,Sun Jul 05 19:37:20 +0000 2026,728.7283284544444,1.252762968495368,0.1151238675930576,0.0027407460037024,1.7145029227285955e-05,kompasiana,2026-08-05T04:21:01.982436+00:00,0
2069318509277143500,harga bbm non subsidi berpotensi turun pada juli 2026 pemicunya adalah penurunan harga minyak dunia jenis brent setelah tensi geopolitik as iran mereda,0,0,1,Tue Jun 23 07:15:53 +0000 2026,1029.0894220744444,0.9162907318741552,0.0842034251856289,0.0009707895048433,6.072877388709751e-06,KontanNews,2026-08-05T04:21:14.919468+00:00,0
2048805289227682069,alasan purn ga mau keluar rumah dinas ya 1 ketilang di jalan pasti di lepas pak coklat gegara alamatnya 2 subsidi listrik sama pdam 3 banyak dapat bantuan dari instansi kek beras dll ya siapa ga betah,5,0,0,Mon Apr 27 16:43:40 +0000 2026,2387.6369825694446,1.791759469228055,0.164655473606283,0.0020932439866276,1.3094511232376264e-05,kejam_duni45770,2026-08-05T04:21:53.137250+00:00,0
2054457364657688694,pemerintah menyiapkan stimulus kendaraan listrik atau electric vehicle ev sebagai salah satu strategi untuk mendorong pertumbuhan ekonomi nasional pada semester ii 2026 menteri keuangan purbaya yudhi sadewa meyakini pertumbuhan ekonomi indonesia dapat melampaui 5 5 pada,2,0,0,Wed May 13 07:03:00 +0000 2026,2005.754270011667,1.0986122886681098,0.1009580414151594,0.0009966342316482,6.234551836412557e-06,akuratco,2026-08-04T20:48:15.372042+00:00,0
1793492626869760294,targetkan 13 juta motor listrik di 2030 pemerintah akan beri subsidi hingga 455 juta dolar as setara rp7 2 triliun untuk menutup disparitas harga pemerintah indonesia memberikan insentif pajak dan subsidi untuk mobil listrik mobil hibrida dan sepeda,0,0,0,Thu May 23 04:02:18 +0000 2024,19288.77020880361,0.0,0.0,0.0,0.0,tvOneNews,2026-08-04T20:48:30.751693+00:00,0
2077705008410435719,baca di sini ketua komisi xii dpr bambang patijaya menyebut antrean panjang di sejumlah spbu dipicu peralihan masyarakat dari bbm non subsidi ke bbm subsidi serta dugaan penyalahgunaan bbm subsidi untuk dijual kembali ke sektor industri iq,11,1,16,Thu Jul 16 10:40:50 +0000 2026,473.3999362213889,3.6375861597263857,0.3342795069315044,0.059021930363273,0.0003692179865489,kompascom,2026-08-05T04:04:49.770397+00:00,0
2031025179732980075,mungkin banget premi bpjs kesehatan naik subsidi bbm dan listrik dicabut sebagian bansos dikurangin inflasi terus naik credit rating turun biaya utang naik,27,2,0,Mon Mar 09 15:11:52 +0000 2026,3565.1716408041666,3.4657359027997265,0.3184871609556177,0.008131969776267,5.087040510180727e-05,majikanpenjabat,2026-08-05T04:22:09.906895+00:00,1
2083601784552218809,dibikin 2028 soalnya emang exit plan dananya buat persiapan pemilu 2029 liat aja nanti tiba tiba banyak bansos rekrutmen cpns dibuka subsidi listrik halah,0,0,0,Sat Aug 01 17:12:31 +0000 2026,82.86099738777779,0.0,0.0,0.0,0.0,lucways,2026-08-05T04:04:10.590596+00:00,1
2083919460923273660,bansos itu om v,0,0,0,Sun Aug 02 14:14:51 +0000 2026,61.81977170166667,0.0,0.0,0.0,0.0,Wisearich,2026-08-05T04:04:02.178126+00:00,0
1748251948971876439,luhut membocorkan pemerintah akan mengerek pajak sepeda motor khususnya motor bermesin bensin apa alasannya,2,2,13,Fri Jan 19 07:52:00 +0000 2024,22284.94388039972,3.277144732992177,0.3011563925595654,0.0007628126540761,4.771855995196798e-06,detikcom,2026-08-04T20:48:37.969439+00:00,0
2041029061158572253,listrik gw gak pake yg subsidi bbm gw pake pertamax turbo gas gw pake bright gas,4,0,3,Mon Apr 06 05:43:43 +0000 2026,2902.6373866116664,2.251291798606496,0.2068846425492573,0.0024107693447798,1.5080825009197785e-05,PramonoUki,2026-08-05T04:21:57.591802+00:00,0
2084718546513211726,pake pilot dulu pemilihan lokasi didukung dengan data2 yg bisa diakses publik akuisisi kerjasama dgn supermarket yg sudah ada berupa skema bagi beban operasional subsidi seperti gratis sewa gedung listrik dll yg harapannya bisa memangkas harga jual barang sampe 30,0,0,0,Tue Aug 04 19:10:08 +0000 2026,9.186083148888889,0.0,0.0,0.0,0.0,linea_rosso,2026-08-05T04:21:17.899336+00:00,0
2079419848149623188,infrastruktur dan baterai jadi kunci adopsi ev di indonesia,0,0,0,Tue Jul 21 04:15:00 +0000 2026,360.1063169622222,0.0,0.0,0.0,0.0,TirtoID,2026-08-05T04:21:22.741064+00:00,0
2077739311957672299,ketua komisi xii dpr ri bambang patijaya menyatakan persediaan bbm nasional masih mencukupi meski antrean terjadi di sejumlah spbu di indonesia berdasarkan laporan bph migas dan pertamina patra niaga antrean antara lain dipicu peralihan konsumsi masyarakat dari bbm non subsidi,0,0,0,Thu Jul 16 12:57:09 +0000 2026,471.1279917769445,0.0,0.0,0.0,0.0,SINDOnews,2026-08-05T04:04:49.770397+00:00,0
2056923679829991685,belanja subsidi dan kompensasi hingga april 2026 melonjak 223 1 menjadi rp153 1 triliun akibat kenaikan harga minyak dunia konflik timur tengah pelemahan rupiah serta meningkatnya kebutuhan bbm lpg listrik dan pupuk subsidi simak selengkapnya,4,2,0,Wed May 20 02:23:15 +0000 2026,1849.9750745530555,2.19722457733622,0.2019160828303189,0.0032415347361977,2.027776660744768e-05,BloombergTZ,2026-08-05T04:21:45.268391+00:00,0
2082749625782698404,antrean solar truk mengular menunggu giliran mengisi bbm jenis subsidi di sejumlah spbu kabupaten tolitoli kini jadi lahan bisnis bbm solar hasil antrean didugaoknum bisa raup keuntungan rp300 ribu per hari baca selengkapnya di,0,0,0,Thu Jul 30 08:46:21 +0000 2026,139.3040518838889,0.0,0.0,0.0,0.0,teraskabar2021,2026-08-05T04:04:35.586782+00:00,0
2040436855204925448,turki resmi menaikkan tarif listrik dan gas rumah tangga hingga sekitar 25 sebagai dampak meningkatnya biaya energi global di tengah konflik geopolitik kebijakan ini mulai berlaku awal april 2026 dan langsung berdampak pada biaya hidup masyarakat kenaikan ini dipicu oleh,0,1,1,Sat Apr 04 14:30:30 +0000 2026,2941.8580644394447,1.5040773967762742,0.1382186506391953,0.0006796114376589,4.251381903365125e-06,SINDOnews,2026-08-05T04:21:59.031982+00:00,0
2084830825598840866,bansos 6juta primoger when,0,0,1,Wed Aug 05 02:36:17 +0000 2026,1.4544552002777775,0.9162907318741552,0.0842034251856289,0.4074223884334198,0.0025486742471229,nicole_reeyn,2026-08-05T04:03:33.038721+00:00,0
2035615061570715861,kalau subsidi pemerintah dihapus di line laporan keuangan maka tarif listrik yg dikenakan sebagai elemen pembentuk pendapatan juga berubah karena business entity diselenggarakan dengan tujuan profit,2,0,2,Sun Mar 22 07:10:25 +0000 2026,3261.1943563705554,1.791759469228055,0.164655473606283,0.0012261685120595,7.670428032528186e-06,BobFoster_,2026-08-05T04:22:04.682934+00:00,0
2083427827769356431,harga sejumlah bbm nonsubsidi mengalami perubahan mulai 1 agustus 2026 dengan pertamax series tercatat mengalami penurunan harga sementara harga bbm subsidi pertalite dan solar tidak mengalami perubahan harga bbm di sejumlah spbu swasta seperti,0,0,0,Sat Aug 01 05:41:17 +0000 2026,94.3869046875,0.0,0.0,0.0,0.0,Serucoid1,2026-08-05T04:04:29.856875+00:00,0
2054838887722446899,buat yg kepikiran beralih ke listrik mending langsung kepoin motor listrik polytron dapet subsidi s d 7 juta biar makin untung cicilan 0 solusi berkendara cerdas kantong ttp aman bumi pun senang noblabladiblibli cekduludiblibli otox,7,0,1,Thu May 14 08:19:02 +0000 2026,1988.0458328894445,2.251291798606496,0.2068846425492573,0.0040220289888335,2.5160231730115948e-05,bliblidotcom,2026-08-05T04:21:46.998402+00:00,0
2084539201274671190,wooww prabowo akan guyur rakyat dg bansos rp 17 5 t memelihara kemiskinan iya tp yg lbh penting adlh membikin rakyat saat di tps nanti ingat siapa pemberi bansos fufufafa siap2 bikin tandingan,2,1,0,Tue Aug 04 07:17:29 +0000 2026,20.77039919638889,1.6094379124341005,0.1479008573767524,0.137801790997825,0.0008620338152599,wansrosadi,2026-08-05T04:03:42.437107+00:00,0
2083848778197631325,harapan begitu tapi lemahnya rakyat daerah dan pinggiran itu hujan bansos sbg senjata menarik hati,1,0,1,Sun Aug 02 09:33:59 +0000 2026,66.50172046638889,1.252762968495368,0.1151238675930576,0.0296288744372946,0.0001853465872112,RayylambeabangR,2026-08-05T04:04:05.193679+00:00,0
2056636515523215654,gw tinggal bertiga sama istri dan anak listrik perbulan 2 000 yen biasa 3500 kalo nyala ac gas 6 000 yen mansion 32 000 aslinya 52 000 tapi subsidi kantor 20 000 sisanya potongan wajib kayak pajak dll 30 000an kasih istri buat bulanan 50 000,33,1,9,Tue May 19 07:22:10 +0000 2026,1868.9936106672224,3.901972669574645,0.3585755615871733,0.0229947309737905,0.0001438459945163,tmdch,2026-08-05T04:21:46.998402+00:00,0
2038063350366748836,krisis energi kek nya bakal panjang gw dah bilang berkali2 guys mulai beralih lah ke kendaraan listrik dan beli power station yang bisa di recharge pake panel surya stock makanan karena kemungkinan harga makanan bakal naik klo oil naik terus jangan bego nimbun bbm di rumah,23,5,2,Sun Mar 29 01:19:02 +0000 2026,3099.050174109167,3.610917912644224,0.3318288025099704,0.0096772627264398,6.0537150126571134e-05,warungdegen,2026-08-05T04:22:02.626793+00:00,0
2060776633112687056,resmi tarif listrik pln rumah tangga subsidi dan non subsidi terbaru per juni 2026 baca,0,0,0,Sat May 30 17:33:31 +0000 2026,1594.8034626202775,0.0,0.0,0.0,0.0,tribunpontianak,2026-08-05T04:21:43.465433+00:00,0
1280146429873229824,2 pajak sepeda kelengkapan wajib lainnya adalah peneng atau tanda lunas pajak sepeda aran pajak sepeda berbeda di tiap wilayah sesuai dengan semangat desentralisasi pemerintahan sejak 1905 pemerintah kolonial menggunakan pajak ini untuk merawat jalan,11,0,1,Mon Jul 06 14:27:47 +0000 2020,53286.35150464194,2.602689685444384,0.2391766920543548,0.0002251941532308,1.4087260671876444e-06,HoldenKlasik,2026-08-04T20:48:52.416711+00:00,0
1974370992915910744,kementerian komunikasi dan digital komdigi kabarnya sedang mengodok aturan baru berpotensi mengubah cara jual beli ponsel bekas di indonesia rencananya setiap transaksi hp seken wajib disertai proses balik nama kepemilikan seperti ketika konsumen jual beli motor atau mobil,0,0,5,Sat Oct 04 07:08:21 +0000 2025,7309.6303152275,2.1400661634962708,0.1966634549731571,0.0006839355547202,4.278431879283393e-06,liputan6dotcom,2026-08-04T20:46:10.134819+00:00,0
2084219517413302331,bansos terhenti akibat naiknya desil dinsos pekanbaru minta warga segera perbarui data,0,0,0,Mon Aug 03 10:07:10 +0000 2026,41.94484992472222,0.0,0.0,0.0,0.0,GoRiauCom,2026-08-05T04:03:51.459729+00:00,0
2084799100810375478,mbg cuma 250t tapi menciptakan rantai pasok ekonomi di desa tumbuh petani happy bansos jokowi 500t cuma jadi judol uangnya lari ke kamboja anak tetap lapar iq setara gorila,0,0,0,Wed Aug 05 00:30:13 +0000 2026,3.5559999605555555,0.0,0.0,0.0,0.0,pramzgaruda,2026-08-05T04:03:34.599858+00:00,1
2064556795688042749,orang kaya tidak terpengaruh harga bbm naik setinggi apapun makanya sudah tepat bbm non subsidi dinaikkan disamping banyak uang mereka juga punya mobil listrik,3,0,0,Wed Jun 10 03:54:32 +0000 2026,1344.4522198661111,1.3862943611198906,0.1273948643822471,0.0022297335837749,1.3948336478914494e-05,wrahardian2,2026-08-05T04:21:39.991518+00:00,0
2084581418420916432,takut kaya bansos salah sasaran taik nya,0,0,0,Tue Aug 04 10:05:14 +0000 2026,17.973972568333334,0.0,0.0,0.0,0.0,jonekpres1,2026-08-05T04:03:40.301246+00:00,0
2083463138381598824,klenik bikin lupa bansos dan amplop cair,5,2,1,Sat Aug 01 08:01:35 +0000 2026,92.04522562444444,2.4423470353692043,0.2244418487671642,0.0859796937060494,0.0005378551531414,woodentrue,2026-08-05T04:04:17.812248+00:00,0
2067094287788236966,menteri energi dan sumber daya mineral esdm bahlil lahadalia mengusulkan penambahan kuota subsidi energi sebagai asumsi dasar sektor esdm untuk rancangan apbn 2027 meningkat baik itu bbm lpg hingga listrik bahlil menyampaikan usulan asumsi makro indonesia crude price,25,2,4,Wed Jun 17 03:57:37 +0000 2026,1176.3995593905554,3.58351893845611,0.329310947212566,0.0263292097850335,0.0001647051827078,kumparan,2026-08-05T04:21:35.413806+00:00,0
2041086824140116076,cukup untuk subsidi bpjs kesehatan rakyat cukup untuk subsidi bbm rakyat tidak mampu cukup untuk bayar subsidi listrik rakyat cukup untuk kesejahteraan guru honorer tinggal keteladanan seorang pemimpin,32,6,0,Mon Apr 06 09:33:15 +0000 2026,2898.811831056111,3.80666248977032,0.3498169402070713,0.0131042985593173,8.197533864833378e-05,Basuki80844076,2026-08-05T04:21:57.591802+00:00,0
2082304844900217317,pemerintah pastikan harga bbm dan lpg subsidi tak naik meski minyak dunia bergejolak cerdasdalammelihat jagaindonesia,1,0,0,Wed Jul 29 03:18:57 +0000 2026,168.76155009472222,0.6931471805599453,0.0636974321911235,0.0058906153922488,3.684937346633871e-05,daaunid,2026-08-05T04:04:38.580341+00:00,0
2051945316509999287,baca di sini asosiasi industri sepeda motor listrik indonesia aismoli menyambut positif rencana pemerintah memberikan subsidi kendaraan listrik termasuk motor listrik sebesar rp 5 juta per unit na aismoli motorlistrik subsidiev,1,0,1,Wed May 06 08:41:01 +0000 2026,2179.680284431111,1.252762968495368,0.1151238675930576,0.000917144991074,5.737298405755919e-06,kompascom,2026-08-05T04:21:50.023952+00:00,0
2069401685563523079,menkeu purbaya optimistis harga pertamax akan segera turun menteri keuangan purbaya yudhi sadewa optimistis harga bahan bakar minyak bbm non subsidi seperti pertamax dan pertamax green 95 yang sempat naik pada 9 juni 2026 akan kembali turun keyakinan tersebut didorong oleh,2,0,0,Tue Jun 23 12:46:24 +0000 2026,1023.5808109633332,1.0986122886681098,0.1009580414151594,0.0019520178189942,1.2211055863486902e-05,mediaindonesia,2026-08-05T04:21:14.919468+00:00,0
1064195097485430784,satu lg manusia super puinter yg paham bgt nikmatnya orba mas sampeyan tau gak kalo dulu punya tv harus bayar pajak televisi punya sepeda bayar pajak spd sampeyan tau ngga kalo sampeyan ngomong jelek dikit aja ttg pemerintah besoknya sampeyan ilang pekok jgn dipelihara ya mas,1,0,0,Sun Nov 18 16:34:17 +0000 2018,67588.24842456722,0.6931471805599453,0.0636974321911235,1.4795252548429313e-05,9.255328185290505e-08,Maknendut,2026-08-04T20:49:11.328442+00:00,0
2083786708030808138,disebutkan akan ada pembagian puluhan juta bansos pada bulan oktober desember 2026 apakah akan efektif mengkatrol elektabilitas prabowo sekaligus partainya yang sudah terlanjur anjlok,0,0,0,Sun Aug 02 05:27:20 +0000 2026,70.61291794166667,0.0,0.0,0.0,0.0,ston3sourr,2026-08-05T04:04:06.504590+00:00,1
2077314402181947818,pemprov jawa barat bersama dprd jabar tengah membahas wacana mengaktifkan kembali spp di sma smk negeri bagi siswa dari keluarga desil 6 10 dalam pembahasan ranperda penyelenggaraan pendidikan idntimesjabar,2,1,0,Wed Jul 15 08:48:42 +0000 2026,491.9394169683333,1.6094379124341005,0.1479008573767524,0.0060859405775471,3.8071251015823214e-05,IDNTimesJabar,2026-08-04T20:45:03.901086+00:00,0
2049076825343902110,utaskompas pemerintah indonesia tengah merancang perluasan basis pajak melalui pengenaan ppn jalan tol dan penyesuaian pajak kendaraan listrik namun wacana ini memicu kekhawatiran besar terhadap efek domino ekonomi melihat besarnya penolakan terhadap ppn tol dan pajak ev,1,0,1,Tue Apr 28 10:42:39 +0000 2026,2369.653530766389,1.252762968495368,0.1151238675930576,0.0008436492191051,5.277537757820448e-06,hariankompas,2026-08-05T04:21:51.710759+00:00,0
2067858582641709551,kalau dalam 1 minggu udah 4x mati listrik dan matinya 2x di jam kerja dan 2x juga di jam primetime itu apakah pertanda negara baik baik saja aku bayar listrik ga sedikit lho aku juga bukan penerima subsidi listrik kok gaada pemberitahuan gitu mau mati dari jam berapa,2,0,0,Fri Jun 19 06:34:39 +0000 2026,1125.7823371683332,1.0986122886681098,0.1009580414151594,0.0017749657001423,1.1103487431983848e-05,feliciaclrssa,2026-08-05T04:21:35.413806+00:00,0
1832549291141034011,bensin murah tapi sedikit sekali yang mampu beli karena daya beli yang rendah pns diberi jatah beras tapi kualitasnya sangat buruk sepeda ditarik pajak tv ditarik pajak judi dilegalkan melalui porkas dan sdsb mengkritik pemerintah langsung dicap pki dan diciduk aparat,62,2,15,Sat Sep 07 22:39:32 +0000 2024,16702.147565521667,4.4942386252808095,0.4130024158120269,0.0047296474924923,2.9586814824867987e-05,dayhan_idea,2026-08-04T20:48:23.235878+00:00,0
2051709256286474428,menperin tegaskan insentif kendaraan listrik penting tekan anggaran subsidi bbm,0,0,0,Tue May 05 17:03:00 +0000 2026,2195.3138955422223,0.0,0.0,0.0,0.0,RadioElshinta,2026-08-05T04:21:50.023952+00:00,0
2083549270184272137,pengambilan bansos uang bantuan nanti tu lewat kopdes,1,0,0,Sat Aug 01 13:43:51 +0000 2026,86.3392031461111,0.6931471805599453,0.0636974321911235,0.0114496121326763,7.162427105271257e-05,soyoung_ana,2026-08-05T04:04:12.131326+00:00,0
2051867931072745487,kamu pake listrik prabayar atau pasca bayar nder kalau pasca bayar itu ada yang namanya biaya abonemen ini tuh biaya tetap yg harus dibayarkan tiap bulan terlepas berapa besaran listrik yg kepake pokoknya asal listriknya nyambung itu tiap bulan kamu harus bayar biaya ini,130,3,8,Wed May 06 03:33:31 +0000 2026,2184.805284431111,5.003946305945459,0.4598424973084322,0.0645071182709201,0.000403531165102,Kiyubery,2026-08-05T04:21:50.023952+00:00,0
2031689781206475212,alva klaim penjualan motor listrik naik meski tanpa subsidi,0,0,0,Wed Mar 11 11:12:45 +0000 2026,3521.1564131769446,0.0,0.0,0.0,0.0,detikoto,2026-08-05T04:22:08.087437+00:00,0
1277810618897068033,siap siap pemerintah akan memungut pajak dari sepeda,1,0,5,Tue Jun 30 03:46:06 +0000 2020,53441.04782881361,2.251291798606496,0.2068846425492573,0.0001122711468546,7.023241451790594e-07,abbeeiiyy__,2026-08-04T20:48:58.183729+00:00,0
2084085594272239830,ngantrinya lebih lebih ngantri bansos,1,0,1,Mon Aug 03 01:15:00 +0000 2026,50.81601907,1.252762968495368,0.1151238675930576,0.0385981022065422,0.0002414545490734,avocadocreama,2026-08-05T04:03:57.668652+00:00,0
1974487344934985978,gimana menurut kamu aturan balik nama hp second ini bakal bikin transaksi lebih aman atau justru ribet baca selengkapnya di,0,0,0,Sat Oct 04 14:50:41 +0000 2025,7301.924759671945,0.0,0.0,0.0,0.0,inilahdotcom,2026-08-04T20:46:10.134819+00:00,0
2083782919022387569,15rbu sehari 75rbu seminggu 300rbu sebulan per anak yg punya 2 anak 600rbu sebulan padahal kalo diturunin harga sembako dan bbm dengan bugdet segitu rakyat juga ga susah2 bgt jadinya masih bisa ngasih subsidi buat sasaran yg lebih tepat,0,0,0,Sun Aug 02 05:12:17 +0000 2026,70.86979779388889,0.0,0.0,0.0,0.0,0taknangka,2026-08-05T04:04:28.272058+00:00,0
2084490382147260713,pak rt bagi bagi bansos ke warga,24,6,0,Tue Aug 04 04:03:29 +0000 2026,24.0046235025,3.610917912644224,0.3318288025099704,1.1997781129158196,0.0075053400732543,mqenatap,2026-08-05T04:03:45.644609+00:00,0
2082370543001723339,rakyat bbm non subsidi naik kok diam2 kmp harga bbm subsidi tetap sama kok gw pasti bbm subsidi bakal langka kan,0,0,0,Wed Jul 29 07:40:00 +0000 2026,164.4107167613889,0.0,0.0,0.0,0.0,JLAPS15,2026-08-05T04:04:38.580341+00:00,1
2084578148767686915,aku top up monthly pass sama event pass aja sih karena kan waktu itu dikasih bansos lumayan ya tapi jadinya mode hemat karena harus nunggu event pass nya sampai lv 60 dulu,0,0,1,Tue Aug 04 09:52:14 +0000 2026,18.190639235,0.9162907318741552,0.0842034251856289,0.0521087384195204,0.0003259717762947,linabluu,2026-08-05T04:03:40.301246+00:00,0
2066616080165126541,kompor listrik bukan solusi nanti giliran ada kompor listrik eh biaya tagihan listrik ikut naik ya sama aja kecuali anggaran itu buat subsidi listrik masak udah bbm di naikin mau bikin gebrakan bagi kompor listrik ya tmbah beban lagi lah meski kompor gratis tagihan naik,6,0,0,Mon Jun 15 20:17:24 +0000 2026,1208.0702827794444,1.9459101490553128,0.1788212997841811,0.0049624906719293,3.1043390192095825e-05,dianoztra,2026-08-05T04:21:37.018006+00:00,1
2079528061846933890,menteri esdm bahlil lahadalia menyatakan pemerintah masih mengkaji kemungkinan penyesuaian harga bbm non subsidi seiring turunnya harga minyak mentah indonesia icp pada juni 2026 yang dipatok sebesar usd83 45 per barel turun dibandingkan icp mei 2026 yang berada pada level,2,0,0,Tue Jul 21 11:25:00 +0000 2026,352.66252998916667,1.0986122886681098,0.1009580414151594,0.0056551085580405,3.537613532231762e-05,akuratco,2026-08-05T04:04:45.107961+00:00,0
2077232513165005267,kenapa kok belanja di online shop bisa lebih murah berikut penjelasan nya 1 biaya operasional yang rendah toko online beroperasi tanpa sewa lokasi strategis seperti ruko atau mall tagihan listrik skala komersial dan kebutuhan pegawai jaga toko 2 subsidi dari platform,35,1,0,Wed Jul 15 03:23:18 +0000 2026,504.96840032333336,3.6375861597263857,0.3342795069315044,0.0711506884164991,0.000445090727413,jhwnxme38,2026-08-05T04:21:24.241164+00:00,0
2083379249801810334,jateng jatim dan sumut mayoritas owimania popularitas pak uban ditopang ini mulai drop setelah manuver mul pake parcok ngumpulin kades dan guyuran bansos ratusan t plus pengkondisian survei dan kpu makanya eneq sama narasi whitewashing mul he is as guilty as ham bandit,4,1,0,Sat Aug 01 02:28:15 +0000 2026,97.60188257583332,1.9459101490553128,0.1788212997841811,0.0507089709585876,0.0003172153815041,Ikhwanazis89,2026-08-05T04:04:21.777273+00:00,0
2083724321869156355,kalo lgsg ke rekening bukan mbg jadinya malah jd bansos ga ada efek ke tenaga kerja juga udah lah mending dihapus aja nanti kalo lgsg ke rekening ada nama2 hantu jg mana ada yg tau wkwkwk,0,0,0,Sun Aug 02 01:19:26 +0000 2026,74.74531209111112,0.0,0.0,0.0,0.0,dewdewdwi,2026-08-05T04:04:09.123528+00:00,0
2055900710081110037,harapan yuk pak prabowo aspirasi grassroots bukan sekadar komplain struktur masalah rekomendasi kebijakan untuk pemerintah subsidi langsung ke umkm pasar tradisional modal murah listrik air revitalisasi pasar tradisional atasi parkir kebersihan,4,8,0,Sun May 17 06:38:20 +0000 2026,1917.724166222778,3.044522437723423,0.2797793411993406,0.0062541558663032,3.9123539713245055e-05,Rahadi0816,2026-08-05T04:21:46.998402+00:00,0
1277808464329244673,anda kan anggota dpr bisa minta klarifikasi ke lembaga terkait bukan sebar hal2 seperti lah,3,1,2,Tue Jun 30 03:37:33 +0000 2020,53441.19198116083,2.19722457733622,0.2019160828303189,0.0001122708440199,7.023222507643604e-07,kangngabei,2026-08-04T20:49:04.132179+00:00,0
2045418484126150736,khan beritanya ga naik 1 april doang duit2 subsidi mana cukup kalau yg punya minyak naikin harga tetap utamakan mbg pangkas anggaran lain beli motor listrik alat makan dapur mobil operational apapun masalah yg lain mbg tetap prioritas hidup mbg,2,0,2,Sat Apr 18 08:25:43 +0000 2026,2611.936956378889,1.791759469228055,0.164655473606283,0.0015308444355057,9.576360798745414e-06,Shinx_Jr,2026-08-05T04:21:56.042964+00:00,0
2062495136127558087,kencangkan sabuk pengaman guys harga harga pangan strategis mulai naik tunggu waktu aja berikutnya bisa jadi bensin listrik dan segala barang subsidi pelan pelan akan dinaikkan dollar sudah 18 ribu lampu merah untuk pemerintah waktu makin terbatas untuk memperbaiki,580,245,27,Thu Jun 04 11:22:14 +0000 2026,1480.991088221111,7.013465733404251,0.6445092334032088,0.574902242511247,0.0035963623543999,abulmuzaffar10,2026-08-05T04:21:41.917596+00:00,0
2061794419083551058,cara self audit penggunaan listrik berapa daya terpasang di rumah lalu cek tdl subsidi 450 va rp 415 kwh 900 va rp 586 kwh nonsubsidi 900 va rp 1 352 kwh 1 300 va amp 2 200 va rp 1 444 7 kwh 3 500 va ke atas rp 1 699 53 kwh hitung pemakaian khususnya yg berdaya,1421,441,18,Tue Jun 02 12:57:50 +0000 2026,1527.398184419167,7.754052639035757,0.7125661851244705,1.2300459521380886,0.0076946837728935,mcitraningrum,2026-08-05T04:21:43.463909+00:00,0
2073193932843041126,anggaran asn itu udah ngabisin 25 apbn anggaran mbg cuma 7 anggaran subsidi bbm listrik dan transportasi publik 8 trus kalian malah minta asn gajinya di tambah klo tukin yang naik yang dapat manfaat asn yang kerja klo gapok yang naik yang senang asn yang main zuma,2,1,1,Fri Jul 03 23:55:26 +0000 2026,772.4270938269444,1.871802176901592,0.172011075832509,0.0051717867552426,3.235266418564173e-05,about_ftp,2026-08-05T04:21:03.537777+00:00,0
2084014400575553730,main efootball ngejar divisi 1 susah banget bjir ketemu pemain bagus emg game pay to win w pake pemain bansos aja susah banget,0,0,0,Sun Aug 02 20:32:06 +0000 2026,55.53162915527778,0.0,0.0,0.0,0.0,signaturepaa,2026-08-05T04:03:59.864959+00:00,0
1976940399651639588,mulai 5 kebijakan konyol komdigi live tiktok dihapus sim card wajib pakai wajah hp bekas harus ada surat balik nama satu orang cuma boleh punya satu akun medsos game diblokir kalau nggak ikut aturan igrs semntara judol tak tersentuh cuy,433,246,81,Sat Oct 11 09:18:15 +0000 2025,7139.4653152275005,6.9541616517962925,0.639059427326196,0.1064356405988348,0.0006658195127993,KangManto123,2026-08-04T20:46:10.134819+00:00,0
2073722678406717896,jgnkan ama singapore habis liat tiktok mas mas iran di sana umr mirip2 indo tapi byk subsidi mulai dari bbm sampe harga roti masa indon kalah sm negara konservatif yg diboikot aseng najisnya ini negara taunya pajak dan korup doang cuih,74,5,0,Sun Jul 05 10:56:29 +0000 2026,737.4095938269445,4.442651256490317,0.4082617445410331,0.1069866922916966,0.0006692666754941,Szmolnokite,2026-08-05T04:21:03.537777+00:00,0
2068308107709784075,mbg dihentikan ganti subsidi listrik jangan naikkan tarip listrik sudah cukup dengar nih bisa tercengang,6,0,0,Sat Jun 20 12:20:54 +0000 2026,1096.011013755,1.9459101490553128,0.1788212997841811,0.0054694072573276,3.421446101029982e-05,akuntandigital,2026-08-05T04:21:33.649518+00:00,0
2062789259657191579,anggaran subsidi dan kompensasi listrik 2027 dirancang sebesar rp274 02 triliun naik 11 58 dibandingkan alokasi tahun 2026 simak selengkapnya,11,7,0,Fri Jun 05 06:50:58 +0000 2026,1461.5121993322225,3.258096538021482,0.2994059402147561,0.0123075896448718,7.69914409776431e-05,BloombergTZ,2026-08-05T04:21:41.917596+00:00,0
2084679910090785132,kalau dianalisa ekonomi ri memang tumbuh tapi dengan infus jadi ekonomi ri tumbuh itu kemungkinan karena belanja negara untuk subsidi dan pemberian bansos kerakyat bukan karena ekonomi rakyat indonsia lagi sejahtera kalau infus dicabut disitu kelihatan aslinya ekonomi indonsia,0,0,0,Tue Aug 04 16:36:36 +0000 2026,11.450448963333333,0.0,0.0,0.0,0.0,Maikel_USMC,2026-08-05T04:03:37.616268+00:00,0
2080200477766209567,panutan banget nih mobil mewah isi bbm subsidi main hp sesuai panduan kalau orang kaya bebas ngapain aja,2,0,1,Thu Jul 23 07:56:56 +0000 2026,308.12937228,1.5040773967762742,0.1382186506391953,0.0097046747058467,6.070862869024477e-05,CitizensdcVAL,2026-08-05T04:04:41.740208+00:00,0
2084843441910104376,kapan bansos dogs nih,0,0,0,Wed Aug 05 03:26:25 +0000 2026,0.6188996447222221,0.0,0.0,0.0,0.0,budiyantoa701,2026-08-05T04:03:33.038721+00:00,0
2079723725717659862,double whammy for sure rising crude langsung tekan subsidi bbm sementara crack spread yang melebar bikin cost refining makin mahal pertamina pasti pusing dan defisit energi bisa makin melebar di h2,2,0,0,Wed Jul 22 00:22:30 +0000 2026,339.7037410763889,1.0986122886681098,0.1009580414151594,0.0058702026390475,3.672167930942927e-05,yudisxtira,2026-08-05T04:04:43.467875+00:00,0
2083545541653442973,pendamping pkh bantul dibebani target luluskan 24 kpm dari bansos,0,0,0,Sat Aug 01 13:29:02 +0000 2026,86.58614759055556,0.0,0.0,0.0,0.0,abraham45905062,2026-08-05T04:04:12.131326+00:00,0
2035582858610593939,fucking idiot 1 pln dan pertamina memiliki amanat pso pemerintah secara hukum mewajibkan mereka untuk menjual listrik dan bahan bakar ke publik dengan harga jauh di bawah harga pasar yang sebenarnya subsidi bertindak sebagai kompensasi atas sisa tagihan konsumen,28,3,6,Sun Mar 22 05:02:27 +0000 2026,3263.327134148333,3.784189633918261,0.3477517753302251,0.0113346482994736,7.090510252061244e-05,aldoalemong,2026-08-05T04:22:04.682934+00:00,0
2069224040829694317,purbaya optimistis pertamax segera turun usai as iran damai menteri keuangan purbaya yudhi sadewa optimistis harga bbm non subsidi seperti pertamax akan segera turun hal ini dipicu oleh meredanya harga minyak dunia setelah tercapainya kesepakatan damai antara amerika serikat,2,0,0,Tue Jun 23 01:00:30 +0000 2026,1035.3458109633334,1.0986122886681098,0.1009580414151594,0.0019298577548558,1.2072431216468371e-05,SINDOnews,2026-08-05T04:21:14.919468+00:00,0
2084139816183374071,gak cuma wacana bukti nyatanya berasa banget pas ribuan paket bansos disalurin jelang hari bhayangkara ini baru contoh nyata polri yang terdepan laksanakan pengabdian buat bantu warga yang lagi butuh mengabdimelayaninegeri,0,0,0,Mon Aug 03 04:50:28 +0000 2026,47.22401113222222,0.0,0.0,0.0,0.0,BuLan5_4,2026-08-05T04:03:54.440076+00:00,0
2083188786830483858,duit lagi duit lagi gua kira apbn udah menipis ternyata masih banyak ya diliat2 dari banyaknya rencana program baru drpd apbn yg banyak itu dipake buat ngebiayain program2 baru mendingan dipake buat subsidi bahan bakar sama listrik atau gak kurangin pajak aja dahhh,0,0,0,Fri Jul 31 13:51:25 +0000 2026,110.49844634555556,0.0,0.0,0.0,0.0,hobiyappinggg,2026-08-05T04:21:19.406844+00:00,0
2038166267811577886,tarif listrik per kwh april 2026 ini daftar lengkap per golongan pelanggan subsidi dan non subsidi,6,1,0,Sun Mar 29 08:08:00 +0000 2026,3092.234062998056,2.19722457733622,0.2019160828303189,0.0022630036581245,1.4156460980910395e-05,KompasTV,2026-08-05T04:22:02.626793+00:00,0
2079768518762131586,bukannya regulasinya mau diubah yah jadi mobil motor sepeda listrik sdh nggak ada subsidi utk pajak,10,1,0,Wed Jul 22 03:20:29 +0000 2026,337.0149280733333,2.5649493574615367,0.2357085080236325,0.0325429414100122,0.0002035758442638,PutuSambernyawa,2026-08-05T04:21:22.741064+00:00,1
2084125132126404620,yaannnkkkk aku juga tabungan pas pasan ini buat new myth ayel beneran bingung mau gimana naksir banget tapi galau banget juga mana kagak ada bansos lagi buat solo gini,0,0,1,Mon Aug 03 03:52:07 +0000 2026,48.19651113222222,0.9162907318741552,0.0842034251856289,0.0203266446539748,0.0001271554956987,nozumi21_,2026-08-05T04:03:54.440076+00:00,0
2039271995112841613,guys serius nih seskab teddy indra wijaya baru aja ngajak masyarakat dan pengusaha ikutan wfh tiap jumat hemat listrik bijak pakai bbm dan ikut gerakan car free day kedengarannya keren kan tapi kenyataannya kebijakan ini kayak cuma dibuat buat asn dan kantong,742,189,184,Wed Apr 01 09:21:46 +0000 2026,3019.004109421111,7.242082359256962,0.6655181798887916,0.369204795623185,0.0023096000152011,LambeSahamjja,2026-08-05T04:22:00.793916+00:00,0
2051820799989108861,buat kalian penganut teori konspirasi black out pemadaman listrik total dan blablabla jangan mudah terkecoh elektrikfikasi perlu di lakukan segera sudah terlambat untuk indonesia bbm makin mahal percayalah ini masih permulaan lambat laun mungkin pertamax dan pertalite akan,2,0,1,Wed May 06 00:26:14 +0000 2026,2187.92667332,1.5040773967762742,0.1382186506391953,0.0013705347175699,8.57352624358625e-06,Otniel12_,2026-08-05T04:21:50.023952+00:00,0
2041363390699122847,harus ada yg berani ambil posisi cabut subsidi bbm atur ulang kontrak pembangkit listrik swasta karena produksi listrik kita berlebihan stop ambil hutang reorganisasi pemda yg pad nya sedikit,5,0,1,Tue Apr 07 03:52:13 +0000 2026,2880.495719945,2.0149030205422647,0.1851614666007883,0.0020822519216216,1.3025749196221728e-05,satwikakarma,2026-08-05T04:21:57.591802+00:00,0
2084524579368931732,banyak juga yg kena scam konami yaa emang bener bansos adalah mitos,0,0,0,Tue Aug 04 06:19:22 +0000 2026,21.73935271,0.0,0.0,0.0,0.0,2Fawz_,2026-08-05T04:03:43.669756+00:00,0
2084208304948162618,strategi id pt pertamina patra niaga resmi menyesuaikan harga tiga jenis bbm non subsidi yang berlaku mulai 1 agustus 2026 strategiid pertamina pertamax bbm mypertamina,0,0,0,Mon Aug 03 09:22:37 +0000 2026,42.69712582444445,0.0,0.0,0.0,0.0,strategi_id,2026-08-05T04:04:26.652968+00:00,0
2084819601112863182,pen joki tugas ujian pajak brevet ab ppn kup a pph op spt badan auditing akuntansi pajak rekonsiliasi potput asp manajemen sia makalah resume ppt msdm pbb langsung ke link bio jokitugas zonauang zonajajan jokitugaskuliah jokitugasmurah,0,0,0,Wed Aug 05 01:51:41 +0000 2026,2.5085018197222224,0.0,0.0,0.0,0.0,yourgirllust,2026-08-05T04:22:11.606551+00:00,0
2084819110794588498,open joki tugas ujian pajak akuntansi ppn pemeriksaan pajak pajak inter pph 21 spt badan etika bisnis kup a brevet ab akuntansi pajak manajemen auditing manajemen strategi langsung ke link bio zonajajan zonauang jokitugas jokitugaskuliah jokitugasmurah,0,0,0,Wed Aug 05 01:49:44 +0000 2026,2.5410018197222226,0.0,0.0,0.0,0.0,yourgirllust,2026-08-05T04:22:11.606551+00:00,0
2073248319766401032,kalo itu rasia tunggakan pajak kendaraan bermotor roda 2 dan 4 ya udah selayaknya lah krn gunain subsidi negara bbm menyumbang polusi kerusakan jalan bikin macet dan kalo laka jg minta santunan jasa raharja jadi selayaknya pemilik kendaraan bermotor hrs bayar pajak dong,2,0,0,Sat Jul 04 03:31:33 +0000 2026,768.8251493825001,1.0986122886681098,0.1009580414151594,0.002597992546235,1.625201973378708e-05,Darmaningtyas,2026-08-05T04:21:03.537777+00:00,0
2035581076207501633,ok cabut subsidi listrik dan bbm wong ko koplak bener demi benerin opini koplaknya apa aja di cari celahnya,10,1,0,Sun Mar 22 04:55:22 +0000 2026,3263.445189703889,2.5649493574615367,0.2357085080236325,0.0033696384410723,2.107913300959929e-05,polisiolahraga,2026-08-05T04:22:04.682934+00:00,0
2084830242666140027,open buat joki tugas ujian pajak akuntansi ppn pemeriksaan pajak pajak inter pph 21 spt badan etika bisnis brevet ab akuntansi pajak manajemen pajak msdm pbb kewirausahaan langsung ke link bio zonajajan zonauang jokitugas jokitugaskuliah jokitugasmurah,1,0,0,Wed Aug 05 02:33:58 +0000 2026,1.8037795975,0.6931471805599453,0.0636974321911235,0.3566614155020079,0.002231133561726,yourgirllust,2026-08-05T04:22:11.606551+00:00,0
2084470809670885550,pastikan makanan sak emplokan yg harus dibagi dgn rata dan merata hingga adil bukann bansos yg dikorupsi perbuatan ini sangat keji sekali slogan dgn menatasnamakan orang cirik namun bagian orang ciki diembat oleh kubu loe partai loe pdi p khan partainya stop sok suci,1,0,0,Tue Aug 04 02:45:43 +0000 2026,25.30073461361111,0.6931471805599453,0.0636974321911235,0.038021751661738,0.0002378491267094,WahyuDj99,2026-08-05T04:03:45.644609+00:00,0
2063395992809148570,lo gak bakal siap kalo di pimpin ala china 4 dari gdp kita itu 900t masuk ke kantong konglo sementara di china ngak ada yang namanya subsidi listrik subsidi bbm buat rakyat,4,0,0,Sat Jun 06 23:01:55 +0000 2026,1421.3296993322224,1.6094379124341005,0.1479008573767524,0.002812287475877,1.7592564544217754e-05,drownedmantis,2026-08-05T04:21:41.917596+00:00,0
2031134130193445327,1 jalan2 dan infrastruktur rusak parah 2 bbm dan gas naik bahkan mungkin listrik tarif toll parkir dsb 3 apa sj dipajakin 4 subsidi dipangkas 5 honorer dan pppk di stop 6 dst isi sendiri,6,1,0,Mon Mar 09 22:24:47 +0000 2026,3557.956363026389,2.19722457733622,0.2019160828303189,0.0019668687350938,1.2303957354626949e-05,GITAMAGAGITA,2026-08-05T04:22:09.906895+00:00,1
2080664981528584564,purbaya jamin bbm subsidi tak naik saat minyak us 100 lagi pertamax,0,1,0,Fri Jul 24 14:42:43 +0000 2026,277.3658826880556,1.0986122886681098,0.1009580414151594,0.0035923942630592,2.247260583537528e-05,cnbcindonesia,2026-08-05T04:04:40.177677+00:00,0
2078027255670858021,yang dananya ada jd beli bbm mahal banget katanya subsidi buat yg miskin yang miskin malah motor motor dan ojol beli bbm ampe antri antri keluar pom bensin,2,0,0,Fri Jul 17 08:01:20 +0000 2026,452.0578573152778,1.0986122886681098,0.1009580414151594,0.0044144472228151,2.761504588722664e-05,Marimar_Aauw,2026-08-05T04:04:48.286335+00:00,0
2044671788723089508,keinginan pemerintah untuk mengonversi hingga 120 juta sepeda motor berbahan bakar bensin menjadi motor listrik menuai beragam tanggapan dari pelaku industri baca selengkapnya na motorlistrik konversimotor,6,1,3,Thu Apr 16 06:58:37 +0000 2026,2661.3886230455555,2.602689685444384,0.2391766920543548,0.0037560256656148,2.349621954329524e-05,kompascom,2026-08-05T04:21:56.042964+00:00,0
1975891343781089326,komdigi memastikan tidak akan ada kebijakan balik nama kepemilikan ponsel bekas aturan yang sedang dikaji adalah layanan blokir imei untuk hp yang hilang ekonomi adadikompas,1,1,0,Wed Oct 08 11:49:41 +0000 2025,7208.941426338612,1.3862943611198906,0.1273948643822471,0.0002773947639427,1.7352725604157207e-06,hariankompas,2026-08-04T20:46:10.134819+00:00,0
2036664342012428350,negara ini tenang dia ribut negara ini nggak tenang dia ribut juga bensin nggak naik ribut bensin naik ribut ihsg turun indonesia gelap rupiah melemah indonesia gelap motor mobil mau jadi listrik ribut subsidi motor mobil tetap bensin ribut go green negara lain panik dia,520,168,44,Wed Mar 25 04:39:53 +0000 2026,3191.7026741091668,6.827629234502852,0.6274316081608393,0.2292728370656199,0.0014342407093552,marvelle_danny,2026-08-05T04:22:02.626793+00:00,0
2084648240272875938,ga ada orang indonesia yang tinggal di indonesia yang ga bayar pajak ya guys bahkan walau dia pengemis dan penerima bansos,0,0,0,Tue Aug 04 14:30:46 +0000 2026,13.547671185555554,0.0,0.0,0.0,0.0,about_ftp,2026-08-05T04:03:37.616268+00:00,0
2035598437912354827,kalo subsidi dan kompensasi do lk diilangin ya dia ga ada pso buat jual listrik murah wkkwk gimana sih ya gpp juga ntar keran yg jual listrik dibagi ke swasta sehingga lebih competitivive pertanyannya harganya brp,2,0,0,Sun Mar 22 06:04:21 +0000 2026,3262.2954674816665,1.0986122886681098,0.1009580414151594,0.0006128773872699,3.833919926651651e-06,BobFoster_,2026-08-05T04:22:04.682934+00:00,0
2084170782167724445,tujuan programnya untuk mencegah stunting anak usia sekolah yg dikasih makan tendik yg udah ga masuk usia sekolah wkwkwk emang bagi bagi bansos aja ini mah,40,6,8,Mon Aug 03 06:53:31 +0000 2026,45.17277291055555,4.174387269895637,0.3836093654003849,1.1695204033902644,0.0073160597410142,Txtdariiugm,2026-08-05T04:03:52.982478+00:00,0
2076855649372455268,prabowo kita sudah swasembada energi kita pertama di dunia yang punya b50 lah ini di lapangan solar susah bbm subsidi langkaa wokk,441,102,42,Tue Jul 14 02:25:47 +0000 2026,529.6512540052778,6.563855526532128,0.603191867527842,1.102418953285243,0.0068962994561539,LambeSahamjja,2026-08-05T04:04:51.514419+00:00,0
2084603561300910348,mendagri menegaskan persoalan ketidaktepatan sasaran bansos dapat diatasi melalui integrasi data kependudukan yang akurat dan terverifikasi dengan sistem itu bisa membaca lebih tepat dan lebih akurat siapa yang layak menerima bantuan sosial dan siapa yang tidak kata,0,0,0,Tue Aug 04 11:33:13 +0000 2026,16.507583679444444,0.0,0.0,0.0,0.0,antaranews,2026-08-05T04:03:40.301246+00:00,0
2084847189314937199,berita utama presiden prabowo subianto perintahkan bahlil lahadalia dkk segera atasi pemadaman listrik harga bbm subsidi dilarang naik,0,0,0,Wed Aug 05 03:41:19 +0000 2026,0.3845719541666667,0.0,0.0,0.0,0.0,TajukNasional,2026-08-05T04:04:23.459035+00:00,0
2044777756509274579,iya pak ketika sebuah negara terima utangan dari imf mereka wajib ttd yg namanya loi letter of intent itu bukan sekedar saran tp kontrak hukum yg memaksa negara utk motong subsidi bbm listrik air dsb dipaksa pangkas demi efisiensi fiskal selain itu juga,3,1,2,Thu Apr 16 13:59:41 +0000 2026,2654.370845267778,2.19722457733622,0.2019160828303189,0.0022595713930853,1.41349900805305e-05,shda_agatha_,2026-08-05T04:21:56.042964+00:00,0
2068353928316817829,fakta pln 2025 berdasarkan laporan keuangan audited 1 pendapatan 2024 rp 545 381 triliun 2025 rp 582 682 triliun artinya uang yang masuk dari seluruh kegiatan usaha pln naik rp 37 301 triliun 6 84 2 penjualan tenaga listrik 2024 rp 353 176 triliun 2025 rp 367 088,34,14,1,Sat Jun 20 15:22:59 +0000 2026,1092.975878045,4.166665223801727,0.3828997404877564,0.0447907499455709,0.0002801933181299,marvelle_danny,2026-08-05T04:21:32.160962+00:00,0
2078850177197375610,bagian gausah takut sama ai gue setuju banget tapi sisanya gue kurang setuju justru company gede lagi gencar subsidi model mereka karena sedang buru buru cari cara supaya sistem ai nya jauh lebih hemat mereka ngemis dipake sama lu semua dan digenjot terus terusan,212,35,3,Sun Jul 19 14:31:20 +0000 2026,397.83409474,5.661222860237405,0.5202435635206691,0.6268270523937404,0.0039211835460951,perogeremmer,2026-08-05T04:21:22.741064+00:00,0
2083978371583951063,di tahun 2027 menurut se dirjen pajak ada 8 barang yang akan dikenakan pajak sepeda kayuh sepeda listrik baju perhiasan emas kulkas 2 pintu ac tv led dan jam tangan presidennegarabangkrut presidennegarabangkrut,1,2,0,Sun Aug 02 18:08:56 +0000 2026,50.577087688888895,1.791759469228055,0.164655473606283,0.0581653624589253,0.0003638596345764,ArtaN7707,2026-08-04T20:43:33.515680+00:00,1
2040254392788799734,guys lu pada tau gak subsidi negara itu ternyata gede banget dan sebagian besar kepakai buat hal hal yang tiap hari kita nikmatin tanpa sadar berdasarkan data kementerian keuangan republik indonesia sampai akhir november 2023 total subsidi yang sudah keluar tembus rp202 26,91,14,64,Sat Apr 04 02:25:27 +0000 2026,2953.942231106111,5.375278407684165,0.493966420818849,0.0571923194372361,0.0003577726600724,LambeSahamjja,2026-08-05T04:21:59.031982+00:00,0
2083708872645325016,mahkota raja dibelinya dengan kaus dan bansos,0,0,0,Sun Aug 02 00:18:03 +0000 2026,75.76877516555557,0.0,0.0,0.0,0.0,pratikno_priyo,2026-08-05T04:04:10.590596+00:00,0
2037998465255645249,subsidi energi apbn 2026 sebesar rp210 06 triliun terdiri bbm dan lpg rp105 41 t dan listrik rp104 65 t realisasi 2025 menyebut volume bbm 18 98 juta kl lpg 8 56 jt metrikton listrik 42 8 jt pelanggan meski volume bisa dikendalikan nilai akan melonjak pada 2026,15,6,2,Sat Mar 28 21:01:12 +0000 2026,3103.347396331389,3.4339872044851463,0.3155695835423824,0.0074089646111065,4.6347569103356775e-05,AwalilRizky,2026-08-05T04:22:02.626793+00:00,0
1277674868306178048,pada masa kolonial belanda di indonesia pemerintah kolonial belanda juga melakukan penarikan pajak pada delman sado sepeda onthel dan pedati yang di tarik oleh sapi setiap melewati jalan negara atau kweek,2,1,0,Mon Jun 29 18:46:41 +0000 2020,53450.03975893861,1.6094379124341005,0.1479008573767524,5.6126129885028295e-05,3.511029975026181e-07,AlbertSolo2,2026-08-04T20:49:04.132179+00:00,0
2084716642563764283,sambil ada yang sibuk bilang warung politik pemerintah justru membangun koperasi desa merah putih sebagai saluran resmi bansos pupuk bersubsidi dan penyerap hasil petani nelayan jagaindonesia kamibersamapresiden merawatkemerdekaan kopdesuntukrakyat pangandesakuat,1,0,0,Tue Aug 04 19:02:34 +0000 2026,9.017281317222222,0.6931471805599453,0.0636974321911235,0.099827484956497,0.0006244814896942,panca_sila01,2026-08-05T04:03:36.212742+00:00,0
1067851538935107584,bagaimana jika pajak sepeda motor dihapuskan kira kira pemerintah daerah akan bersikap seperti apa ya,0,4,6,Wed Nov 28 18:43:41 +0000 2018,67346.09175790056,2.8903717578961645,0.2656135150214424,0.0001484845111938,9.288607119298712e-07,kompasiana,2026-08-04T20:49:11.328442+00:00,0
2068684153068081574,ngawur juga ya orang ini mana ada pln menanggung listrik subsidi yang menanggung pemerintah lewat apbn tapi apbn itu uang rakyat juga bukan uang pejabat pemerintah jadi wajar rakyat protes apalagi yg kena pemadaman bukan hanya listrik subsidi bahlul juga jadi rakyat,28,11,8,Sun Jun 21 13:15:11 +0000 2026,1071.1054453683332,4.143134726391533,0.3807373826145001,0.0438389714398406,0.0002742393660758,ferrykoto,2026-08-05T04:21:30.603326+00:00,0
2084351504887304679,ambil bansos dimana pak saya juga mau,0,0,0,Mon Aug 03 18:51:38 +0000 2026,33.20253217166667,0.0,0.0,0.0,0.0,jema0_0,2026-08-05T04:03:47.115818+00:00,0
2082682083315782066,yupp sepertinya produsen sudah mulai menyesuaikan produknya dengan bbm subsidi dari pemerintah bagus deh kalau gitu minimalisir risiko untuk jangka panjang keren kerenn,0,0,0,Thu Jul 30 04:17:57 +0000 2026,143.77775432194443,0.0,0.0,0.0,0.0,Tehangettawar_,2026-08-05T04:04:36.915559+00:00,0
2084218176980533688,kabar penting buat masyarakat pemerintah berencana menyalurkan bantuan pangan berupa beras dan minyak goreng gratis yang ditargetkan menyasar 33 2 juta keluarga kurang mampu infoterkini bansos bantuanpangan beritaterkini kesejahteraanrakyat prabowosubianto kabarhariini,0,0,0,Mon Aug 03 10:01:50 +0000 2026,42.03373881361111,0.0,0.0,0.0,0.0,think_human_,2026-08-05T04:03:51.459729+00:00,0
2031649758264312211,produksi listrik di pulau jawa masih dalam keadaan over supply kak dan untuk mengalirkan listrik dan menaikkan dayanya memang tidak terlalu mahal tapi yang jadi pertanyaan siapa yang bakal menanggung kenaikan daya jutaan rumah tangga di indonesia kapasitas fiskal kita,1,0,1,Wed Mar 11 08:33:43 +0000 2026,3523.8069687325,1.252762968495368,0.1151238675930576,0.0005674069580948,3.5494748025390263e-06,HidsalJ,2026-08-05T04:22:08.087437+00:00,0
1974011955179594061,seperti jual beli motor bekas komdigi wacana balik nama hp,0,0,1,Fri Oct 03 07:21:40 +0000 2025,7333.410186418889,0.9162907318741552,0.0842034251856289,0.0001363436151759,8.529120407321206e-07,detikinet,2026-08-04T20:46:16.671108+00:00,0
2035371832497541296,elu udah monopoli bisnis listrik untuk rakyat tapi nilai laba luw masih dibawah jauh dari subsidi tweet,6,0,0,Sat Mar 21 15:03:54 +0000 2026,3277.3034060297223,1.9459101490553128,0.1788212997841811,0.0018302149791762,1.144910519537484e-05,dodisegrovee,2026-08-05T04:22:06.261707+00:00,0
2068545308683104429,sejak kapan pelanggan ruta umum dapet tarif subsidi kalo dapet subsidi ga boleh protes artinya pelanggan ruta pra sejahtera harus nrimo pemadaman 2 jam saja emang target keandalan listrik pln brp susah nih buzzer rezim di threads mamalia ga berotak wq,59,28,1,Sun Jun 21 04:03:27 +0000 2026,1080.3014336005556,4.7664383335842135,0.438016471914936,0.0813834119381258,0.0005091026218447,ObiWan_Catnobi,2026-08-05T04:21:32.160962+00:00,0
2084207172443856935,menteri energi dan sumber daya mineral esdm bahlil lahadalia menegaskan bahwa harga bbm nonsubsidi termasuk pertamax akan terus mengikuti pergerakan harga minyak dunia atau indonesian crude price icp artinya harga dapat turun maupun naik sesuai kondisi pasar global dan,1,1,0,Mon Aug 03 09:18:07 +0000 2026,42.77212582444445,1.3862943611198906,0.1273948643822471,0.0456911781717282,0.0002858260430281,SINDOnews,2026-08-05T04:04:26.652968+00:00,0
2084212708120154125,udah cek perlinsos atau belum mereka sinis krn kita perlu nik dan scan wajah mereka sinis mengira kita mau daftarin ktp mereka buat pinjol pdhl aslinya utk cek bansos yaitu pkh dan sembako non tunai please banyakin sosialisasi dlu napa sebelum nyuruh2 kita turun,0,0,0,Mon Aug 03 09:40:07 +0000 2026,42.39568325805556,0.0,0.0,0.0,0.0,emy3stiyani,2026-08-05T04:03:51.459729+00:00,0
2065825751195394279,umr jakarta 2024 udah di atas 5 juta kedengarannya lumayan tapi coba hitung kos 1 5 juta makan 1 2 juta transport 600 ribu kuota dan listrik 300 ribu belum tagihan belum jajan belum kirim ke orang tua angkanya udah minus sebelum gajian lagi jujur gaji kamu di,52,4,10,Sat Jun 13 15:56:54 +0000 2026,1260.411949446111,4.330733340286331,0.3979769391226279,0.0523223202610223,0.0003273078603062,karirfess,2026-08-05T04:21:37.018006+00:00,0
2068288606024663448,gw baca thread loe sampe abis dan gw cuma bisa geleng2 kepala ini mah definisi masalah orang yg baru ngerasain hidup normal loe dari bpjs kelas 1 turun ke kelas 3 berarti loe sebelumnya nikmatin subsidi iuran yg gak proporsional pemerintah malah lagi ngeberesin supaya yg,3,0,4,Sat Jun 20 11:03:25 +0000 2026,1097.3024026438889,2.302585092994046,0.211598289567876,0.00637347235438,3.9869936742597696e-05,ramzanrachmat,2026-08-05T04:21:33.649518+00:00,0
2080115850712146012,harga minyak udah di 96 dan menembus resis kuat garis 45 derajat putih tebel kemungkinan besar bisa ke area 100 berharap tensi menurun saat tgl 28 keatas dan awal august berkurangnya budget mbg bagus buat nambal subsidi bbm,17,4,1,Thu Jul 23 02:20:40 +0000 2026,313.7338167244444,3.3141860046725258,0.3045603361336069,0.0699003374628199,0.0004372690235352,cryptogem1000,2026-08-05T04:04:41.740208+00:00,0
2081899410188046665,polda sumsel bongkar 96 kasus bbm ilegal januari juli 2026 tetapkan 129 tersangka sita 1 26 juta liter bbm belum lagi 11 kasus penyulingan ilegal yang rusak lingkungan 13 tersangka 125 ribu liter minyak disita bahkan ada 4 kendaraan pelaku hangus pas digerebek di musi,4,3,2,Tue Jul 28 00:27:53 +0000 2026,195.6131049102778,2.6390573296152584,0.2425187319753046,0.0457751786388147,0.0002863515169178,suwondo99,2026-08-05T04:04:40.177677+00:00,0
2072155704878862830,pertamina patra niaga melakukan penyesuaian harga terhadap bahan bakar minyak bbm non subsidi yang berlaku efektif mulai 1 juli 2026 pukul 00 00 wib vice president corporate communication pertamina patra niaga kitty andhora mengatakan penyesuaian harga ini merupakan bagian,3,0,2,Wed Jul 01 03:09:53 +0000 2026,841.1872233463888,1.9459101490553128,0.1788212997841811,0.0059369221728783,3.713905047626256e-05,tribunnews,2026-08-05T04:21:07.004047+00:00,0
2083380761311531400,giat personil polsubsektor teluk panji polsek kampung rakyat melaksanakan monitoring patroli mobile spbu dalam rangka menjamin kelancaran distribusi bbm subsidi dan antisipasi penyalahgunaan bbm subsidi dan praktik penimbunan di wilkum polres labuhanbatu selatan,0,0,0,Sat Aug 01 02:34:15 +0000 2026,97.50467821305556,0.0,0.0,0.0,0.0,PolresS19146,2026-08-05T04:04:31.841567+00:00,0
2083495982495576091,baru maen pas bulan puasa kemaren cuma ngandelin bansos lumayan lah ya 4 fase terakhir tembus 2000 poin malah pernah hampir tembus 2200 poin bener2 butuh aguero cape ngandelin ferran bansos,0,0,0,Sat Aug 01 10:12:06 +0000 2026,89.86888650166667,0.0,0.0,0.0,0.0,Opay29prasetyo,2026-08-05T04:04:13.991406+00:00,0
2070414258031177956,pertamina patra niaga mitigasi prioritas pengiriman di jawa timur dorong pemenuhan kebutuhan bbm subsidi sesuai kuota penugasan,0,0,0,Fri Jun 26 07:50:00 +0000 2026,956.5199439525,0.0,0.0,0.0,0.0,RadioElshinta,2026-08-05T04:21:11.798229+00:00,0
2071099336679948722,oke sampewn sudah akui surya ojol tidak minta subsidi poin itu selesai terima kasih argumen baru pemilik mercy tidak teriak teriak soal harga betul kenaikan 32 buat pemilik mercy receh buat ojol jam kerja yang harus ditambah hari itu juga diam bukan tanda,5,0,1,Sun Jun 28 05:12:15 +0000 2026,911.1486819091668,2.0149030205422647,0.1851614666007883,0.006577874987926,4.1148599238701296e-05,suwondo99,2026-08-05T04:21:10.254873+00:00,0
2084647704928637098,cara nya gimana tuh kalo boleh tau mendagri bansos pemerintah,0,0,0,Tue Aug 04 14:28:38 +0000 2026,13.58322674111111,0.0,0.0,0.0,0.0,TelingaSenayan,2026-08-05T04:03:37.616268+00:00,0
2070726888201625665,direktorat reserse kriminal khusus ditreskrimsus polda papua membongkar dua kasus penyalahgunaan bbm subsidi di kota dan kabupaten jayapura dengan total barang bukti mencapai 6 510 liter yang terdiri atas 5 095 liter solar dan 1 415 liter minyak tanah selengkapnya,2,1,1,Sat Jun 27 04:32:17 +0000 2026,935.8152217302778,1.871802176901592,0.172011075832509,0.0042697854467096,2.6710098702755984e-05,antaranews,2026-08-05T04:21:11.798229+00:00,0
2051592010860310592,usai bertemu menperin menkeu purbaya akui siap guyur subsidi 100 ribu unit mobil dan motor listrik,0,0,0,Tue May 05 09:17:06 +0000 2026,2203.078895542222,0.0,0.0,0.0,0.0,jawapos,2026-08-05T04:21:50.023952+00:00,0
2084663808371666949,alasan tiket ke luar negeri lebih murah daripada lokal penyebab utamanya adalah pajak ada ppn 11 buat tiket domestik sementara tiket internasional kena ppn 0,330,56,19,Tue Aug 04 15:32:37 +0000 2026,12.82672258611111,6.155919102073512,0.5657041542917426,29.291106224031783,0.1832336420931184,LambeSahamjja,2026-08-05T04:22:13.201310+00:00,0
1748331747618767201,kantor kementerian koordinator bidang kemaritiman dan investasi menko marves menegaskan rencana pemerintah untuk menaikkan pajak sepeda motor berbah,0,0,0,Fri Jan 19 13:09:05 +0000 2024,22279.657153248056,0.0,0.0,0.0,0.0,inilahdotcom,2026-08-04T20:48:30.751693+00:00,0
2082055465635364991,baca selengkapnya menteri esdm bahlil lahadalia memastikan harga bbm dan elpiji bersubsidi tak mengalami kenaikan meski peperangan di timur tengah tak kunjung usai ms hargabbm bbmsubsidi elpiji,8,3,5,Tue Jul 28 10:48:00 +0000 2026,185.2778271325,3.1135153092103742,0.2861195080159477,0.0858932071857331,0.0005373141274803,kompascom,2026-08-05T04:04:40.177677+00:00,0
2084081146695217606,kadang jam 3 pagipun masih ngantri di bbrp spbbu tertentu krn stock bbm subsidi selalu tersedia dan gak pernah relat isi ditempat itu,0,0,0,Mon Aug 03 00:57:20 +0000 2026,51.11896446055555,0.0,0.0,0.0,0.0,DonBryan69,2026-08-05T04:04:28.272058+00:00,0
2068891996438364525,iya jualannya hanya ke industri pak pln hanya memperbolehkan begitu tarifnya kalau gak salah 0 135 kwh jauh lebih mahal 50 dr tarif pln tp wajar karena kan untuk industri masak konsumsi listrik subsidi mohon koreksi soal tarif kalau saya salah,2,0,2,Mon Jun 22 03:01:04 +0000 2026,1057.3402637605554,1.791759469228055,0.164655473606283,0.0037795028092259,2.364308332156695e-05,Holan_Siregar,2026-08-05T04:21:28.949538+00:00,0
2084470559170269383,ih gapapa lumayan dapat bansos buat snezhnaya,0,0,1,Tue Aug 04 02:44:43 +0000 2026,25.31740128027777,0.9162907318741552,0.0842034251856289,0.0379976726938232,0.000237698498155,nigthcord,2026-08-05T04:03:45.644609+00:00,0
2047571199841144870,bukan negara islam zakat diurus negara negara tropis buah mahal dan impor negara maritim ikan mahal negara cpo minyak goreng mahal negara sda listrik dan bbm mahal negara hukum keadilan tunggu viral swasembada pangan beras mahal dan impor bebas aktif tunduk,5157,2690,77,Fri Apr 24 06:59:50 +0000 2026,2469.367538125,9.273643755645422,0.8522104840889193,3.207619869395745,0.0200656085374277,ethadisaputra,2026-08-05T04:21:53.137250+00:00,0
2084255964694466915,menurut bahlil yang paling penting bagi masyarakat adalah kepastian bahwa bbm subsidi tetap dijaga pemerintah sebab porsi konsumsi bbm nasional masih didominasi oleh jenis yang mendapat subsidi,0,0,0,Mon Aug 03 12:32:00 +0000 2026,39.540265983333335,0.0,0.0,0.0,0.0,mediaindonesia,2026-08-05T04:04:24.957540+00:00,0
2059441005628379302,lah liat duit pajak cuma sebatas di korupsi doang subsidi vital seperti bbm bpjs lpg listrik dibawah 900w pupuk transum dalam kota pendidikan dasar dan menengah dll yang langsung ke masyarakat itu semua dari mana kalo bukan pake duit pajak melek sedikit makanya,9,0,1,Wed May 27 01:06:12 +0000 2026,1683.2587403980554,2.4423470353692043,0.2244418487671642,0.005937330031392,3.714160187873834e-05,xyz666__,2026-08-05T04:21:43.465433+00:00,0
2083407941298995340,per tanggal 1 agustus ini harga bbm non subsidi kembali turun di pertamax turun sekitar 300an perak menurut kalian untuk yang kendaraannya minimal harus pakai ron 92 apakah tetep pakai pertamax atau harus terpaksa turun ke pertalite,1,0,1,Sat Aug 01 04:22:15 +0000 2026,95.70467821305556,1.252762968495368,0.1151238675930576,0.0206815227242025,0.0001293754733536,angelont_69,2026-08-05T04:04:31.841567+00:00,0
2078018940215902268,baca disini secara aturan spbu tidak bisa menolak motor bertangki modifikasi karena belum ada pembatasan bbm subsidi untuk roda dua namun menimbun bbm tersebut untuk dijual kembali dapat dipidana nj spbu,0,0,3,Fri Jul 17 07:28:17 +0000 2026,452.6086906486111,1.7047480922384253,0.1566594787568544,0.0066136299013811,4.137226791700232e-05,kompascom,2026-08-05T04:04:48.286335+00:00,0
2084516065380540496,bansos dan gratisan lancar dong,1,0,1,Tue Aug 04 05:45:33 +0000 2026,22.30296382111112,1.252762968495368,0.1151238675930576,0.0858259925798845,0.0005368936593376,JaenoXTM,2026-08-05T04:03:43.669756+00:00,0
2076942561474965524,harga bbm pertamina per 14 juli 2026 di wilayah dki jakarta dan jawa masih mengikuti penyesuaian terbaru yang berlaku sejak 1 juli 2026 di mana beberapa varian bbm non subsidi mengalami penurunan,3,0,0,Tue Jul 14 08:11:09 +0000 2026,523.8951428941666,1.3862943611198906,0.1273948643822471,0.0057154272441131,3.575346530264783e-05,putrapostdaily,2026-08-05T04:04:51.514419+00:00,0
1443758168027197446,bukannya awalnya bahas keringetan ya ya tinggal keberpihakan pemerintah aja sih buat utamakan akses sepeda setelah pejalan kaki pajak kendaraan dinaikan parkir dipersulit jangan buat kebijakan yg car motor oriented bisa kok colombia aja bisa masa kita ga bisa,5,0,1,Fri Oct 01 02:02:25 +0000 2021,42450.77274837667,2.0149030205422647,0.1851614666007883,0.0001413368538356,8.84147778243847e-07,Mang_Yuga,2026-08-04T20:48:46.894156+00:00,0
2084700179756908819,no more way out udah mentok utk angkat pencitraan ya tebar bansos,1,0,0,Tue Aug 04 17:57:09 +0000 2026,10.107559095,0.6931471805599453,0.0636974321911235,0.0900287805311019,0.0005631846480547,Tobias744,2026-08-05T04:03:36.212742+00:00,0
2069994016297623591,bapak dengan segala hormat pernyataan bapak bahwa tak ada kompensasi pemadaman listrik bergilir karena sudah banyak subsidi itu sangat mengecewakan dan bertentangan dengan hukum yang berlaku masyarakat bukan minta kompensasi tambahan yang mewah kami hanya,3,0,0,Thu Jun 25 04:00:06 +0000 2026,984.3558911061112,1.3862943611198906,0.1273948643822471,0.0030445852377584,1.9045727993698068e-05,fsaidhamzah,2026-08-05T04:21:27.207982+00:00,0
2038271458896728446,meteran listrik token itu yang tertera jumlah kwh bukan nominal kita beli berapa rupiah token nya harga per kwh nya berbeda tergantung golongan daya dan subsidi nih biar ga bingung dan buat yg penasaran gmna ngitung baca angka fi meteran listrik token,4,0,0,Sun Mar 29 15:05:59 +0000 2026,3085.2671649766667,1.6094379124341005,0.1479008573767524,0.0012960640755254,8.107667191815888e-06,dihapansih,2026-08-05T04:22:00.793916+00:00,0
2084607271414485169,siapa lu yg sudah bayar pajak pbb stnk bphtb 10 makan di restoran itu utk pajak daerah cukai rokok pajak penghasilan baru setor ke pusat tapi lu nikmati subsidi bbm gas melon listrik jalan negara jalan provinsi anak sekolah malah negara mungkin tekor urus elu,0,0,1,Tue Aug 04 11:47:58 +0000 2026,16.273738620833335,0.9162907318741552,0.0842034251856289,0.0578913472034322,0.0003621455028919,IrawanRommi,2026-08-05T04:04:23.459035+00:00,0
2083422539527958705,apa ya mana fandom mereka kalo ribut tuh ke fandom lain gitu loh iya tau game lu bagus bansos lancar grafik mantap jiwa tapi ya kenapa harus banding2in mulu sama game lain coba fokus ke game lu sendiri aja gitu loh,0,0,1,Sat Aug 01 05:20:16 +0000 2026,94.73447667805556,0.9162907318741552,0.0842034251856289,0.0104455576997917,6.534330135528812e-05,moonnyangie,2026-08-05T04:04:20.116041+00:00,0
2037888561106887088,menurutnya program tersebut masih sangat relevan dengan kondisi saat ini terutama dalam kaitannya dengan pengelolaan subsidi energi oleh negara,0,0,0,Sat Mar 28 13:44:29 +0000 2026,3110.6260074425004,0.0,0.0,0.0,0.0,mediaindonesia,2026-08-05T04:22:02.626793+00:00,0
2083395057198284962,pertamina patra niaga menurunkan harga pertamax per 1 agustus 2026 jakarta pt pertamina patra niaga kembali melakukan penyesuaian harga berkala bahan bakar minyak bbm non subsidi yang berlaku mulai 1 agustus 2026 penyesuaian harga ini dilakukan mengikuti ketentuan dan,2,0,0,Sat Aug 01 03:31:03 +0000 2026,96.5580115463889,1.0986122886681098,0.1009580414151594,0.020500622842738,0.0001282438348323,RadioElshinta,2026-08-05T04:04:31.841567+00:00,0
2069716812561060011,beneran yapping ni orang indonesia meski debt to gdp nya rendah 40 utangnya banyak dalam valas sangat sensitif kalau rupiah melemah satu kali rp jatuh beban bunga utang amp subsidi bbm langsung membengkak,22,2,1,Wed Jun 24 09:38:36 +0000 2026,1002.7108109633332,3.349904087274605,0.3078426839644167,0.024907572706132,0.0001558119801873,DentaNusa,2026-08-05T04:21:14.919468+00:00,0
2083540286639362304,tapi tetep aja boncos bansos dulu wkwkk,0,0,0,Sat Aug 01 13:08:09 +0000 2026,86.9342031461111,0.0,0.0,0.0,0.0,careramyeon,2026-08-05T04:04:12.131326+00:00,1
2080240465467916671,segitunya butuh uangnya pemerintah ini udah berapa bulan ga makan yah aparat negara ini gila2an sampai di jalan tol mereka cegat razia polisi di jalan tol bandung jakarta luar biasa memang kreativitas tanpa batas di negeri ini ketika jalan tol yang dibangun dengan uang,8,7,0,Thu Jul 23 10:35:50 +0000 2026,298.1632842266667,3.1354942159291497,0.2881392809582878,0.050139842657413,0.0003136551386562,WeKa_Ronin,2026-08-04T20:45:37.823216+00:00,0
2069586401239376337,di era keterbukaan informasi ini semua pengen miskin karena jadi orang miskin itu sangat membantu ekonomi keluarga misal pasang meteran listrik 900va dapet yg harga subsidi bpjs sekeluarga gratis dapet blt juga dapet beras apek juga,3,0,2,Wed Jun 24 01:00:23 +0000 2026,1011.351652226389,1.9459101490553128,0.1788212997841811,0.0049389952483446,3.0896412061498106e-05,feliciaclrssa,2026-08-05T04:21:28.948015+00:00,0
1973925082839020004,komdigi sebut jual beli hp bekas bakal mirip motor ada balik nama,48,22,67,Fri Oct 03 01:36:28 +0000 2025,7339.163519752222,5.2652775124698366,0.4838577819029159,0.018664434331924,0.0001167573615721,CNNIndonesia,2026-08-04T20:46:16.671108+00:00,0
2083734200818212988,gak cuma disuruh belanja asn jg wajib jd anggota kopdes ini sdh menyalahi prinsip koperasi yg keanggotaannya harus bersifat sukarela penerima bansos pun jg mau diwajibkan jd anggota bung hatta pasti nangis kalau tau ada koperasi model begini serba dipaksa,3372,1552,163,Sun Aug 02 01:58:42 +0000 2026,74.09086764666668,8.813066622894308,0.809885301927035,67.74458944776642,0.423783511680177,akunhewan,2026-08-05T04:04:09.123528+00:00,0
2084521142749180331,cara melanggengkan kemiskinan dan kebodohan adalah dengan cara memberi mereka bansos dan mbg bansos cukup gak kurang iya mbg bergizi gak keracunan iya,112,51,36,Tue Aug 04 06:05:43 +0000 2026,21.96685271,5.594711379601839,0.5141314265221564,8.664661306133311,0.0542027138368552,regar_op0sisi,2026-08-05T04:03:43.669756+00:00,0
2083502391585107983,bansos salah sasaran selama bertahun tahun kini dijanjikan berakhir lewat revolusi data digital tapi benarkah sistem baru ini akan membuat bantuan benar benar sampai ke rakyat yang membutuhkan atau hanya sekadar ganti mekanisme tanpa mengubah hasil bansos datadigital,0,0,0,Sat Aug 01 10:37:34 +0000 2026,89.44444205722222,0.0,0.0,0.0,0.0,Juranox,2026-08-05T04:04:13.991406+00:00,0
2075685381526503518,kronologi pengungkapan penimbunan 37 jeriken bbm subsidi melalui layanan darurat 110 baca,0,0,0,Fri Jul 10 20:55:33 +0000 2026,607.1555274252777,0.0,0.0,0.0,0.0,tribunpontianak,2026-08-05T04:04:52.898731+00:00,0
2051234775789339117,meski di bawah tekanan sanksi iran tetap mampu menyediakan akses listrik termurah di dunia bagi rakyatnya yakni sekitar 0 002 atau rp32 per kwh hal ini tercapai melalui subsidi besar besaran dengan memanfaatkan sumber daya dalam negeri secara mandiri,530,138,2,Mon May 04 09:37:35 +0000 2026,2226.737975210833,6.697034247666484,0.6154304552285137,0.3007535030849358,0.001881395646891,SoftWarNews,2026-08-05T04:21:51.710759+00:00,0
2072570794564329623,beberapa bbm non subsidi turun mulai 1 juli 2026 tapi kenapa pertamax belum pertamina menyebut penyesuaian harga dilakukan berdasarkan evaluasi berkala mulai dari harga minyak dunia hingga daya beli masyarakat,2,0,4,Thu Jul 02 06:39:18 +0000 2026,813.6965214441666,2.19722457733622,0.2019160828303189,0.0073647055585362,4.607070187492167e-05,KontanNews,2026-08-05T04:21:05.477199+00:00,0
2068389548938478051,umkm butuh solusi jadwal padam yang lebih manusiawi ganti rugi atau minimal genset subsidi buat usaha mikro padahal rakyat kecil nggak minta gratis mereka cuma minta kepastian biar bisa kerja listrik mati artinya usaha mati usaha mati ujungnya keluarga nggak bisa makan,47,4,0,Sat Jun 20 17:44:31 +0000 2026,1090.6169891561112,4.02535169073515,0.3699135963575518,0.0467196832832605,0.0002922599665561,Sebegini,2026-08-05T04:21:32.160962+00:00,0
2046738081659912281,pemerintah berencana kembali menggulirkan subsidi motor listrik hingga rp10 juta per unit sebagai upaya mendukung program presiden prabowo subianto dalam mendorong penggunaan kendaraan listrik berdasarkan sumber bloomberg technoz simak selengkapnya,9,2,0,Tue Apr 21 23:49:19 +0000 2026,2524.543264109167,2.6390573296152584,0.2425187319753046,0.0043554985401843,2.7246286109688465e-05,BloombergTZ,2026-08-05T04:21:54.750793+00:00,0
2039978710460141761,kepala pusat makroekonomi dan keuangan indef m rizal taufikurahman menyatakan tanpa stimulus lanjutan indonesia berisiko kehilangan momentum dalam mempercepat adopsi kendaraan listrik khususnya di segmen kelas menengah,0,0,3,Fri Apr 03 08:10:00 +0000 2026,2972.199731106112,1.7047480922384253,0.1566594787568544,0.001009013948378,6.311994476070128e-06,mediaindonesia,2026-08-05T04:21:59.031982+00:00,0
2071768438738124972,harga bbm non subsidi tak hanya bergantung pada harga minyak mentah tetapi juga dipengaruhi oleh nilai tukar rupiah biaya distribusi dan operasional kondisi geopolitik global mekanisme perhitungan harga yang menggunakan rata rata harga minyak dalam periode tertentu,0,0,1,Tue Jun 30 01:31:02 +0000 2026,866.8350927936111,0.9162907318741552,0.0842034251856289,0.0011522926513387,7.208289698827261e-06,KontanNews,2026-08-05T04:21:08.334057+00:00,0
2036681987545522189,prabowo rakyat pakai mobil listrik kaya beli bbm non subsidi,29,10,39,Wed Mar 25 05:50:00 +0000 2026,3190.534062998056,4.686750172980514,0.43069345113544,0.0244396576882305,0.0001528848878383,TirtoID,2026-08-05T04:22:02.626793+00:00,0
2069053141270884415,salah baca antum subsidi itu beban bagi perusahaan bukan bless kemudian kalo listrik dipegang swasta pemerintah ga bisa intervensi harganya karena harga akan dibuat minimal sesuai harga pasar bukan sesuai kemampuan masyarakat apalagi ngasih subsidi,10,1,0,Mon Jun 22 13:41:24 +0000 2026,1046.6680415383332,2.5649493574615367,0.2357085080236325,0.0104995089702729,6.56807992876025e-05,fajarmentarirh,2026-08-05T04:21:28.949538+00:00,0
2065430324159660208,subsidi yang paling kamu rasain manfaatnya apa a subsidi bbm b subsidi listrik c bantuan sosial bansos d kip beasiswa pendidikan,1,0,2,Fri Jun 12 13:45:37 +0000 2026,1286.600005001667,1.6094379124341005,0.1479008573767524,0.002329916113969,1.457503899199711e-05,txtkarir,2026-08-05T04:21:37.018006+00:00,0
2039951549531828662,kepala pusat makroekonomi dan keuangan indef m rizal taufikurahman menyatakan tanpa stimulus lanjutan indonesia berisiko kehilangan momentum dalam mempercepat adopsi kendaraan listrik khususnya di segmen kelas menengah,0,0,0,Fri Apr 03 06:22:04 +0000 2026,2973.9986199950004,0.0,0.0,0.0,0.0,mediaindonesia,2026-08-05T04:21:59.031982+00:00,0
2083448145829368250,tanpa curang bansos kpu bawaslu mk jokowi ngga bakal bisa menang,0,0,0,Sat Aug 01 07:02:01 +0000 2026,93.03800367722222,0.0,0.0,0.0,0.0,abdullah_yanto,2026-08-05T04:04:17.813238+00:00,0
2064877581032108067,euy kalau misal sender pengen ganti ke motor listrik apakah bisa menekan cost budget jika melihat bahan bakar yang harganya mulai melambung tinggi dan mungkin bbm subsidi nanti semakin sulit didapat,7,0,12,Thu Jun 11 01:09:13 +0000 2026,1323.2070493480555,3.258096538021482,0.2994059402147561,0.0143482093750778,8.97567555558258e-05,BaseBDG,2026-08-05T04:21:38.377653+00:00,0
2083527430103609653,hi hi hi termul di ntt msh dikasih bansos oleh rajanya,1,0,1,Sat Aug 01 12:17:04 +0000 2026,87.78610872388889,1.252762968495368,0.1151238675930576,0.0225260463460527,0.0001409140877908,KapoyosJohnjohn,2026-08-05T04:04:13.991406+00:00,0
2084237717378900347,kalo bansos mu gimana kawan,0,0,2,Mon Aug 03 11:19:29 +0000 2026,40.73918715888889,1.3862943611198906,0.1273948643822471,0.0479166015472841,0.0002997474165393,CurhatifyID,2026-08-05T04:03:50.073772+00:00,0
2083194504329207894,para penjual bbm subsidi versi pertamini setiap malam mengantri isi bbm subsidi di salah satu spbu pertamina di jalan tole iskandar depok persis sebelah hypermart bbm depok,1,0,0,Fri Jul 31 14:14:08 +0000 2026,109.84036468722222,0.6931471805599453,0.0636974321911235,0.0090219840292106,5.643798427871954e-05,DediWidjaya,2026-08-05T04:04:33.312874+00:00,0
1974636191501992111,pejabat pemerintah skg pinter cari peluang post korupsi baru bukannya berantas korupsi dg debirokratisasi tp malah ciptakan birokrasi kalau bukan utk korupsi lalu utk apa lagi itu komdigi sebut jual beli hp bekas bakal mirip motor ada balik nama,2,0,0,Sun Oct 05 00:42:09 +0000 2025,7292.066981894167,1.0986122886681098,0.1009580414151594,0.0002742330496847,1.7154941193314729e-06,FerryNLangelo,2026-08-04T20:46:10.134819+00:00,1
2082292243176824857,kabar baik harga bbm dan lpg subsidi dipastikan tidak naik,1,0,0,Wed Jul 29 02:28:52 +0000 2026,169.59627231694444,0.6931471805599453,0.0636974321911235,0.0058617927954611,3.6669070635042544e-05,cnbcindonesia,2026-08-05T04:04:38.580341+00:00,0
2083254847395205347,sulit kontrolnya paling mudah lihat mobil mbg pada antri bbm subsidi di spbu,0,0,0,Fri Jul 31 18:13:55 +0000 2026,105.84397579833332,0.0,0.0,0.0,0.0,wpamuji,2026-08-05T04:04:33.312874+00:00,0
2070056765149118727,dan gagalnya pemerintah ngasih subsidi juga ke rakyat kalo bisa turunin harga transportasi umum sama bbm mugkin bisa lebih murah juga kan biaya commuting nya,0,0,0,Thu Jun 25 08:09:27 +0000 2026,980.1961571302776,0.0,0.0,0.0,0.0,jellypastaa,2026-08-05T04:21:13.165669+00:00,0
2084221990844432808,mendagri tito karnavian menyatakan pemerintah mengembangkan e government berbasis face recognition untuk memverifikasi kelayakan penerima bansos dalam 5 10 detik melalui integrasi data dukcapil bpn samsat bps dan instansi lain sistem dapat mendeteksi kepemilikan aset seperti,2,0,1,Mon Aug 03 10:17:00 +0000 2026,41.78057604777778,1.5040773967762742,0.1382186506391953,0.0701252829473256,0.0004386761940287,tribunnews,2026-08-05T04:03:50.073772+00:00,0
2083789750604014020,popularitasnya itu hasil produk bansos dan media bukan bukti kualitas demokrasi kita yang justru merosot ditangannya,2,0,0,Sun Aug 02 05:39:26 +0000 2026,70.411251275,1.0986122886681098,0.1009580414151594,0.0280067911469319,0.0001751994720152,Qk1ng2,2026-08-05T04:04:06.504590+00:00,0
2082065634557677572,isi yapping bahlil hari ini selesai ketemu prabowo listrik desa 1 400 desa selesai diresmikan sebelum 14 agustus plts 100 gw tahap pertama disetujui segera ground breaking bbm amp lpg subsidi dipastikan tidak naik stok bbm aman di atas standar minimum impor bbm,34,4,43,Tue Jul 28 11:28:24 +0000 2026,184.60405009472225,4.677490847567717,0.4298425564493494,0.4364128905520218,0.0027300274281421,LambeSahamjja,2026-08-05T04:04:38.580341+00:00,0
2084840299784970612,ini gk ada code bansos lan lagi apaaaa,0,0,0,Wed Aug 05 03:13:56 +0000 2026,0.8269552002777778,0.0,0.0,0.0,0.0,zeinaxei,2026-08-05T04:03:33.038721+00:00,0
2084289435265331440,bahlil pastikan harga bbm subsidi tak naik pertamax tetap ikuti harga minyak dunia beritanasional hargabbm bahlillahadalia beritaterkini,0,0,0,Mon Aug 03 14:45:00 +0000 2026,37.323599316666666,0.0,0.0,0.0,0.0,NasionalBerita_,2026-08-05T04:04:24.957540+00:00,0
2032705495413444740,di konoha inilah kira kira arti kata subsidi apalagi kalau ketemu kalimat subsidi bbm subsidi listrik kasihan warga nya digocek terus catatan untuk warga negara lain nggak usah protes ya,2,0,0,Sat Mar 14 06:28:50 +0000 2026,3453.8883573369444,1.0986122886681098,0.1009580414151594,0.0005788899070364,3.621307615558877e-06,FaiNomady,2026-08-05T04:22:08.086413+00:00,0
2080974850860966181,komenku nggak nyambung gakpapa ya listrik terjangkau iya karena dipaksa demikian tarif dasar listrik tdl ditetapkan pemerintah dan sama semua untuk 1 negara di kriteria pelanggan yg sama tanpa subsidi nggak juga harga terjangkau itu terjadi karena ada,30,9,4,Sat Jul 25 11:14:01 +0000 2026,257.1227058511111,4.007333185232471,0.3682577683247304,0.1665874370029385,0.0010421054969908,mcitraningrum,2026-08-05T04:21:22.741064+00:00,0
2069684481628529100,piutang pln meningkat ateng sutisna peringatkan risiko kenaikan tarif listrik non subsidi dan gangguan pasokan energi pln memikul dua tanggung jawab sekaligus ketika kompensasi dari negara tidak dibayarkan tepat waktu maka tekanan terhadap keuangan pln menjadi sangat besar,2,3,0,Wed Jun 24 07:30:07 +0000 2026,1004.8556133283332,2.19722457733622,0.2019160828303189,0.0049708923763473,3.109594795104564e-05,FPKSDPRRI,2026-08-05T04:21:27.207982+00:00,0
2070154807604822371,buat sandwich gen in this economy sih hidup aja udah syukur mau pinjol buat ongkos harian ngeri bunganya blm lagi hrg bbm yg kunjung gak turun mau beli bensin subsidi ngantri blm lagi kalo stok bensin subsidi abis harga harga di pasar pd naek yang kaga naik kan cuma gaji,2,1,0,Thu Jun 25 14:39:02 +0000 2026,973.7031014333332,1.6094379124341005,0.1479008573767524,0.0030778603203256,1.925388382513376e-05,bhlcks,2026-08-05T04:21:13.165160+00:00,0
2051263068311843040,berakhirnya subsidi pajak federal sebesar rp127 500 000 usd7 500 di amerika serikat pada september 2025 resmi mengubah peta jalan industri mobil listrik dunia data dari cox automotive menunjukkan pengiriman ev anjlok 27 pada kuartal pertama 2026 menyusul penurunan tajam 46,0,0,0,Mon May 04 11:30:00 +0000 2026,2224.864364099722,0.0,0.0,0.0,0.0,SINDOnews,2026-08-05T04:21:51.710759+00:00,0
2084657586142630348,diem aja kalo yg bilang anak ada rejekinya ia yg nyari kan tetep orangtuanya kalo kamu sanggup baguslah tapi buat yg hidupnya dapet bansos kagak kena setiap pemotongan pajak ini kayaknya impiannya cuma bisa hidup tenang,0,0,1,Tue Aug 04 15:07:54 +0000 2026,12.928782296666666,0.9162907318741552,0.0842034251856289,0.0717937848909672,0.0004491136860658,27_CESTHERINA,2026-08-05T04:03:37.616268+00:00,0
1277781783577165824,dua hari kemudian,1,0,0,Tue Jun 30 01:51:31 +0000 2020,53442.959203383056,0.6931471805599453,0.0636974321911235,1.8711188596534573e-05,1.1704983786584813e-07,4sem_Maniz,2026-08-04T20:49:04.132179+00:00,0
2058117718847693252,subsidi subsiidii gilaaa coba sini keluarkan data nya kita produksi listrik sekarang pake batu bara dan batu bara itu murni sda dari indo bahkan diambil darii pulau sumatera jadi cost produksi listrik di indo murah beda ma negara lain kalau mau buzzer pake data dan,5,0,2,Sat May 23 09:27:56 +0000 2026,1770.8970189975,2.19722457733622,0.2019160828303189,0.0039505681904473,2.47132010766799e-05,sensong,2026-08-05T04:21:45.268391+00:00,0
2039923184460579306,di tengah lonjakan harga minyak dunia yang dipicu ketegangan geopolitik global pemerintah dinilai perlu segera mengaktifkan kembali insentif kendaraan listrik electric vehicle ev institute for development of economics and finance indef menilai langkah ini penting untuk,1,1,0,Fri Apr 03 04:29:21 +0000 2026,2975.877231106111,1.3862943611198906,0.1273948643822471,0.0006718449720067,4.202797948332325e-06,RadioElshinta,2026-08-05T04:21:59.031982+00:00,0
2073928773662376361,buat pengguna bbm subsidi rajin2lah reset qr code bbm dr apps mypertamina minimal sebulan sekali utk menghindari qr code nya dibajak org lain,163,44,9,Mon Jul 06 00:35:26 +0000 2026,723.759995121111,5.581614840681993,0.5129279073805054,0.2980296945941467,0.001864356572084,innovacommunity,2026-08-05T04:21:01.982436+00:00,0
2046160389969432691,kelas menengah indonesia itu siapa sih bukan miskin tapi juga bukan kaya mereka yang bayar pajak tiap bulan cicil rumah kendaraan sekolahkan anak tapi nggak pernah dapat bansos atau subsidi bbm listrik menurut bps amp world bank data 2025 kelas menengah didefinisikan,28,4,2,Mon Apr 20 09:33:47 +0000 2026,2562.802152998056,3.688879454113936,0.3389931539501231,0.0132615537280211,8.295906514466949e-05,kipo_opik,2026-08-05T04:21:54.750793+00:00,0
2083130993691791435,demo dengan slogan menuju indonesia bangkrut langkah yang sudah diambil subsidi bbm diturunkan membuat banyak warga khawatir belum mulai membangun dapur makan siang gratis baru ada penangkapan pejabat terkait korupsi besar risiko ke depan ketegangan dengan bank,6,4,0,Fri Jul 31 10:01:46 +0000 2026,114.046476355,2.70805020110221,0.2488588987919119,0.0869213931345702,0.0005437460544521,satunusa185593,2026-08-05T04:04:33.314878+00:00,0
2084078964298186827,ini sih real bansos yang sering interaksi di dex chain sol pasti kebagian dan gw ga nyangka bisa kebagian padahal jarang aktif di chain sol eco solana emang dabest,0,0,1,Mon Aug 03 00:48:40 +0000 2026,51.254907958888886,0.9162907318741552,0.0842034251856289,0.01913695840373,0.0001197132863498,sanjixyz,2026-08-05T04:03:57.668652+00:00,0
2077977436323827771,dpr ri memastikan bahwa stok bbm subsidi aman dan harganya tidak akan naik sampai akhir tahun nanti nj,1,0,1,Fri Jul 17 04:43:22 +0000 2026,455.3573017597223,1.252762968495368,0.1151238675930576,0.0043825309517081,2.741539024594655e-05,kompascom,2026-08-05T04:04:48.286335+00:00,0
2083420613054488597,penyaluran bantuan yang semakin tepat sasaran menjadi harapan banyak pihak penguatan sistem pendataan dan distribusi diharapkan dapat meminimalkan salah sasaran bansos pelayananpublik indonesia jagaindonesia dialogbukankonfrontasi,0,0,0,Sat Aug 01 05:12:36 +0000 2026,94.86225445583334,0.0,0.0,0.0,0.0,abigaillarissae,2026-08-05T04:04:20.116041+00:00,0
2069961708672881067,rugi tanggung sendiri pemerintah tak beri kompensasi pemadaman listrik bergilir katanya subsidi sudah banyak diberikan,8,4,1,Thu Jun 25 01:51:44 +0000 2026,986.4953355505556,2.917770732084279,0.2681313703188468,0.0131646191450131,8.23526805119592e-05,sharpandshark,2026-08-05T04:21:27.207982+00:00,0
2080162365056880709,udah pada isi bengsin lum gaess kok bisa ya alprad punya barcode bbm subsidi emang boleh alprad minum pertalite tapi bukan itu di spbu juga ada anjuran dilarang menggunakan telepon menurut detik dot com menelpon saat mengisi bahan bakar dilarang bukan karena sinyal,282,141,109,Thu Jul 23 05:25:30 +0000 2026,310.6532611688889,6.590987625635259,0.605685198080566,1.7070252947287543,0.0106784789726243,Aerio_Id,2026-08-05T04:04:41.740208+00:00,0
2072195839767073271,tarif tenaga listrik periode juli september 2026 tidak naik sobatenergi pemerintah menetapkan tarif listrik triwulan iii tahun 2026 tidak naik baik untuk pelanggan subsidi maupun nonsubsidi,0,0,4,Wed Jul 01 05:49:22 +0000 2026,838.5343715638888,1.9459101490553128,0.1788212997841811,0.0047645458428923,2.980512518153134e-05,KementerianESDM,2026-08-05T04:21:25.737630+00:00,0
2072148058108739906,apakah penurunan harga bbm nonsubsidi berarti menurunkan beban hidup kelas menengah ekonomi kompas61,0,0,0,Wed Jul 01 02:39:30 +0000 2026,841.6936122352778,0.0,0.0,0.0,0.0,hariankompas,2026-08-05T04:21:07.004047+00:00,0
2068660685673029675,kalau mau adil hubungan sebab akibatnya tidak sesederhana itu masalah pasokan listrik biasanya melibatkan banyak faktor subsidi kompensasi arus kas pln kontrak batu bara hingga kebijakan energi tapi satu hal yang wajar ditanyakan publik adalah jika apbn makin terbatas,2,0,0,Sun Jun 21 11:41:55 +0000 2026,1072.6598900897222,1.0986122886681098,0.1009580414151594,0.0018627872927551,1.165286478037701e-05,realitakantor,2026-08-05T04:21:30.604323+00:00,0
2083928116464857164,wareg bansos,0,0,0,Sun Aug 02 14:49:15 +0000 2026,61.24643836833334,0.0,0.0,0.0,0.0,jeanotwt,2026-08-05T04:04:02.178126+00:00,0
2083375995588165871,data kependudukan yang akurat jadi kunci utama supaya penyaluran bansos makin tepat sasaran dan beneran dinikmati warga yang berhak jagaindonesia bansostepatsasaran datakependudukan indonesiasejahtera,0,0,0,Sat Aug 01 02:15:19 +0000 2026,97.81743813138888,0.0,0.0,0.0,0.0,ratuabelard4,2026-08-05T04:04:21.777273+00:00,0
1268222204036055041,jaman orba misalkan punya duit barang tidak ada lagian semua oleh orba di kenakan pajak sepeda gerobak tv radio rakyat kecil punya radio harus bayar pajak hidup di jaman orba itu susah rakyat dibungkam ngomong politik apalagi mengkritik pemerintah langsung lenyap,2,0,0,Wed Jun 03 16:45:10 +0000 2020,54076.06503671638,1.0986122886681098,0.1009580414151594,3.698425568477268e-05,2.313589598628423e-07,Jumianto_RK,2026-08-04T20:49:04.132179+00:00,0
2052401311673622682,pemerintah menyiapkan subsidi kendaraan listrik yang ditargetkan mulai berlaku pada juni 2026 menteri keuangan purbaya yudhi sadewa menyatakan motor listrik akan mendapat subsidi sekitar rp5 juta per unit sementara itu mobil listrik memperoleh insentif ppn dtp dengan besaran,0,0,0,Thu May 07 14:52:59 +0000 2026,2149.480364162222,0.0,0.0,0.0,0.0,SINDOnews,2026-08-05T04:21:48.310984+00:00,0
2084032597827662309,viral armada koperasi desa merah putih antre bbm subsidi publik pertanyakan penyalurannya video yang memperlihatkan sejumlah kendaraan operasional koperasi desa merah putih mengantre di spbu untuk mengisi bio solar bersubsidi ramai beredar di media sosial dan menjadi,1,0,0,Sun Aug 02 21:44:25 +0000 2026,54.33424223833333,0.6931471805599453,0.0636974321911235,0.0180719923061897,0.0001130512772312,Superman4452,2026-08-05T04:04:28.272058+00:00,0
2084177432798798319,pemilu kan kuat kuatan logistik mau apa pun strateginya tanpa duit yang unlimited ya mustahil menang mulyono memang goat kok bisa menggabungkan militansi kaum anti islam duit oligarki menaklukkan tokoh agama pakai duit oligarki bansos dan serangan fajar unlimited buzzerp,5,0,0,Mon Aug 03 07:19:56 +0000 2026,44.73249513277778,1.791759469228055,0.164655473606283,0.1093314498910066,0.0006839345569821,Ikhwanazis89,2026-08-05T04:03:52.982478+00:00,0
2082021412613812323,pertama nozzle pertalite warnanya putih kedua kendaraan plat dinas tni polri dan plat merah dilarang mengisi bbm subsidi jadi bukan lagi sebisa mungkin tidak,18,1,2,Tue Jul 28 08:32:41 +0000 2026,187.53310491027776,3.1780538303479458,0.2920503379885301,0.1113862735671479,0.0006967887258605,Djojodiningrat_,2026-08-05T04:04:40.177677+00:00,0
2039246722371838377,negara negara seperti pakistan hungary dan chile lagi lakukan transisi energi bersih solar amp wind dengan cepat dan mengesankan pakistan solar naik dari 0 jadi 30 dalam 6 tahun hungary boom solar berkat subsidi pemerintah amp aturan lebih longgar chile pasang solar,32,5,1,Wed Apr 01 07:41:20 +0000 2026,3020.67799831,3.795489189172194,0.3487901589156504,0.0125757939864052,7.866922186951109e-05,txtkarir,2026-08-05T04:22:00.793916+00:00,0
2071807461611475134,harga bbm non subsidi turun di bulan juli ini kata bahlil,2,0,0,Tue Jun 30 04:06:05 +0000 2026,864.2509261269445,1.0986122886681098,0.1009580414151594,0.0023114681991181,1.4459636091154446e-05,cnbcindonesia,2026-08-05T04:21:08.334057+00:00,0
2068581481841402039,subsidi itu 450 dan 900 kl ga salah ya omahku 2200 cok apane disubsidi listrik nyala gaperlu diapresiasi krn memang harusnya nyala kita mbayar dan itu kerjaanmu uda tau perusahaanmu rugi daripada bayar buzzer mending dipake yang lain su asu temen,2,0,0,Sun Jun 21 06:27:12 +0000 2026,1077.9051678675,1.0986122886681098,0.1009580414151594,0.0018537310410266,1.1596212430846816e-05,itsavapark,2026-08-05T04:21:30.604323+00:00,0
2083760738267799995,agak salfok dari bansos ke perbandingan ai tapi dapet gratisan emang nikmat banget,1,0,1,Sun Aug 02 03:44:09 +0000 2026,72.33299810333334,1.252762968495368,0.1151238675930576,0.0272728519456112,0.0001706082369863,aniqardyy,2026-08-05T04:04:07.793172+00:00,0
2083895752099852717,gue takut intervensi pemerintah ke kopdes ini kaya monopoli barang subsidi bansos lewat uang tapi harus belanja di kopdes pembatasan izin usaha agar tidak dekat kopdes,0,0,0,Sun Aug 02 12:40:38 +0000 2026,63.39004947944445,0.0,0.0,0.0,0.0,bangsatmaneh,2026-08-05T04:04:02.178126+00:00,0
2037068971783184839,jangan gampang kemakan hoax cek dulu faktanya tarif tenaga listrik periode april juni 2026 tidak naik sobatenergi pemerintah menetapkan tarif listrik triwulan ii tahun 2026 tidak naik baik untuk pelanggan subsidi maupun nonsubsidi,5,2,4,Thu Mar 26 07:27:44 +0000 2026,3164.905174109167,2.772588722239781,0.2547897287644942,0.0034745197329213,2.1735229127851984e-05,KementerianESDM,2026-08-05T04:22:02.626793+00:00,0
2078668989899944427,rakyat disuruh beli bbm non subsidi padahal yang membutuhkan adalah orang kurang mampu untuk mencari sesuap nasi buzzer laknat memframming kasih subsidi ke orang kaya dongok,32,10,5,Sun Jul 19 02:31:21 +0000 2026,409.5571171511111,4.102643365036796,0.3770163897048325,0.1144785902778565,0.000716133043179,Opposite6888,2026-08-05T04:04:46.621744+00:00,0
2037148961774198907,worst case ya bbm subsidi naek hilang yg punya duit serbu mobil motor listrik ribuan driver ojol kena imbasnya semua harga naek kuat2 kaum wni,1638,398,21,Thu Mar 26 12:45:35 +0000 2026,3159.607674109167,7.810555420673793,0.717758563024776,0.6508242123343498,0.0040713003420324,ertigaid,2026-08-05T04:22:02.626793+00:00,0
2083523691145761230,rakyat yg jd tumbal bansos,0,0,0,Sat Aug 01 12:02:12 +0000 2026,88.03388650166666,0.0,0.0,0.0,0.0,woodentrue,2026-08-05T04:04:13.991406+00:00,0
2084177610200818134,harga bbm jenis bensin di sejumlah spbu mengalami penurunan pada pekan pertama agustus 2026 penyesuaian harga terjadi di spbu pertamina dan bp sementara harga bbm diesel di shell dan bp justru mengalami kenaikan di spbu pertamina pertamax turun menjadi rp15 950 per liter,2,0,0,Mon Aug 03 07:20:39 +0000 2026,44.72990360222222,1.0986122886681098,0.1009580414151594,0.0437350582978882,0.0002735893263226,VIVAcoid,2026-08-05T04:04:26.652968+00:00,0
2083990170488205496,tapi loe menikmati hasil ngibul nya kan keluarga loe menikmati bansos katanya ngibul tapi loe menikmati nya asuuu,0,0,0,Sun Aug 02 18:55:49 +0000 2026,57.1363513775,0.0,0.0,0.0,0.0,Harijanto_Agung,2026-08-05T04:03:59.864959+00:00,0
2054340770233204763,persetan mobil listrik atau diesel naikin bbm non subsidi ke harga asli mau teriak pun terserah yg penting bikin transum yg baik dan proper bbm subsidi cuma biat kendaraan niaga aja,2,0,0,Tue May 12 23:19:42 +0000 2026,2021.0347217783333,1.0986122886681098,0.1009580414151594,0.0009891026986129,6.187437527445943e-06,ArifSareph,2026-08-05T04:21:46.998402+00:00,0
2084096559940329905,jangan dikasih ide kak kebiasaan pemerintah tu nanti kek sepeda katanya mulai kena pajak,1,0,0,Mon Aug 03 01:58:35 +0000 2026,42.827881122777775,0.6931471805599453,0.0636974321911235,0.0228165262472679,0.0001427312158244,selebretty,2026-08-04T20:48:15.372042+00:00,1
2082675383825207506,monthly expenses kost 2 1 gym 600k subsidi kantor pilates 1 suplemen whey creatine pwo vit 3 wifi 275k data 150k listrik 300k laundry 250k bensin amp transport 500k skincare amp body care 1 2 coffee amp mood 1 5 self reward 1 makan 2 tf mamah 5 lain2 1 jelek bgt,2,0,1,Thu Jul 30 03:51:20 +0000 2026,144.5003452722222,1.5040773967762742,0.1382186506391953,0.0206185077732096,0.0001289812766002,vynterest16,2026-08-05T04:21:21.242980+00:00,0
2078457756886208978,purbaya telah diputuskan dalam rapat kabinet bahwa barang subsidi akan disalurkan lewat kopdes dan tidak diperjual belikan diluar itu dari situ aja kopdes sudah pasti untung jika tidak ada permainan apa iya seperti itu pak contoh benda subsidi saja yang marak jual,43,13,14,Sat Jul 18 12:31:59 +0000 2026,423.54656159555554,4.51085950651685,0.4145298078078137,0.1648817970328671,0.0010314356840645,sharpandshark,2026-08-05T04:04:46.621744+00:00,0
2084030802552295586,data menunjukkan konsumsi pertalite dan solar subsidi telah melampaui separuh dari kuota tahunan 2026 yg membuat kuota tersisa di lapangan mjd sangat kritis akibatnya masyarakat terancam kekurangan pasukan bbm sehingga mrk berebut bbm di sejumlah spbu dan itu tjd di daerah2,0,0,0,Sun Aug 02 21:37:17 +0000 2026,54.45313112722222,0.0,0.0,0.0,0.0,busarmdip29102,2026-08-05T04:04:28.272058+00:00,0
2083423892920795271,perbaikan sistem penyaluran bantuan terus diupayakan agar manfaat bansos semakin tepat sasaran dan diterima oleh masyarakat yang benar benar membutuhkan bansos pelayananpublik indonesia jagaindonesia masyarakat,0,0,0,Sat Aug 01 05:25:38 +0000 2026,94.64503223361112,0.0,0.0,0.0,0.0,estherjscc,2026-08-05T04:04:20.116041+00:00,0
2077965797901697338,baca di sini pt pertamina patra niaga mengungkap terjadinya perubahan pola konsumsi masyarakat dari bbm non subsidi ke subsidi konsumsi pertamax series tercatat naik 18 persen sejak dilakukan penyesuaian harga bbm non subsidi kr polakonsumsibbm,1,1,1,Fri Jul 17 03:57:07 +0000 2026,456.1281350930556,1.7047480922384253,0.1566594787568544,0.0065627113487322,4.105374147485953e-05,kompascom,2026-08-05T04:04:48.286335+00:00,0
1280428954394882048,kisruh wacana pajak sepeda terus bergulir meski telah dibantah pemerintah menyebut bukan aturan pajak sepeda yg disusun melainkan aturan keselamatan bersepeda kira kira efektifkah aturan ini menurut anda wrapup podcastindonesia,1,0,0,Tue Jul 07 09:10:26 +0000 2020,53267.64067130861,0.6931471805599453,0.0636974321911235,1.877277113509332e-05,1.174350740103335e-07,beritaKBR,2026-08-04T20:48:52.416711+00:00,0
2083394763722748009,bukan bansos deng tapi serangan fajar,0,0,0,Sat Aug 01 03:29:53 +0000 2026,96.57466035361112,0.0,0.0,0.0,0.0,prim4apples,2026-08-05T04:04:21.777273+00:00,0
2074168201928401390,harusnya naik tarif listrik juli september 2026 justru ditahan pemerintah kabar baik untuk rumah tangga dan pelaku usaha pemerintah memastikan tarif listrik 13 golongan nonsubsidi tidak naik di triwulan iii 2026 padahal data esdm menunjukkan kurs rp16 959 usd icp,1,0,0,Mon Jul 06 16:26:50 +0000 2026,707.9099271194444,0.6931471805599453,0.0636974321911235,0.0014106164432812,8.824261757884762e-06,mediaindonesia,2026-08-05T04:21:25.737630+00:00,0
2068216624000430490,another penyakit cenblue gila dengan argumen tololnya kelistrikan berat di batu bara terus masalahnya wong itu salah satu resource yang banyak yang jadi masalah negara ga bisa utilize itu dengan listrik lu yg secuil doang per kapitanya lu nambah elektronik dikit lgsg,12,4,2,Sat Jun 20 06:17:23 +0000 2026,1102.069624866111,3.1780538303479458,0.2920503379885301,0.0163180995961019,0.0001020796141382,pikachuasbun,2026-08-05T04:21:33.649518+00:00,0
2071944346748989912,malang kenaikan harga bahan bakar minyak bbm non subsidi memaksa dinas lingkungan hidup dlh kota malang melakukan efisiensi operasional agar layanan persampahan tetap berjalan dampaknya anggaran operasional yang semula diproyeksikan cukup hingga oktober 2026 kini hanya,18,3,2,Tue Jun 30 13:10:01 +0000 2026,855.185370571389,3.332204510175204,0.3062161641664282,0.0268633415035468,0.0001680465006967,Malangraya_info,2026-08-05T04:21:08.334057+00:00,0
2084822616364491227,data bansos kah ini,1,0,2,Wed Aug 05 02:03:40 +0000 2026,1.998499960555556,1.6094379124341005,0.1479008573767524,1.0005002632863689,0.0062587362100608,rziiiun,2026-08-05T04:03:34.599858+00:00,0
2083797907019571242,bisa gak sih indonesia swasembada energi pakai panel surya wak bayangin kalau 5 10 tahun ke depan pemerintah memproduksi panel surya dll secara massal dengan harga subsidi yang terjangkau gak bakal ada lagi cerita daerah mati lampu atau krisis listrik apalagi bahan bakunya,21,8,18,Sun Aug 02 06:11:50 +0000 2026,70.15816856777778,4.174387269895637,0.3836093654003849,0.6605004168317338,0.0041318308722941,indepenSumatera,2026-08-05T04:21:19.406844+00:00,0
2074665691475763403,gubernur ntt larang kendaraan nunggak pajak beli bbm subsidi dengan alasan jaga hak rakyat ntt yang taat pajak berlaku juga untuk kendaraan berpelat luar ntt diatur dalam pergub ntt no 13 tahun 2025 alasan pastikan bbm subsidi tepat sasaran jaga asas keadilan bagi,44,4,42,Wed Jul 08 01:23:40 +0000 2026,674.9556100722223,4.7535901911063645,0.4368357794051525,0.1331448377067008,0.0008329017467725,LambeSahamjja,2026-08-05T04:21:00.196260+00:00,0
2083468726855438808,komisi ii dpr dorong transformasi digital data penduduk demi bansos tepat sasaran dengan data terintegrasi penyaluran pkh amp bpnt jadi lebih transparan minimalkan data ganda dan benar benar diterima warga yang membutuhkan jagaindonesia satudatabansos bansostepatsasaran,0,0,0,Sat Aug 01 08:23:48 +0000 2026,91.67442862166668,0.0,0.0,0.0,0.0,Faridaiu,2026-08-05T04:04:15.943038+00:00,0
2083536395239620977,congrats bang bansos bansos,0,0,0,Sat Aug 01 12:52:41 +0000 2026,87.19198092388888,0.0,0.0,0.0,0.0,superbiawakz,2026-08-05T04:04:12.131326+00:00,0
2084248418780954734,itumah saya abis bahas kpop langsung lompat ke bupati indramayu terus bahas gaji guru bahas bansos terus bahas seblak yang enak,2,0,0,Mon Aug 03 12:02:01 +0000 2026,40.03029827,1.0986122886681098,0.1009580414151594,0.0487444665120149,0.0003049262142088,yunifajriyah,2026-08-05T04:03:50.073772+00:00,0
2084098392339382342,di media sosial facebook telah beredar sebuah unggahan yang mengklaim adanya link pendaftaran bantuan sosial bansos untuk memperingati hari kemerdekaan ke 81 republik indonesia selengkapnya di cekfakta hoaks literasidigital,48,0,4,Mon Aug 03 02:05:52 +0000 2026,49.96824129222222,4.007333185232471,0.3682577683247304,1.0202431687187767,0.0063822400627392,PatroliFakta,2026-08-05T04:03:57.668652+00:00,0
1974098111917445344,komdigi sebut jual beli hp bekas bakal mirip motor ada balik nama,20,22,1,Fri Oct 03 13:04:01 +0000 2025,7327.704353085555,4.197201947661808,0.3857059423334384,0.0058673399728419,3.6703771595362965e-05,OposisiCerdas,2026-08-04T20:46:16.671108+00:00,0
2068674029943468064,bentar ya di tengah komedi situasi negara saat ini mulai dari harga bbm yang melambung indah subsidi rakyat yang diam diam disunat anggaran makan bergizi gratis yang katanya bocor sebelum semua perut kenyang hingga bonus pertunjukan listrik byar pet lalu dengan polosnya,58,30,3,Sun Jun 21 12:34:57 +0000 2026,1071.7760012008334,4.816241156068032,0.4425931505728898,0.0848266552366359,0.000530642197898,ethadisaputra,2026-08-05T04:21:30.604323+00:00,0
2083428165817630817,selamat tinggal bansos nyasar lewat pembaruan data dan teknologi digital penyaluran bansos kini lebih akurat dan tepat sasaran jagaindonesia bansostepatsasaran pkh,0,0,0,Sat Aug 01 05:42:37 +0000 2026,94.36197667805556,0.0,0.0,0.0,0.0,Alfiravt,2026-08-05T04:04:20.116041+00:00,0
2074753298272584021,satu spbu dikabarkan dibakar massa belum diketahui secara pasti lokasi kebakaran namun dari kabar yang beredar di media sosial spbu yang dibakar disebabkan kemarahan warga yang kesal dengan kebijakan pemerintah melarang kendaraan yang pajaknya mati mengisi bbm subsidi rell,35,16,0,Wed Jul 08 07:11:48 +0000 2026,669.1533878500001,4.219507705176107,0.3877557515465278,0.0761019804191683,0.000476064063134,alfatih212426,2026-08-05T04:21:00.196260+00:00,0
1974100220284973336,breaking beli hp bekas sebentar lagi tak bisa sembarangan komdigi wacanakan aturan balik nama ponsel mirip kayak kendaraan bermotor aturan ini bakal terintegrasi dengan blokir imei untuk cegah peredaran hp curian amp ilegal bikin ribet gak tuh,25,13,14,Fri Oct 03 13:12:24 +0000 2025,7327.564630863333,4.290459441148391,0.3942759301142111,0.007095523150742,4.4386802585141255e-05,bagindo_kopi,2026-08-04T20:46:16.671108+00:00,0
2070670064005853236,jurus menghapus subsidi bbm tanpa menghapus subsidi bbm royalti tdl subsidi bbm scapegoatnya pln makanya buzzer lagi digerakin bikin framing cipta kondisi biar kalau rakyat gaduh kemarahannya diarahkan ke pln bukan ke men esdm,7,5,0,Sat Jun 27 00:46:29 +0000 2026,939.5785550636112,2.8903717578961645,0.2656135150214424,0.0127581050358823,7.980968810298154e-05,tsetiady,2026-08-05T04:21:11.798229+00:00,0
2084845776883290252,ada yang gobloknya membawa dia lebih deket sama sirkel istana jadi buzzer ada yang gobloknya cuma dapet embege sama bansos aje sisanya disuruh survive sendiri awoakwoka,0,0,0,Wed Aug 05 03:35:42 +0000 2026,0.0142928494444444,0.0,0.0,0.0,0.0,mimicilok,2026-08-05T03:36:33.454258+00:00,0
2083744549646795155,lha kirain peter hidup dari bansos,0,0,0,Sun Aug 02 02:39:49 +0000 2026,73.4055898688889,0.0,0.0,0.0,0.0,tri_jabroni,2026-08-05T04:04:09.123528+00:00,0
2083485117117616570,ke sumbar dan aceh ayo jok mana tahu bisa ngobati kurap lo kl kowe kesini gak mempan dg bansos dan baju kaos lo kurap juara korup,1,0,0,Sat Aug 01 09:28:55 +0000 2026,90.5891508438889,0.6931471805599453,0.0636974321911235,0.0109183237401607,6.830073979316056e-05,Trisnoaku1,2026-08-05T04:04:15.943038+00:00,1
2066528968501813273,apbn subsidi dialokasikan di awal dan ditetapkan dalam pagu apbn gt gt pukul rata di depan langsung dikasih per liter kwh kompensasi kekurangan penerimaan badan usaha yang ditomboki pemerintah karena harga jual lebih murah dari harga keekonomian pasar baru dibayarkan,22,9,1,Mon Jun 15 14:31:14 +0000 2026,1213.8397272238888,3.7495040759303713,0.3445643123499096,0.0263409232369485,0.0001647784574568,mcitraningrum,2026-08-05T04:21:37.018006+00:00,0
2066377868134031544,stop mbg dan kdmp adalah prasyarat logis bbm murah ada yang bilang tuntutan aksi stop pemborosan apbn dan turunkan bbm itu bentrok katanya kalau bbm diturunkan apbn bakal jebol ingat pertamax bukan bbm subsidi tapi pertamina adalah bumn yang harganya dikendalikan,85,28,3,Mon Jun 15 04:30:49 +0000 2026,1223.846671668333,4.987025428457122,0.4582875368661825,0.0947057314871903,0.0005924418140702,KalanaraDika,2026-08-05T04:21:37.018006+00:00,0
2083617240390500354,banyak bansos donk ntr yg di keluarin,0,0,0,Sat Aug 01 18:13:56 +0000 2026,81.83738627666668,0.0,0.0,0.0,0.0,irianjaya0x,2026-08-05T04:04:10.590596+00:00,0
2081759039722291342,justru karena aktivitas di dapur itu adalah operasi negara maka sangat wajar memakai produk subsidi mestinya disarankan malah bukan dilarang karena akhirnya biaya produksi bahan baku makanan akan bisa ditekan dengan adanya beras subsidi dan bahan bakar juga ditekan dengan,14,4,1,Mon Jul 27 15:10:06 +0000 2026,204.90949379916668,3.198673117550681,0.2939451673772388,0.0922735501381573,0.0005772270439825,ferrykoto,2026-08-05T04:04:40.177677+00:00,0
2084625939053556091,kawal bansos 30 kpm penerima pkh dan program sembako mendapatkan edukasi literasi keuangan perlindungan data pribadi pencegahan judi online dan pinjaman online ilegal serta penguatan ketahanan keluarga dan pengelolaan keuangan rumah tangga,0,0,1,Tue Aug 04 13:02:09 +0000 2026,15.024942480555556,0.9162907318741552,0.0842034251856289,0.0624027200854783,0.0003903668775882,dinsosjabar,2026-08-05T04:03:38.792930+00:00,0
2068188901144166779,kenapa tarif listrik terancam naik cek faktanya harga batu bara dmo buat pln dipatok rendah 70 ton dibanding harga ekspor margin tipis bikin pengusaha ogah pasok ke pln biaya produksi pln bengkak butuh subsidi amp kompensasi rp245 58 t di 2026 agar tarif tak,24,12,3,Sat Jun 20 04:27:13 +0000 2026,1103.9057359772223,3.979681653901961,0.3657167040438615,0.0352971287324405,0.0002208049570954,sinau2024,2026-08-05T04:21:33.649518+00:00,0
2083343895631626469,pt pertamina persero resmi menurunkan harga bbm nonsubsidi per 1 agustus 2026 dengan pertamax turun rp300 menjadi rp15 950 liter sementara pertamax turbo dan pertamax green 95 juga lebih murah sedangkan harga bbm subsidi tetap simak selengkapnya,2,2,0,Sat Aug 01 00:07:46 +0000 2026,99.94647496777776,1.9459101490553128,0.1788212997841811,0.0396249596756776,0.0002478781655986,BloombergTZ,2026-08-05T04:04:33.309884+00:00,0
2074389274276073569,tarif listrik kuartal iii 2026 juli september seharusnya naik berdasarkan mekanisme penyesuaian tapi pemerintah putuskan tetap ditahan terlalu banyak yang sudah di subsidi alasan jaga stabilitas ekonomi amp daya beli masyarakat berlaku untuk 13 golongan pelanggan,13,0,9,Tue Jul 07 07:05:17 +0000 2026,693.2690937861111,3.3141860046725258,0.3045603361336069,0.0316880013771399,0.0001982276756151,LambeSahamjja,2026-08-05T04:21:25.737630+00:00,0
2064949352229978511,pergerakan apbn sudah memberikan sinyal mengkhawatirkan indonesia tidak bisa terus menjadikan subsidi sebagai peredam setiap kali harga minyak dunia bergejolak taja kompas61,0,0,0,Thu Jun 11 05:54:25 +0000 2026,1318.4537160147222,0.0,0.0,0.0,0.0,hariankompas,2026-08-05T04:21:38.377653+00:00,0
2084618077329846613,bansos kakkk,1,0,0,Tue Aug 04 12:30:54 +0000 2026,15.54577581388889,0.6931471805599453,0.0636974321911235,0.0604383868878833,0.000378078781559,umikharuto,2026-08-05T04:03:38.792930+00:00,0
2051582243517464762,200 kendaraan listrik bakal dapat subsidi bisnis,1,0,0,Tue May 05 08:38:18 +0000 2026,2203.7255622088887,0.6931471805599453,0.0636974321911235,0.0004535711914176,2.8373630110214574e-06,liputan6dotcom,2026-08-05T04:21:50.023952+00:00,0
2083420857532362761,dukungan terhadap penyaluran bansos dan bpnt melalui koperasi desa diharapkan dapat mendekatkan layanan kepada masyarakat sekaligus memperkuat perputaran ekonomi di tingkat desa koperasidesa bpnt ekonomidesa jagaindonesia dialogbukankonfrontasi,0,0,0,Sat Aug 01 05:13:35 +0000 2026,94.84586556694444,0.0,0.0,0.0,0.0,gamalielfabian_,2026-08-05T04:04:20.116041+00:00,0
2083383660691288413,wakil ketua komisi ii dpr ri bahtra banong tegaskan pemanfaatan data kependudukan amp identitas kependudukan digital ikd penting agar bansos tepat sasaran dan bermanfaat bagi masyarakat berhak jagaindonesia bansostepatsasaran satudata ikd dprri,0,0,0,Sat Aug 01 02:45:46 +0000 2026,97.30993813138888,0.0,0.0,0.0,0.0,Faridaiu,2026-08-05T04:04:21.777273+00:00,0
2073624275853213996,lho bukannya setiap kita beli bbm subsidi ttp kena pajak pbbkb yg besarnya 5 10 tergantung daerah kakau pertalite 10rb pbbkb misal 10 rp 1000 tiap motor sekalli isi 5ltr rp 5000 minggu per tahun rp260000 sudah lebih besar dr pkb motornya,6,1,0,Sun Jul 05 04:25:28 +0000 2026,743.926538271389,2.19722457733622,0.2019160828303189,0.0093968997483209,5.878330958549066e-05,goent79,2026-08-05T04:21:03.537777+00:00,1
2069318524431225261,baca selengkapnya di,0,0,0,Tue Jun 23 07:15:56 +0000 2026,1029.0885887411112,0.0,0.0,0.0,0.0,KontanNews,2026-08-05T04:21:14.919468+00:00,0
2084621031663394916,bansos,0,0,0,Tue Aug 04 12:42:38 +0000 2026,15.350220258333334,0.0,0.0,0.0,0.0,alayours_,2026-08-05T04:03:38.792930+00:00,0
2063096719030775890,demi tarif listrik tak naik pemerintah pikul beban subsidi rp201 triliun,0,0,0,Sat Jun 06 03:12:42 +0000 2026,1441.14997711,0.0,0.0,0.0,0.0,rmol_id,2026-08-05T04:21:41.917596+00:00,0
2083858848360935907,ada amplop bansos kalee,0,0,0,Sun Aug 02 10:14:00 +0000 2026,65.83431819527777,0.0,0.0,0.0,0.0,il_Diavoli,2026-08-05T04:04:03.545503+00:00,0
2075274335963722075,10 6 juta kelas menengah kita turun kelas ini bukan sekadar angka statistik tapi alarm nyata struktur ekonomi kita sedang menjepit mereka yang mandiri diperas kenaikan bbm kurs dolar amp bi rate berjuang sendiri tanpa bansos runtuh pelan pelan karena inflasi islam,2,1,0,Thu Jul 09 17:42:13 +0000 2026,634.6457970772221,1.6094379124341005,0.1479008573767524,0.0047196095904265,2.9524021656852168e-05,sinau2024,2026-08-05T04:20:57.869478+00:00,0
2084214457602060670,menteri energi dan sumber daya mineral esdm bahlil lahadalia memastikan harga bahan bakar minyak bbm nonsubsidi termasuk pertamax akan terus mengikuti dinamika harga minyak mentah dunia sementara untuk harga bbm subsidi dipastikan tidak akan mengalami kenaikan bahlil,2,0,0,Mon Aug 03 09:47:04 +0000 2026,42.28962582444445,1.0986122886681098,0.1009580414151594,0.0462004455319328,0.000289011819369,inilahdotcom,2026-08-05T04:04:26.652968+00:00,0
2083511654587998492,akibat naiknya bbm non subsidi,1,0,0,Sat Aug 01 11:14:22 +0000 2026,88.83551579861111,0.6931471805599453,0.0636974321911235,0.0111314549831466,6.963400503747875e-05,atmawiratna_,2026-08-05T04:04:29.856875+00:00,0
1399000349734629379,capek pemerintah ngutang untk buatin jln speda eh yg pke sepeda pke jln gede yg notabenenya duit dri pajak,37,0,0,Sun May 30 13:50:50 +0000 2021,45414.965803932224,3.6375861597263857,0.3342795069315044,0.000814691471271,5.096389474724424e-06,rizz_zzkk,2026-08-04T20:48:46.894156+00:00,0
2031762468704501852,jika pemerintah serius sih lbh tepat kasih subsidi agr harga panel terjangkau masyarakat bisa mandiri energi agr soal energi listrik tdk dipakai mainan kartel pln cntoh yg berhasil gembrakan pk jk waktu ganti minyak ke gas dgn membagikan kompor dan tabung gas effektif,5,0,0,Wed Mar 11 16:01:35 +0000 2026,3516.342524288056,1.791759469228055,0.164655473606283,0.0014215277487119,8.892518593893815e-06,Yudha8152037677,2026-08-05T04:22:08.087437+00:00,0
2084604254720082090,gpp ampas treasure link penting dpet bansos big time,0,0,0,Tue Aug 04 11:35:59 +0000 2026,16.461472568333335,0.0,0.0,0.0,0.0,inod_doni72791,2026-08-05T04:03:40.301246+00:00,0
2084773078433960163,lu kira rakyat beli barang di alfa indomart atau beli pulsa kuota kagak kena pajak ppn kocakkk kocakkk,1,0,0,Tue Aug 04 22:46:49 +0000 2026,5.589613214722222,0.6931471805599453,0.0636974321911235,0.1517539751446783,0.000949313192721,lafuanskar,2026-08-05T04:22:11.607573+00:00,0
2083807963383558410,bansos scudetto aja kalah telak sama bansos degradasi epl tim itali lagi kere2 smua kecuali como,0,0,0,Sun Aug 02 06:51:48 +0000 2026,69.20513988694445,0.0,0.0,0.0,0.0,Bolaplastik_x,2026-08-05T04:04:06.503593+00:00,0
2077996466203918819,pantauan pagi ini antrean kendaraan terjadi di spbu pertamina petukangan selatan dalam keadaan normal dan stok persediaan bbm subsidi masih aman melayani masyarakat hal itu dikatakan operator spbu ibu kartika jumat 17 7 siang ivc,0,1,1,Fri Jul 17 05:58:59 +0000 2026,454.09702398194446,1.5040773967762742,0.1382186506391953,0.0043946672788599,2.749131033611493e-05,RadioElshinta,2026-08-05T04:04:48.286335+00:00,0
2072879568797712881,kalau udah dibayar pajaknya apalagi bayar denda juga pihak yg nempelin stiker ganti rugi juga atas pembelian bbm non subsidi yg terpaksa dilakukan si pemilik kendaraan nggak,39,0,0,Fri Jul 03 03:06:16 +0000 2026,793.2470769997221,3.688879454113936,0.3389931539501231,0.0491031079992424,0.0003071697343206,_pandangsudut,2026-08-05T04:21:05.477199+00:00,0
2083692749564621186,itu minyak biasa dpt pas warga dpt bansos,0,0,0,Sat Aug 01 23:13:59 +0000 2026,76.83655294333334,0.0,0.0,0.0,0.0,AzkaAdiztx,2026-08-05T04:04:10.590596+00:00,0
2074064683720724621,info yg viral ini mulai 7 juli kendaraan belum bayar pajak tak bisa beli bbm subsidi itu bukan aturan nasional dasarnya pergub ntt no 13 2025 berlaku di seluruh ntt sejak 1 juli khusus sikka baru resmi 7 juli setelah masa sosialisasi,12,2,1,Mon Jul 06 09:35:29 +0000 2026,714.7591617877778,2.917770732084279,0.2681313703188468,0.0209567698198007,0.0001310973109454,TxtRabbitHole,2026-08-05T04:21:01.982436+00:00,0
2084623705708314843,buat cari bansos wkwkkwkw,0,0,0,Tue Aug 04 12:53:16 +0000 2026,15.172998036111112,0.0,0.0,0.0,0.0,IanPrihatmanto,2026-08-05T04:03:38.792930+00:00,0
2084641891140649355,mulai 17 agustus 2026 penyaluran bantuan pangan beras untuk 33 24 juta penerima akan melalui kopdes merah putih koperasi desa ini berpeluang menjadi simpul distribusi bansos nasional,0,0,1,Tue Aug 04 14:05:32 +0000 2026,13.96822674111111,0.9162907318741552,0.0842034251856289,0.0668081809085268,0.0004179257080923,dogaevidence,2026-08-05T04:03:37.616268+00:00,1
2068573614580920799,buzzer tolol lha tempat usaha ku kena tarip listrik non subsidi juga ikut kena pemadaman cuk lagi pula emangnya subsidi itu duitnya pln ya duitnya rakyat juga dari pajak,19,6,0,Sun Jun 21 05:55:56 +0000 2026,1078.4262789786112,3.4657359027997265,0.3184871609556177,0.0231604515165739,0.0001448826770639,herry_zudianto,2026-08-05T04:21:30.604323+00:00,1
2084830402649489587,kosong pagi ini open joki tugas ujian pajak brevet ab ppn kup a pph op spt badan auditing akuntansi pajak etika bisnis asp manajemen sia makalah resume ppt pph 21 langsung ke link bio jokitugas zonauang zonajajan jokitugaskuliah jokitugasmurah,0,0,0,Wed Aug 05 02:34:36 +0000 2026,1.7932240419444443,0.0,0.0,0.0,0.0,yourgirllust,2026-08-05T04:22:11.606551+00:00,0
2084246924119728534,bansos 20 tikun kan ya apa 10 si hiksd,0,0,0,Mon Aug 03 11:56:04 +0000 2026,40.129464936666665,0.0,0.0,0.0,0.0,lvlyylili,2026-08-05T04:03:50.073772+00:00,1
2084318217607254460,perbedaan versi virtual vs fisik virtual bisa diunduh pdf lewat aplikasi cek bansos praktis bisa disimpan di hp fisik dicetak amp didistribusikan lewat dinas sosial kelurahan desa menurut permensos 2 2021 keduanya setara 3 10,0,0,1,Mon Aug 03 16:39:22 +0000 2026,35.407364924166664,0.9162907318741552,0.0842034251856289,0.0274669699958486,0.0001718225631735,musobandi,2026-08-05T04:03:48.513727+00:00,0
2084841648241119703,kalender pajak agustus 2026 15 agu batas setor pph 21 pph unifikasi pph 25 masa 17 agu hari kemerdekaan republik indonesia 20 agu batas upload faktur pajak keluaran masa batas lapor spt masa pph 21 pph unifikasi masa 31 agu batas pelaporan dan pembayaran spt ppn masa,0,0,1,Wed Aug 05 03:19:18 +0000 2026,0.2888817394444444,0.9162907318741552,0.0842034251856289,0.7758663726829095,0.0048535149255519,pajak_cileungsi,2026-08-05T03:36:37.974262+00:00,0
1797203063226474833,saya tahu pemerintah butuh uang banyak saya usul cara2 ini perlu dihidupkan lagi 1 pening untuk sepeda 2 pajak radio setiap hp kan ada radionya 3 iuran tv 4 retribusi ke luar daerah dulu orang masuk bali dipungut dana ini di gilimanuk 5 pajak toilet umum 6 dll,9,4,5,Sun Jun 02 09:46:15 +0000 2024,19043.035621077222,3.2386784521643803,0.2976214963883166,0.0009451778162018,5.912660736117681e-06,mpujayaprema,2026-08-04T20:48:23.235878+00:00,0
1278019714581594113,yaah lagu lamaa china nolongin indonesia bukan mencaplok indonesia pemerintah bukan pungut pajak sepeda tapi mau ngebunuh pelan pelan rakyat rakyatnyaa kentutjugapajakinaja,2,0,0,Tue Jun 30 17:36:59 +0000 2020,53427.19977325806,1.0986122886681098,0.1009580414151594,3.743341547137514e-05,2.341687268600823e-07,IMaidatus,2026-08-04T20:48:58.183729+00:00,0
2084648524877324311,eh tapi kampusku juga gini kok kita cuma disuruh beli yg tempat id card yg tali warnanya beda tergantung prodi sama bawa sembako buat bansos ospeknya di ruangan dan yaa isinya ngejelasin sistem cara absesnsi cara pakai aplikasi program kampus ya gitu2 aja sih,5,0,1,Tue Aug 04 14:31:53 +0000 2026,13.529060074444445,2.0149030205422647,0.1851614666007883,0.4129654615823058,0.0025833495329824,candybearyyy,2026-08-05T04:03:37.616268+00:00,0
2083965083408068900,pernah mulangin pasien arogannya minta ampun euy perkara pulang gamau lewat jalur khusus maunya lewat lobby ampe keluar sebentar saya nelpon bupati bogor dulu peduli apa gw jir usut punya usut di kelas 1 karena bansos dan udh ga punya uang beli pampers lol okay,0,0,0,Sun Aug 02 17:16:08 +0000 2026,58.797740266388885,0.0,0.0,0.0,0.0,rafnarhaz,2026-08-05T04:03:59.864959+00:00,0
2073946716706140322,yg bener yg mana nih beda daerah beda kebijakan sama2 pertamina beda gubernur sudah ada pengamat yg berbicara ttg korelasi bayar pajak amp beli pertalite blm sih dikira pajak itu cm kendaraan shg rakyat ga boleh dpt subsidi u bbm klo maunya gitu knp ga sekalian aja,32,16,6,Mon Jul 06 01:46:43 +0000 2026,722.5719395655556,4.30406509320417,0.3955262347010939,0.0746297597339422,0.0004668544294638,Jelli_cent,2026-08-05T04:21:01.982436+00:00,0
2064710099281612811,nggak gitu subsidi barang apalagi terbuka bukan targeted itu lebih banyak mudharatnya dibanding subsidi langsung berupa uang indonesia menyubsidi semua energi bbm listrik lpg di antara 3 ini yg paling efektif listrik karena basis datanya lumayan bagus,46,21,2,Wed Jun 10 14:03:42 +0000 2026,1334.2994420883333,4.5217885770490405,0.4155341453405348,0.0516738027629876,0.0003232509898617,mcitraningrum,2026-08-05T04:21:39.991518+00:00,0
2079059542936359232,penyesuaian harga bahan bakar minyak bbm di seluruh jaringan spbu resmi seperti pertamina shell bp dan vivo terpantau stabil mengacu pada tarif terbaru per 20 juli 2026 pertamina tetap mempertahankan harga bbm subsidi seperti pertalite dan biosolar sementara deretan produk,2,0,3,Mon Jul 20 04:23:16 +0000 2026,383.6918393733333,2.0149030205422647,0.1851614666007883,0.0129974163427668,8.130672553199246e-05,Metro_TV,2026-08-05T04:04:46.621744+00:00,0
2033865155155792350,kementerian esdm menetapkan tarif tenaga listrik pada kuartal ii 2026 atau periode april juni tidak mengalami kenaikan kebijakan ini diambil menjelang lebaran untuk menjaga daya beli masyarakat di tengah kondisi ekonomi secara perhitungan tarif listrik berpotensi naik,10,1,1,Tue Mar 17 11:16:55 +0000 2026,3377.086461585278,2.6741486494265287,0.2457434828317818,0.0035523069455032,2.222183534069524e-05,kumparan,2026-08-05T04:22:06.261707+00:00,0
1277622743308005377,mumpung lagi tren pemerintah akan menarik pajak sepeda,46,25,32,Mon Jun 29 15:19:33 +0000 2020,53453.491981160834,4.976733742420574,0.4573417723996578,0.001926872675851,1.205375773606784e-05,kompasiana,2026-08-04T20:49:04.132179+00:00,0
2070498336352948337,baca di sini industri daur ulang baterai kendaraan listrik ev guna mendukung ekonomi sirkular kini terus disiapkan dari berbagai aspek termasuk saran untuk pengadaan insentif dan subsidi da indonesia ev,3,0,0,Fri Jun 26 13:24:06 +0000 2026,950.9558911061112,1.3862943611198906,0.1273948643822471,0.0031514065179156,1.971395991592545e-05,kompascom,2026-08-05T04:21:27.207982+00:00,0
2070716137642631427,tolong dicatat ya kalo saya jadi presiden sekolah gak bayar kesehatan gratis subsidi listrik subsidi bbm,2,1,0,Sat Jun 27 03:49:33 +0000 2026,936.5274439525,1.6094379124341005,0.1479008573767524,0.0031999063273842,2.001735565187976e-05,andik501,2026-08-05T04:21:11.798229+00:00,0
2084281485230743704,mendagri tito integrasi data dukcapil perkuat bansos tepat sasaran,2,0,1,Mon Aug 03 14:13:24 +0000 2026,37.84014270194445,1.5040773967762742,0.1382186506391953,0.0772396750192632,0.0004831810331648,kompascom,2026-08-05T04:03:48.513727+00:00,0
2078067870794391573,anggota komisi xii dpr ri dari fraksi pkb ratna juwita sari mendesak aparat penegak hukum memberikan sanksi tegas kepada oknum praktik penyalahgunaan bbm bersubsidi melalui modus ambil jatah sistematis,3,1,0,Fri Jul 17 10:42:43 +0000 2026,449.36813481527776,1.791759469228055,0.164655473606283,0.0088816230340999,5.555994108891188e-05,FraksiPKB,2026-08-05T04:04:48.285335+00:00,0
2078661233163853841,ya tutup aja sekalian subsidi bbm nya kao berani ngetik panjang panjang bodoh lagi,8,0,0,Sun Jul 19 02:00:32 +0000 2026,410.0707282622222,2.19722457733622,0.2019160828303189,0.019461371121752,0.0001217426847415,bukeksianz_,2026-08-05T04:04:46.621744+00:00,0
2079549835280372168,mbg itu bagus jika langsung diserahkan ke orang tua siswa tapi jika subsidi bbm di cabut sangat fatal karena bisa seluruh harga kebutuhan naik dan makan bergizi itu urusan orang tua urusan pemerintah memsejahterakan rakyatnya,2,0,0,Tue Jul 21 12:51:31 +0000 2026,351.2205855447222,1.0986122886681098,0.1009580414151594,0.0056782598237605,3.552096053665041e-05,BryokAceh,2026-08-05T04:04:45.107961+00:00,0
2084806795927675029,sbenernya merangkap markas pemenangan pemilu juga di sana bakal disalurkan bansos sembako bantuan kredit dijerat dengan kredit agar suara secara signifikan bisak diraih bantuan dll untuk masyarakat mengolah data quick count secara realtime,1,0,0,Wed Aug 05 01:00:48 +0000 2026,3.046277738333333,0.6931471805599453,0.0636974321911235,0.2471407215887017,0.0015460151685587,_sixbalax_,2026-08-05T04:03:34.599858+00:00,0
2082849372048642477,polsek paloh intensifkan monitoring penyaluran bbm subsidi di spbu tanah hitam antrean terpantau terkendali,0,0,0,Thu Jul 30 15:22:42 +0000 2026,132.69821855055557,0.0,0.0,0.0,0.0,POLSEKPALOH,2026-08-05T04:04:35.586782+00:00,0
2082364856586440981,lebih baik dibuat jg subsidi utk umkm pedagang yg jualan gorengan cilok sempol dkk engga bisa kalo saklek cm hrs utk konsumsi rumah tangga mereka yg kerjanya jualan jg hidupnya ditopang oleh gas 3 kg ini jadi shrusnya ada khusus utk pedagang umkm sama kyak aturan barcode,0,0,0,Wed Jul 29 07:17:24 +0000 2026,164.78738342805556,0.0,0.0,0.0,0.0,pluviophile171,2026-08-05T04:04:38.580341+00:00,0
2084117617963307236,serius yank tikunnya berapa ya 20an apa ya soalnya pas bansos 30 hari aku sering gak login akun caleb,0,0,1,Mon Aug 03 03:22:15 +0000 2026,48.69428891,0.9162907318741552,0.0842034251856289,0.0201230367097328,0.0001258818044663,bonfleurs,2026-08-05T04:03:54.440076+00:00,0
1621081630818578438,ketua mpr usul pemerintah bikin jalan tol khusus motor singgung soal pembayaran pajak ketua mpr telah mengusulkan pemerintah terkait dibangunnya jalan tol khusus sepeda motor,0,0,0,Thu Feb 02 09:42:33 +0000 2023,30707.101380399723,0.0,0.0,0.0,0.0,pikiran_rakyat,2026-08-04T20:48:37.969439+00:00,0
2084598508708131268,bansos dari card zayne aja aku cuma ambil 4 hari hbs itu lupa login,0,0,0,Tue Aug 04 11:13:09 +0000 2026,16.84202812388889,0.0,0.0,0.0,0.0,phaixiaa,2026-08-05T04:03:40.301246+00:00,0
2083444251313201357,gppa cmn lagi rebutan bansos,0,0,0,Sat Aug 01 06:46:32 +0000 2026,93.29605923277776,0.0,0.0,0.0,0.0,kidrynme,2026-08-05T04:04:17.813238+00:00,0
1803588053757469151,sepertinya pemerintah bener2 desperate nyari duit sampe2 pajak sepeda mau diadakan lagi setelah puluhan tahun dihapus jaman soeharto dulu pajak sepeda namanya peneng plombir,8388,1937,1648,Thu Jun 20 00:37:55 +0000 2024,18620.17450996611,9.597980895171796,0.8820157599833619,0.6429777022707142,0.0040222156606385,MurtadhaOne1,2026-08-04T20:48:23.235878+00:00,1
2084566735441596540,bro gaya gayaan minta keluarin kartu ozil padahal koleksi kartunya bansos semua kalopun ada keluar kartu ozil ngegacha nya juga belum tentu dapet akun gue bau gapernah hoki hahah mau dijual juga paling cuma dapet teh pucuk wkwkk,2,0,0,Tue Aug 04 09:06:53 +0000 2026,18.94706586305556,1.0986122886681098,0.1009580414151594,0.1002653730493891,0.000627220745408,blessedrak,2026-08-05T04:03:42.437107+00:00,0
1748696817234247694,asosiasi pengemudi ojek daring garda indonesia menolak keras wacana atau rencana pemerintah yang akan menaikkan pajak semua kendaraan berbahan bakar fosil termasuk sepeda motor lt kenaikanpajak ojek,5,1,2,Sat Jan 20 13:19:45 +0000 2024,22255.47937547028,2.3978952727983707,0.220356910947978,0.0003594458883203,2.2485521287107186e-06,kompascom,2026-08-04T20:48:30.751693+00:00,0
2072141960476033391,pt pertamina patra niaga menurunkan harga bahan bakar minyak bbm non subsidi mulai rabu 1 7 2026 mengacu pada daftar harga terbaru penyesuaian harga hanya berlaku untuk tiga jenis bbm nonsubsidi yaitu pertamax turbo dexlite dan pertamina dex,5,2,0,Wed Jul 01 02:15:16 +0000 2026,842.0975011241666,2.302585092994046,0.211598289567876,0.0083027170530885,5.19385329208868e-05,Bisniscom,2026-08-05T04:21:07.004047+00:00,0
2082558831469486331,temuan ronda malam naiknya inflasi kebanyakan dari bbm non subsidi harga pangan beras cabai bawang intinya masih terkendali 2 76 bi tahan suku bunga biar rupiah lebih stabil amp inflasi nggak lepas artinya buat kita yang biasa di pos ronda biaya hidup naik dikit,0,0,1,Wed Jul 29 20:08:12 +0000 2026,151.94025432194445,0.9162907318741552,0.0842034251856289,0.0065385009619178,4.090229081544956e-05,malodabivictor,2026-08-05T04:04:36.915559+00:00,0
2084809522519146839,wak wau ciri cirinya ada dipendukung jokowi semua ulama gadungan yg mencabuli santrinya otak mesum kader psi yg melecehkan wanita koruptor dana bansos dana haji peyebar hoax ade armando cs,0,0,0,Wed Aug 05 01:11:38 +0000 2026,2.8657221827777777,0.0,0.0,0.0,0.0,RochideP,2026-08-05T04:03:34.599858+00:00,0
2056108182762844556,resmi berubah tarif listrik pln mulai 1 juni 2026 semua golongan subsidi dan non subsidi baca,0,0,0,Sun May 17 20:22:46 +0000 2026,1903.9836106672224,0.0,0.0,0.0,0.0,tribunpontianak,2026-08-05T04:21:46.998402+00:00,0
2064475527071842485,dia gak pernah komentar mbg gak tepat sasaran motor listrik mbg laptop dan semua belanja mbg yg jelas penuh markup dia cuma mengawasi dan mengutak atik subsidi buat rakyat,3,0,0,Tue Jun 09 22:31:36 +0000 2026,1349.8344420883334,1.3862943611198906,0.1273948643822471,0.0022208495034832,1.3892761166188693e-05,ImanKurniaRadi,2026-08-05T04:21:39.991518+00:00,0
2049381739999703235,itungan gw asumsi 11 juta entire budget for family dengan anak 1 kpr pasti rumah subsidi 2 juta bln sewa rumah 10 12 juta tahun anggap 1 juta bln biaya rumah tangga 1 juta minggu 4 4 5 juta bulan sekolah les 800 1 juta bln bensin 500k bln listrik air 500k bln,22,2,11,Wed Apr 29 06:54:17 +0000 2026,2349.4596418775004,3.7727609380946383,0.3467015242469413,0.0148907045143062,9.315039181586828e-05,ardi_tama1,2026-08-05T04:21:51.710759+00:00,0
2070886037996618019,4 mei 1998 api yang disiram bensin imf mensyaratkan pencabutan subsidi pemerintah mengeksekusi mendadak sekaligus tanpa persiapan 4 mei 1998 harga bbm dan listrik naik drastis dalam satu malam yang menarik imf sendiri dalam suplementnya april 1998 menyatakan subsidi,5,0,1,Sat Jun 27 15:04:41 +0000 2026,925.2747930202778,2.0149030205422647,0.1851614666007883,0.0064775594080844,4.052106441934478e-05,suwondo99,2026-08-05T04:21:10.254873+00:00,0
2036338619523444898,1 ganti baterai mahal gak 2 listriknya darimana 3 infrastruktur banyak gak 4 plt nuklir mana 5 subsidi baterai mana 6 biaya listrik bengkak gak 7 pln hasilin listrik darimana mending sepeda sama becak e bike ini malah ambisi buta,5,0,3,Tue Mar 24 07:05:34 +0000 2026,3213.275189703889,2.3513752571634776,0.216081909008217,0.0024888970383201,1.55695611370258e-05,Fiona_Christie_,2026-08-05T04:22:04.682934+00:00,0
2084270835976868142,yang gak nurut gak dapet bansos blt,0,0,0,Mon Aug 03 13:31:05 +0000 2026,38.54542047972223,0.0,0.0,0.0,0.0,sibambaang,2026-08-05T04:03:48.513727+00:00,0
2084139122248351845,beredar video yang menampilkan armada kdmp mengantre mengisi biosolar unggahan ini memicu sorotan dan dugaan penyalahgunaan bbm subsidi hingga kini belum ada keterangan resmi terkait lokasi waktu maupun kebenaran klaim dalam video tersebut sc ig suaraakarrumputt,51,20,6,Mon Aug 03 04:47:42 +0000 2026,47.27952001611112,4.61512051684126,0.4241109744367426,1.594879153195904,0.009976936811581,Kosimatkasah,2026-08-05T04:04:28.272058+00:00,0
2084278395597467807,masih buntu kek bansos,0,0,0,Mon Aug 03 14:01:08 +0000 2026,38.04458714638889,0.0,0.0,0.0,0.0,celsijulid,2026-08-05T04:03:48.513727+00:00,0
2077714122268094905,bph migas mengungkap telah memblokir 307 107 qr code bbm subsidi yang terindikasi ilegal jumlah tersebut terus bertambah seiring ditemukannya qr code hasil duplikasi yang digunakan untuk membeli bbm subsidi secara tidak sah kepala bph migas wahyudi anas mengatakan pemblokiran,19,10,1,Thu Jul 16 11:17:03 +0000 2026,472.7963251102778,3.725693427236653,0.342376209702836,0.0633183467453391,0.0003960946779109,kumparan,2026-08-05T04:04:49.770397+00:00,0
2074752094914191481,jangannya menyebar hoax ingat dosa sy tidak ada urusan dengan pemerintah tapi berita tanpa sumber janganlah main sebar dan percaya masa kalah sama emak emak kayak saya apa apa saya cek dan ricek nih ternyata hoax,4,0,1,Wed Jul 08 07:07:01 +0000 2026,661.6873255672222,1.871802176901592,0.172011075832509,0.007545036410226,4.719878076972839e-05,FeyDown,2026-08-04T20:48:15.372042+00:00,0
2073169250869731441,pemerintah provinsi nusa tenggara timur ntt mulai memberlakukan kebijakan yang melarang kendaraan dengan tunggakan pajak kendaraan bermotor pkb membeli bbm bersubsidi seperti pertalite dan biosolar sejak 1 juli 2026 aturan tersebut tercantum dalam peraturan gubernur,7,4,2,Fri Jul 03 22:17:21 +0000 2026,774.0618160491667,2.9444389791664403,0.2705820747403808,0.0167728557010675,0.0001049243895024,netizenviral_,2026-08-05T04:21:03.537777+00:00,0
2083807368102694921,ini ngantri matcha atau ngantri bansos,0,0,1,Sun Aug 02 06:49:26 +0000 2026,69.24458460833333,0.9162907318741552,0.0842034251856289,0.0142359728593422,8.905464804930837e-05,bbarbieie,2026-08-05T04:04:06.504590+00:00,0
2084176015996383573,pemerintah kebut perpres kopdes merah putih siapkan jadi pusat distribusi bansos dan barang subsidi,0,0,0,Mon Aug 03 07:14:18 +0000 2026,44.82638402166666,0.0,0.0,0.0,0.0,lampungpost_,2026-08-05T04:03:52.982478+00:00,0
2084849089242657154,ada bansos nya ga nih pelit2 amat dev sekarang bagi2 reward ga kaya dulu cuma daftar bisa dapat 100 1000,0,0,0,Wed Aug 05 03:48:52 +0000 2026,0.2447329780555555,0.0,0.0,0.0,0.0,AIOS_0,2026-08-05T04:03:33.038721+00:00,0
2083981514698879136,7000 org miskin yg terima bansos ga seberapa tapi bela mati2 an kaowkaowkaowkaok,0,0,0,Sun Aug 02 18:21:26 +0000 2026,57.709406933055554,0.0,0.0,0.0,0.0,damsikkkk,2026-08-05T04:03:59.864959+00:00,0
2077649441771995636,woi sekolah gratis juga itu janji presiden jangan pura2 pikunlahh sekedar mengingatkan janji beliau sodara sodara kesehatan ga bayar subsidi listrik subsidi bbm sekolah harus kita bikin ga bayar dst dst dst,81,36,44,Thu Jul 16 07:00:02 +0000 2026,477.0799362213889,5.393627546352362,0.4956526327069775,0.336763766479094,0.0021066616939968,KangManto123,2026-08-05T04:04:49.770397+00:00,0
2059446322550513804,pernah kepikiran gak skrg pajak dan listrik dibuat murah tapi nanti klo 80 sudah beralih ke listrik semua baru pajak dan listrik dinaikkan tanpa subsidi dan insentif,2,0,0,Wed May 27 01:27:20 +0000 2026,1682.9065181758333,1.0986122886681098,0.1009580414151594,0.0011877143881874,7.429874155296521e-06,mahestra2211,2026-08-05T04:21:43.465433+00:00,1
2084427527590969366,kelas menengah ini hancur di tangan prabowo pendapatan mereka pas pasan dipajak gede gedean tapi benefit bansos ga dapat dari kaum menengah jadi kaum kejepit,321,52,4,Mon Aug 03 23:53:44 +0000 2026,28.167532171666668,6.068425588244111,0.5576638530099726,12.925330733541376,0.080855786307647,meow_leader2,2026-08-05T04:03:47.115818+00:00,0
1912777642056491407,pajak kendaraan bermotor di indonesia adalah scam kita semua dipaksa beli sewa kendaraan pribadi minimal sepeda motor mengapa karena pemerintah inkompeten dan terlalu korup sehingga gagal menyediakan transportasi umum yang layak dan andal udah tuh kita kudu bayar pajak lagi,1437,850,15,Thu Apr 17 07:58:22 +0000 2025,11388.833676632776,8.058485521912353,0.7405423400561186,0.2021100628293414,0.0012643210752315,niwseir,2026-08-04T20:48:23.235878+00:00,0
2050182249916842495,tarif listrik pln per kwh 1 10 mei 2026 untuk subsidi dan non subsidi,0,1,0,Fri May 01 11:55:13 +0000 2026,2296.4440863219443,1.0986122886681098,0.1009580414151594,0.0004352663056975,2.7228548441759032e-06,KompasTV,2026-08-05T04:21:51.710759+00:00,0
2080013526333337966,penimbun 13 ton solar subsidi ditangkap polres bangkabarat ribuan liter bbm dan barang bukti disita,2,1,0,Wed Jul 22 19:34:04 +0000 2026,320.5109632986112,1.6094379124341005,0.1479008573767524,0.0093309415306428,5.837070091312818e-05,jokbangkas,2026-08-05T04:04:43.467875+00:00,0
2068221036492202210,pantesan kemarin ev dapet subsidi banyak ternyata buat naik ojek kalo lagi ga bisa ngecas karena mati listrik,3,0,1,Sat Jun 20 06:34:55 +0000 2026,1101.777402643889,1.7047480922384253,0.1566594787568544,0.0036272052640996,2.2690369768793897e-05,wicksprab,2026-08-05T04:21:33.649518+00:00,0
2067027360722145424,pemerintah memastikan bahwa program insentif subsidi untuk kendaraan listrik mobil dan motor akan mulai berjalan kembali saat ini kementerian perindustrian sedang merampungkan regulasi dan petunjuk teknisnya agar ekosistem motor listrik di indonesia semakin cepat berkembang,6,0,0,Tue Jun 16 23:31:40 +0000 2026,1180.8320593905555,1.9459101490553128,0.1788212997841811,0.0050768634615429,3.175886138792443e-05,SmwGwOto,2026-08-05T04:21:35.413806+00:00,0
2083808732991951193,2029 gedung kura kura harus bersih dari para calon legislatif berkarakter bedebah rakyat harus kuat dari godaan bansos dsj kalo masih gampang oleng maka nkri tidak akan berubah jadi lebih baik,1,1,1,Sun Aug 02 06:54:51 +0000 2026,69.15430655361111,1.7047480922384253,0.1566594787568544,0.0427628772541203,0.0002675077440135,Dogelkarya76_82,2026-08-05T04:04:06.503593+00:00,0
2084196438884696297,sesuai janji ketika bansos tikun habiz,0,0,0,Mon Aug 03 08:35:28 +0000 2026,43.47318325805556,0.0,0.0,0.0,0.0,istriqinche,2026-08-05T04:03:51.459729+00:00,0
2039217358183780722,menjaga stabilitas ekonomi ketahanan apbn dan kesejahteraan rakyat pemerintah republik indonesia kembali menunjukkan kepemimpinan yang bijak di tengah gejolak harga minyak dunia yang dipicu konflik timur tengah dengan tegas menyatakan tidak ada kenaikan harga bbm subsidi,4,3,1,Wed Apr 01 05:44:39 +0000 2026,3022.622720532222,2.525728644308256,0.2321042825623813,0.0026458327441698,1.655128919937172e-05,DidikMukrianto,2026-08-05T04:22:00.793916+00:00,0
1748193690701680883,pemerintah berencana menaikkan pajak sepeda motor bermesin bensin,2,2,8,Fri Jan 19 04:00:30 +0000 2024,22288.80221373305,2.9444389791664403,0.2705820747403808,0.0005383627851397,3.367785877872432e-06,liputan6dotcom,2026-08-04T20:48:37.969439+00:00,0
2078539288783069394,sopir tangki tuduh pasokan subsidi sengaja dibatasi untuk dorong penjualan pertamax dugaan under invoicing ekspor cpo ke singapura harga rendah via afiliasi sementara ri impor bbm olahan mahal faktanya spbu minta 24 000 liter subsidi kirim hanya 8 000 liter,25,12,12,Sat Jul 18 17:55:58 +0000 2026,418.1468393733333,4.219507705176107,0.3877557515465278,0.1169041381136499,0.0007313063166165,IDNInsight,2026-08-05T04:04:46.621744+00:00,1
2070016569623932998,subsidi bbm diputus yang protes rakyat beasiswa pendidikan diputus yang protes rakyat mbg diputus yang protes,2,0,1,Thu Jun 25 05:29:43 +0000 2026,982.8583793525,1.5040773967762742,0.1382186506391953,0.0030492193418877,1.9074717126814373e-05,cedricbadd,2026-08-05T04:21:13.165669+00:00,0
2079475084423819379,baca selengkapnya gubernur sumatera barat mahyeldi ansharullah memprotes perbedaan alokasi bbm subsidi di jawa dan luar jawa yang dinilai memicu antrean di sumbar ia juga menilai distribusi bbm terhambat perbaikan jalan serta pengawasan spbu yang,3,1,0,Tue Jul 21 07:54:29 +0000 2026,356.17114110027774,1.791759469228055,0.164655473606283,0.0111991130853345,7.005724751887155e-05,kompascom,2026-08-05T04:04:45.107961+00:00,0
2084222012952879404,menteri bahlil buka suara soal fluktuasi harga bbm dan nasib subsidi,1,0,2,Mon Aug 03 10:17:05 +0000 2026,41.78934804666667,1.6094379124341005,0.1479008573767524,0.070110906965167,0.0004385862635375,KompasTV,2026-08-05T04:04:26.652968+00:00,0
2082367368676671613,bbm subsidi itu hak rakyat yang membutuhkan bukan buat dijadiin ladang cuan,1,0,0,Wed Jul 29 07:27:23 +0000 2026,164.62099453916667,0.6931471805599453,0.0636974321911235,0.0060378818686752,3.777061463174368e-05,dosenkesmas,2026-08-05T04:04:38.580341+00:00,0
2050913682381746472,definisikan kalah saing yang jelas uber udah garap market indo and then suatu hari mereka mutusin that s it it s not worth it ini juga bisa terjadi sekarang dengan demand berbasis subsidi kayak skrg,6,0,1,Sun May 03 12:21:40 +0000 2026,2248.003252988611,2.1400661634962708,0.1966634549731571,0.0031124899400203,1.9470513108180312e-05,mati_liztrik,2026-08-05T04:21:51.710759+00:00,0
2063772554079404383,bgmn pejabat daya belinya mau melemah wong semua hidupnya full subsidi dari rakyat listrik pulsa bensin makan sampai berlibur pun dibayari rakyat,2,0,1,Sun Jun 07 23:58:14 +0000 2026,1396.3910882211112,1.5040773967762742,0.1382186506391953,0.0021468578304868,1.3429898356433102e-05,bamb_oe,2026-08-05T04:21:41.917596+00:00,0
2084198493841973504,maksud lu gw penerima bansos,0,0,0,Mon Aug 03 08:43:38 +0000 2026,43.33707214694444,0.0,0.0,0.0,0.0,icekesejuta,2026-08-05T04:03:51.459729+00:00,0
2074070230100558244,pendapat ini salah besar amp oversimplified banget kayak lihat orang antre mie instan pas lebaran lalu bilang indonesia kelaparan massal padahal cuma orang orang lagi stok barang murah jelang hari raya ini lebih ke efek kebijakan pajak subsidi bukan indikator,3,0,0,Mon Jul 06 09:57:31 +0000 2026,714.3919395655555,1.3862943611198906,0.1273948643822471,0.0041935054535585,2.6232921061972984e-05,kangdede78,2026-08-05T04:21:01.982436+00:00,0
2067075554696987118,anaknya dapet makan bapaknya dikasih kenaikan listrik kelangkaan bbm subsidi soalnya dipaksa beli pertamax yg mahal pajak motor naek pajak pbb naek phk dimana mana dan satu dosa besar mbg bikin orang miskin gabisa daftar bpjs pbi yg biayanya perbulannya ditanggung pemda,30,3,2,Wed Jun 17 02:43:11 +0000 2026,1177.640114946111,3.688879454113936,0.3389931539501231,0.0296952390777911,0.0001857617383048,cucicacico,2026-08-05T04:21:35.413806+00:00,0
2084095392753533138,udh gitu bansos nya basi wkwk,0,0,0,Mon Aug 03 01:53:56 +0000 2026,50.16713018111111,0.0,0.0,0.0,0.0,valenttt____,2026-08-05T04:03:57.668652+00:00,0
2083249096023032300,kayaknya bbm mau dinaikin lagi biar bensin subsidi semakin terkuras habis,1,0,1,Fri Jul 31 17:51:04 +0000 2026,106.22480913166666,1.252762968495368,0.1151238675930576,0.0186523997216362,0.0001166820777826,rasjawa,2026-08-05T04:04:33.312874+00:00,1
1398402819837730822,sepeda motor sebagai pengguna jalan mayoritas malah dianaktirikan tol gk boleh jalur khusus gk ada pajak tetep subsidi gk ada parkir per m mahal susah cari parkir di mall gedung razia paling sering neduh hujan dibully dimana demokrasi,5,0,0,Fri May 28 22:16:27 +0000 2021,45454.48633978222,1.791759469228055,0.164655473606283,0.0001099977231048,6.881025002025046e-07,nevertiten,2026-08-04T20:45:37.823216+00:00,0
2084598475786965305,wkaksksks bener jga tp lg mayan banyak bansos buat gacha kmarin tuh 3,0,0,1,Tue Aug 04 11:13:01 +0000 2026,16.84425034611111,0.9162907318741552,0.0842034251856289,0.0560404601260223,0.000350567081179,eleggi,2026-08-05T04:03:40.301246+00:00,0
2074542363129860436,antara antara sumsel siapkan redistribusi kuota bbm subsidi untuk atasi antrean,0,0,0,Tue Jul 07 17:13:37 +0000 2026,683.1231100722223,0.0,0.0,0.0,0.0,antaranews,2026-08-05T04:21:00.196260+00:00,0
1277197574382874624,apakah nanti ada pajak khusus buat sepeda apakah nanti ada sib surat izin bersepeda apakah nanti akan di buat pasal2 khusus pengguna sepeda entahlah semoga pemerintah tidak memanfaatkan moment2 yang sedang ramai saat ini,7,1,2,Sun Jun 28 11:10:05 +0000 2020,53481.649758938605,2.5649493574615367,0.2357085080236325,0.0001869765250052,1.1696516137216038e-06,Marrphell_30,2026-08-04T20:49:04.132179+00:00,0
2074882730136158416,fix orde baru jilid 2 is real siap siap bayar pajak sepeda kayak zaman dulu lagi rakyat kecil yang cuma punya sepeda buat nyari nafkah dan antar anak sekolah pun mau diperas mau hidup hemat aja dipersulit negara kemenhub sehat logika pemerintah makin ajaib,1,0,0,Wed Jul 08 15:46:06 +0000 2026,653.0359366783333,0.6931471805599453,0.0636974321911235,0.0015289679724308,9.564622383649858e-06,YudhaShanny2,2026-08-04T20:48:15.372042+00:00,0
2084095209181487419,ada bansos,0,0,0,Mon Aug 03 01:53:13 +0000 2026,50.17907462555555,0.0,0.0,0.0,0.0,alfonsgo02,2026-08-05T04:03:57.668652+00:00,0
2065495896549376039,janji prabowo 8 nov 2023 1 gratiskan kesehatan sekolah universitas negeri 2 subsidi listrik bbm angkutan kota 100 3 makan siang gratis untuk semua anak kecuali anak orang kaya 4 subsidi bus bahkan tanpa ac jika perlu 5 ringankan beban buruh lewat angkutan gratis 6,8,6,9,Fri Jun 12 18:06:11 +0000 2026,1282.2572272238888,3.5409593240373143,0.3253998901823237,0.0179231408263771,0.0001121201209079,INDOSPORCLE,2026-08-05T04:21:37.018006+00:00,1
2074685241781047564,naikin aja pak sekalian sama bbm subsidi juga kita liat siapa yg bertahan rakyat apa pemerintah,66,0,0,Wed Jul 08 02:41:22 +0000 2026,673.6606100722222,4.204692619390966,0.3863943048744914,0.0978269651653958,0.0006119670245661,namharailua,2026-08-05T04:21:00.196260+00:00,0
1210826530051379200,di groningen belanda orang naik sepeda merasa aman dan nyaman karena jalur sepeda diberi separator sehingga kendaraan bermotor tidak mudah menyelonong di jalur sepeda pemerintah belanda mengurangi pajak penghasilan bagi pekerja yg naik sepeda sbg upaya orang suka naik sepeda,4,0,2,Sat Dec 28 07:35:15 +0000 2019,57877.23031449416,2.079441541679836,0.1910922965733706,0.0001036659201118,6.484932305988381e-07,SukhendroPragul,2026-08-04T20:49:04.132179+00:00,0
2084537070459195575,loker bank bumn amp bumd via pkss buka 4 posisi penempatan pelaihari kalsel frontliner teller min d3 s1 petugas bansos min d3 s1 sales officer pensiunan min sma smk sales officer kur min sma smk daftar gratis via rt lokertala,0,0,1,Tue Aug 04 07:09:01 +0000 2026,20.9115103075,0.9162907318741552,0.0842034251856289,0.0456381137569377,0.0002854940929162,DisnakerindTala,2026-08-05T04:03:42.437107+00:00,0
2079810929215303804,polda riau membongkar sindikat penyelewengan bbm bersubsidi di rokan hilir tiga pelaku berhasil ditangkap sementara ribuan liter bbm dan dua truk tangki turut diamankan sebagai barang bukti,0,1,0,Wed Jul 22 06:09:01 +0000 2026,333.9284632986111,1.0986122886681098,0.1009580414151594,0.0029857122029919,1.86774414394506e-05,gelendysuryadi,2026-08-05T04:04:43.467875+00:00,0
2077985603724149058,iya bener ada demo di beberapa kampus jakarta hari ini antrian bbm panjang di luar jawa di jawa relatif normal tv kadang kurang cover isu kayak gini cepat sementara tiktok langsung viral biasanya gara gara lonjakan permintaan subsidi distribusi yang belum merata antar,1,0,0,Fri Jul 17 05:15:49 +0000 2026,454.8164684263889,0.6931471805599453,0.0636974321911235,0.0021938654464422,1.372395951655973e-05,sclouddddd,2026-08-05T04:04:48.286335+00:00,0
2083739200105722194,artinya punya bpjs ketenagakerjaan tidak otomatis menggugurkan peluang menerima bansos penentuan tetap dilakukan berdasarkan data dan verifikasi pemerintah jangan sampai salah paham ya perlindungan kerja dan bantuan sosial adalah dua program yang berbeda,0,0,1,Sun Aug 02 02:18:33 +0000 2026,73.76003431333334,0.9162907318741552,0.0842034251856289,0.0133761308322681,8.367581445249967e-05,KontanNews,2026-08-05T04:04:09.123528+00:00,0
2074807996715319616,jk pengertiannya subsidi sbgmn utk bbm atau listrik atau pmo atau jaring pengaman sosial setuju ditiadakan dr biaya haji tp bhw ada hasil kelolaan dana haji yg mengendap selama proses tunggu sjk setoran awal spi pelunasan imho wajar saja digunakan sbg pengurang total biaya,3,0,0,Wed Jul 08 10:49:09 +0000 2026,665.5302415216667,1.3862943611198906,0.1273948643822471,0.004500921058212,2.815599219646948e-05,Judakusumah1,2026-08-05T04:20:57.869478+00:00,0
2084487714276290951,bagi masyarakat bodoh goblok idiot iq setara gorila mental bansos cocok dipimpin kdm,1,0,0,Tue Aug 04 03:52:53 +0000 2026,24.181290169166665,0.6931471805599453,0.0636974321911235,0.0397120240179136,0.0002484228058864,BayuYuniar35293,2026-08-05T04:03:45.644609+00:00,0
2084221832585208105,gw di bandung sampe ditanyain listrik per bulan brp harga motor kalo dijual brp harga sewa rumah per bulan brp nah pas gw bilang penghasilan 2 5jt 2 jam stlh sensus gw cek di aplikasi bansos langsung saja desil 6 10,3,0,2,Mon Aug 03 10:16:22 +0000 2026,41.79151659138888,1.9459101490553128,0.1788212997841811,0.1168455899271906,0.0007309400621855,wilyourememberr,2026-08-05T04:03:51.459729+00:00,0
1793886180695769391,sekretaris jenderal kementerian energi dan sumber daya mineral esdm dadan kusdiana mengatakan pemerintah menyiapkan dana 455 juta dolar as atau rp7 33 triliun untuk memberikan subsidi penjualan sepeda motor listrik subsidi tersebut mencakup penjualan 800 ribu sepeda motor,0,0,0,Fri May 24 06:06:08 +0000 2024,19262.70631991472,0.0,0.0,0.0,0.0,inilahdotcom,2026-08-04T20:48:30.751693+00:00,0
2084805999807046077,legislator pdi perjuangan selly gantina menegaskan efektivitas bansos harus diukur dari ketepatan penerima bukan sekadar besarnya anggaran yang terserap fraksipdiperjuangan dprri meme bansos kemensos,0,0,0,Wed Aug 05 00:57:38 +0000 2026,3.099055516111111,0.0,0.0,0.0,0.0,langitsenayan,2026-08-05T04:03:34.599858+00:00,0
2081733388617347260,efek lidah tak bertulang angkot dibkota2 besar subsidi 100 sekolah kita bikin ga bayar kesehatan ga bayar subsidi listrik subsidi bbm kenyataannya,16,1,0,Mon Jul 27 13:28:11 +0000 2026,206.6081049102778,2.9444389791664403,0.2705820747403808,0.081885049754425,0.0005122406707592,PRajagukgu38321,2026-08-05T04:04:40.177677+00:00,0
2052720748381507758,pastikan listrik dan bbm subsidi tidak akan naik menteri esdm bahlil lahadalia partaigolkar bahlillahadalia golkar2029 61tahungolkar,8,9,0,Fri May 08 12:02:18 +0000 2026,2128.325086384444,3.295836866004329,0.3028741242454783,0.0079837503952323,4.9943202939893615e-05,Golkar2029,2026-08-05T04:21:48.310984+00:00,0
2073167469527826651,per 1 juli 2026 pertamina telah menurunkan harga bbm non subsidi apakah dibahas di x tidak karena x isinya orang kritis berpendidikan tinggi menolak kalo pemerintah ada kabar baik disclaimer bukan buzzer pemerintah dan tweet ini tidak dibayar x,3,1,0,Fri Jul 03 22:10:16 +0000 2026,774.1798716047223,1.791759469228055,0.164655473606283,0.0051600927043158,3.227951080161602e-05,kelapamuda0009,2026-08-05T04:21:03.537777+00:00,0
2076257205431734772,yang naik kan pertamax bukan bbm subsidi yang pake orang2 kaya anak abah mana paham mana orang2 tolol yang kapan hari ngomong gitu,59,5,0,Sun Jul 12 10:47:47 +0000 2026,569.2849718697222,4.248495242049359,0.3904195893520572,0.1122245949953252,0.0007020329350534,Angkaa8,2026-08-05T04:04:52.898731+00:00,0
2066283499167129739,kunjungan kerja bakn ke sulawesi selatan untuk uji petik atas telaahan subsidi dan kompensasi listrik di pln persero,9,2,1,Sun Jun 14 22:15:50 +0000 2026,1230.0963938905554,2.740840023925201,0.2518721513512589,0.009747408943403,6.0975957275570856e-05,akang_hero,2026-08-05T04:21:37.018006+00:00,0
2064749759462818100,tinggal nunggu aja ni pemerintah kuat nahan harga bbm subsidi listrik subsidi sama gas melon kalau ke 3 nya udh naik jg real negara udh krisis dan potensi chaos nyata bgt meskipun pesimis ttp berharap wowo and the geng segera sadar dan itu smua tidak terjadi wkwk,2,0,1,Wed Jun 10 16:41:18 +0000 2026,1331.6723271258334,1.5040773967762742,0.1382186506391953,0.0022511160012379,1.4082096474134235e-05,adejoon,2026-08-05T04:21:38.377653+00:00,0
2084412046301708358,pemimpin itu bukan penguasa pemimpin itu orang pandai yg diberi amanah mengelola sdm amp sda negeri agar masyarakat makmur n sejahtera wahai rakyat indonesia rubah kebiasaan lama dlm memilih pemimpin disemua level jangan lemah atas godaan bansos dll rakyat berdaulat,1,0,0,Mon Aug 03 22:52:12 +0000 2026,29.193087727222224,0.6931471805599453,0.0636974321911235,0.0331201634305985,0.0002071867182376,Dogelkarya76_82,2026-08-05T04:03:47.115818+00:00,0
2067484512381210692,buat pemerintah kebijakan ini bagus biar apbn nggak habis buat subsidi gas impor buat warga ketakutannya nanti tagihan listrik bulanan malah melonjak drastis gak ya dan yang terpenting dalam pengelolaan anggarannya bagaimana mekanisme pengadaan kompor listriknya,8,6,1,Thu Jun 18 05:48:14 +0000 2026,1150.5559482794445,3.1135153092103742,0.2861195080159477,0.0130258542994907,8.148462220630585e-05,King_PWS_,2026-08-05T04:21:35.413806+00:00,0
2083526589506273413,pemerintah mutusin tarif listrik pln buat periode juli sampai september 2026 tetap artinya baik pelanggan subsidi maupun non subsidi masih bayar dengan tarif yang sama di tengah harga kebutuhan yang naik turun ini lumayan bikin napas lebih lega,0,0,1,Sat Aug 01 12:13:43 +0000 2026,88.12677967888888,0.9162907318741552,0.0842034251856289,0.0112199723091405,7.018773462031334e-05,SaadAmmrun,2026-08-05T04:21:19.406844+00:00,0
2073923002811695273,tanpa subsidi mobil listrik justru makin laris di china,0,0,0,Mon Jul 06 00:12:30 +0000 2026,724.1488160083333,0.0,0.0,0.0,0.0,VIVAcoid,2026-08-05T04:21:25.737630+00:00,0
2070412758290731430,baca di sini komisaris utama komut pt pertamina persero mochamad iriawan alias iwan bule mendorong jajaran direksi untuk membahas penurunan harga bahan bakar minyak bbm non subsidi secara bertahap mulai awal juli kr hargaminyak pertamina,14,5,6,Fri Jun 26 07:44:02 +0000 2026,956.6193883969444,3.5263605246161616,0.3240583193554042,0.0261064054288311,0.0001633114062711,kompascom,2026-08-05T04:21:11.798229+00:00,0
2053337339964043672,untuk mengurangi tekanan pada apbn pemerintah bisa kurangi semua subsidi bbm termasuk subsidi mobil pribadi listrik lalu pemerintah gratiskan angkutan umum di seluruh indonesia paling perlu dana sekitar rp 100 triliun lebih kecil dari mbg,3,0,0,Sun May 10 04:52:25 +0000 2026,2087.4898086066664,1.3862943611198906,0.1273948643822471,0.0014364446441811,8.985832826024288e-06,berilhuliselan,2026-08-05T04:21:48.310984+00:00,0
2083435864118440106,polsek wates melaksanakan pemantauan ketersediaan bbm dan lpg bersubsidi di sejumlah spbu wilayah kapanewon wates hasil pemantauan menunjukkan stok bbm subsidi maupun non subsidi dalam kondisi aman dan mencukupi kebutuhan masyarakat 01 08,1,0,0,Sat Aug 01 06:13:13 +0000 2026,93.85468246527778,0.6931471805599453,0.0636974321911235,0.0105424421231503,6.594937220895654e-05,HumasPolsekWat1,2026-08-05T04:04:29.856875+00:00,0
2084819550164726122,gerombolan maling bansos wong cilik kepanasan,0,0,0,Wed Aug 05 01:51:29 +0000 2026,2.201555516111111,0.0,0.0,0.0,0.0,santoz92725,2026-08-05T04:03:34.599858+00:00,0
2070504040136642605,baca di sini menanggapi keluhan terkait kelangkaan dan antrean panjang bahan bakar minyak bbm bersubsidi jenis solar di wilayah sumatera pt pertamina patra niaga angkat bicara da spbu bbm,6,3,0,Fri Jun 26 13:46:45 +0000 2026,950.5741106191668,2.5649493574615367,0.2357085080236325,0.0094580126755906,5.916560802642215e-05,kompascom,2026-08-05T04:21:11.798229+00:00,0
2084106582565286288,mbg itu fungsinya menyerap hasil tani biar ga dibeli sama tengkulak jahat seharga 200 rupiah yang lagi diselamatkan itu petani peternak dan nelayan biar penghasilan mereka naik biar ga dapat bansos lagi alhasil kemiskinan struktural di profesi mereka berkurang,0,0,1,Mon Aug 03 02:38:24 +0000 2026,49.42601907,0.9162907318741552,0.0842034251856289,0.0198310320434343,0.000124055138102,ProdArchitech,2026-08-05T04:03:57.668652+00:00,0
2084453655244156950,tentu saja di negara lain militer jadi presiden harus lewat kudeta disini cukup pake bansos itupun sumbangan orang tua cawapres tentu studi kasus yang menarik bagi para jendral muda thailand,1,0,1,Tue Aug 04 01:37:33 +0000 2026,26.43725439388889,1.252762968495368,0.1151238675930576,0.0728935910017826,0.000455993640607,endanghidayat,2026-08-05T04:03:47.115818+00:00,0
2035069703862067220,konversi kompor gas ke kompor listrik gas 3kg ada subsidi apakah listrik nantinya ada subsidi kalopun kompornya disubsidi itu cuma sekali kompornya aja listriknya entah alat masak kompor induksi beda gaes dengan kompor api harus stainless steel tu kan beli lagi,6,0,0,Fri Mar 20 19:03:21 +0000 2026,3297.312572696389,1.9459101490553128,0.1788212997841811,0.0018191120058384,1.137964936031092e-05,uuksan,2026-08-05T04:22:06.261707+00:00,0
2051622344997978406,tahun lalu subsidi motor listrik batal setelah diundur terus sampai akhirnya tahun 2025 lewat hasilnya penjualan molis turun 30 bahkan turunnya 70 80 pas tengah tahun yg artinya konsumen menunggu kepastian subsidi ibarat mau beli game nunggu diskon tapi diskonnya gajadi,4,0,1,Tue May 05 11:17:39 +0000 2026,2201.0697288755555,1.871802176901592,0.172011075832509,0.0022705911327127,1.4203925238233244e-05,TidurBeruang1,2026-08-05T04:21:50.023952+00:00,1
2083892879689466031,psi partai nya jokowi cuma dpt 2 suara di saat jokowi berkuasa dgn bansos dan pasukan parcoknya 2029 dijamin rs jiwa bakal banyak diisi kader partai sempak psi,0,0,0,Sun Aug 02 12:29:14 +0000 2026,63.58004947944445,0.0,0.0,0.0,0.0,kibran_kangpari,2026-08-05T04:04:02.178126+00:00,1
2040288178494390727,kesiapan infrastruktur hingga pemberian subsidi dan insentif memberikan kepastian pelaku industri dan masyarakat untuk memperkuat ekosistem elektrifikasi kendaraan ekonomi adadikompas,0,0,0,Sat Apr 04 04:39:43 +0000 2026,2951.704453328334,0.0,0.0,0.0,0.0,hariankompas,2026-08-05T04:21:59.031982+00:00,0
2068557424613826838,pln nyala 24 jam itu bare minimum kita yg bayar aja ga boleh telat bayar kok dan ga semua listrik itu subsidi,2,0,0,Sun Jun 21 04:51:36 +0000 2026,1079.4985012008333,1.0986122886681098,0.1009580414151594,0.001850997477347,1.1579112331414983e-05,cats_sarcasm_99,2026-08-05T04:21:30.604323+00:00,0
2035963435612295424,penggemar gas lpg 3 kg plus listrik subsidi berlagak sultan,3,0,0,Mon Mar 23 06:14:44 +0000 2026,3238.122411926111,1.3862943611198906,0.1273948643822471,0.0009261767906499,5.7937977922345535e-06,Wan77575,2026-08-05T04:22:04.682934+00:00,1
1277791672546410497,semenjak new normal hobi bersepeda terus meningkat demi kenyamanan bersama pemerintah berniat untuk membuat regulasi nih sobat delta regulasi ini mengatur dan mendukung keamanan saat bersepeda di jalanan amp bukan memberikan pajak sepeda news,1,0,0,Tue Jun 30 02:30:49 +0000 2020,53442.30420338305,0.6931471805599453,0.0636974321911235,1.8711417920464176e-05,1.170512724261723e-07,Delta_FM,2026-08-04T20:49:04.132179+00:00,0
2070431695669731541,tot the point aja apakah dengan beliau ditunjuk jadi komisaris pertamina bisa menjamin dan memastikan bahwa harga bbm non subsidi bisa turun sesuai dengan harga pasar dunia klo gak bisa fix beliau hanya duduk manis ngang ngong aja,5,1,0,Fri Jun 26 08:59:17 +0000 2026,955.3652217302778,2.079441541679836,0.1910922965733706,0.006273753858536,3.924613704593231e-05,dewatiup,2026-08-05T04:21:11.798229+00:00,0
2083530442754437242,kemensos ri amp bank himbara bansos portal dtks integrated 2026 indonesian bansos cards kartu keluarga sejahtera listing portal verifikasi nik kependudukan amp dtks data terpadu kesejahteraan sosial untuk penyaluran bantuan sosial pkh bpnt dan sembako melalui bank himbara,0,0,0,Sat Aug 01 12:29:02 +0000 2026,87.58666399833334,0.0,0.0,0.0,0.0,darryl_alisto1,2026-08-05T04:04:13.990394+00:00,0
2084762059942862884,antara antara kemarin surpres penggantian kapolri hingga harga bbm subsidi tak naik,0,0,0,Tue Aug 04 22:03:02 +0000 2026,6.022627509722223,0.0,0.0,0.0,0.0,antaranews,2026-08-05T04:04:23.459035+00:00,0
2084829790109049276,kenapa mahal pajak berlapis ppn tiket ppn avtur ppn fuel surcharge dan ppn psc airport tax untuk domestik inter no tax kebijakan tba amp tbb harga dasar tiket base fare ditentukan pemerintah terkait batas atas dan batas bawah inter pasar bebas harga bersaing,2,0,1,Wed Aug 05 02:32:10 +0000 2026,1.8337795975,1.5040773967762742,0.1382186506391953,1.058656785674737,0.006622540544632,lainkabogohkamu,2026-08-05T04:22:11.606551+00:00,0
1277800623560290308,cek fakta benarkah pemerintah akan menetapkan pajak sepeda stophoax,3,0,2,Tue Jun 30 03:06:23 +0000 2020,53441.71142560528,1.9459101490553128,0.1788212997841811,9.355812732219306e-05,5.852628536983085e-07,antaranews,2026-08-04T20:49:04.132179+00:00,0
2071591361095327774,bahlil tahan ekspor batu bara demi listrik ri bisa dilakukan tapi ada harga yang harus dibayar kebijakan menteri esdm bahlil lahadalia yang menahan sebagian ekspor batu bara untuk memenuhi kebutuhan listrik dalam negeri ramai diperbincangkan apakah ini bisa dilakukan,10,8,6,Mon Jun 29 13:47:23 +0000 2026,878.5678355505555,3.58351893845611,0.329310947212566,0.0272861273797915,0.0001706912828821,Hidupsebagai62,2026-08-05T04:21:27.207982+00:00,0
2057030021550928179,kebijakan ini dinilai strategis untuk menekan ketergantungan terhadap impor bahan bakar minyak bbm sekaligus memperkuat ekosistem baterai nasional melalui hilirisasi mineral domestik,0,0,0,Wed May 20 09:25:49 +0000 2026,1842.9322967752776,0.0,0.0,0.0,0.0,mediaindonesia,2026-08-05T04:21:45.268391+00:00,0
2071190972604817713,kenapa bbm non subsidi naik 2x dalam sebulan perang israel iran minyak dunia melonjak ke 89 barel pertamina menyesuaikan harga pertamax rp12 300 menjadi rp16 250 liter ihsg ikut tertekan minggu ini sudah 3 8 ini bukan kebijakan sembarangan tapi dampaknya tetap,3,0,1,Sun Jun 28 11:16:23 +0000 2026,905.0797930202776,1.7047480922384253,0.1566594787568544,0.0044146222339498,2.7616140688064058e-05,peraiuu78,2026-08-05T04:21:10.254873+00:00,0
2076885298211135689,core indonesia sebut subsidi bbm krusial jaga daya beli menengah ke bawah,0,0,0,Tue Jul 14 04:23:36 +0000 2026,527.6876428941666,0.0,0.0,0.0,0.0,RadioElshinta,2026-08-05T04:04:51.514419+00:00,0
10174807542861824,bknkah bbg pajak thd sepeda sebaiknya dikurangi krn bs jd investasi pemerintah bg kesehatan masy p hematan bbm pajaksepeda,0,0,0,Thu Dec 02 03:33:57 +0000 2010,137393.25398012277,0.0,0.0,0.0,0.0,B2WIndonesia,2026-08-04T20:49:11.328442+00:00,0
2084530830702194767,bye my ursa is gone sis need to depend on that bansos now,1,0,1,Tue Aug 04 06:44:13 +0000 2026,21.325186043333336,1.252762968495368,0.1151238675930576,0.0895849197457072,0.0005604080295252,moonwoveen,2026-08-05T04:03:43.669756+00:00,0
2083344656713290207,harga bbm non subsidi turun sedikit mulai hari ini kebetulan pas kepercayaan publik ke prabowo juga lagi turun di survey smrc coincidence mungkin tapi tetep disyukuri dulu,28,4,25,Sat Aug 01 00:10:47 +0000 2026,99.89619719,4.310799125385514,0.3961450651173087,0.5649370500323413,0.0035340240289675,bangherwin,2026-08-05T04:04:33.309884+00:00,0
2084583695038529637,wkwkkw mantap the power of netizen ke gubris irl njirrr fr emg kebiasaan gtukan nyuci duit rakyat jdi duit pribadi aka korupsi tulah w jijay klo ada bansos dri pejabat duit pribadi pdhl klo pribadi yahh kerja keras banting tulang woyyy gk eksploitasi dan sedot pajak,5,0,0,Tue Aug 04 10:14:17 +0000 2026,17.823139235,1.791759469228055,0.164655473606283,0.2656305060264832,0.0016616799890724,FrancyFran8534,2026-08-05T04:03:40.301246+00:00,0
2073265152267542633,warga singapura didenda rp88 juta karena isi bbm subsidi ron95 di malaysia bbm ron95 malaysia singapore singapura,0,0,1,Sat Jul 04 04:38:26 +0000 2026,767.7104271602778,0.9162907318741552,0.0842034251856289,0.0013008799733524,8.137793554816292e-06,tribunnews,2026-08-05T04:21:03.537777+00:00,0
2084527254378525045,serap pekerja konstruksi gak otomatis ningkatkan rapor literasi siswa kenapa campuradukkan program bansos pangan mbg dan proyek fisik dengan indikator kemajuan mutu pendidikan nasional jangan ya jud ya,0,0,0,Tue Aug 04 06:30:00 +0000 2026,21.56213048777778,0.0,0.0,0.0,0.0,Qk1ng2,2026-08-05T04:03:43.669756+00:00,0
2083414307988189632,kelima subsidi sebagian bbm di indonesia disubsidi agar masyarakat tidak membayar harga keekonomian penuh artinya kalau harga minyak dunia naik tetapi harga bbm subsidi tetap selisihnya harus ditanggung apbn,0,0,1,Sat Aug 01 04:47:33 +0000 2026,95.28301154638888,0.9162907318741552,0.0842034251856289,0.0103860482128584,6.497103340656366e-05,angelont_69,2026-08-05T04:04:31.841567+00:00,0
2084834636937806283,pantesan kerasa makin boncos tiap mau gacha event mlbb akhir akhir ini buat yang belum tahu sejak 27 april 2026 kemarin harga diamond emang resmi naik 11 karena kebijakan ppn dari pemerintah jadi semua murni urusan pajak negara guys,0,0,0,Wed Aug 05 02:51:26 +0000 2026,1.5126684863888888,0.0,0.0,0.0,0.0,Nxtggofficial,2026-08-05T04:22:11.606551+00:00,1
2075018939030241667,baca di sini pemerintah provinsi nusa tenggara timur ntt menjelaskan alasan pembatasan pembelian bahan bakar minyak bbm bersubsidi bagi kendaraan berpelat luar daerah kebijakan ini bertujuan untuk menjamin kuota subsidi dinikmati masyarakat yang,4,1,5,Thu Jul 09 00:47:21 +0000 2026,651.5602415216666,2.6741486494265287,0.2457434828317818,0.0153242556988786,9.586251753673973e-05,kompascom,2026-08-05T04:20:57.869478+00:00,0
1277622987840086017,warga giat bersepeda sementara pemerintah giat menyiapkan pajak sepeda plembir strikes again,27,12,2,Mon Jun 29 15:20:32 +0000 2020,53453.47559227194,4.007333185232471,0.3682577683247304,0.0007670078051598,4.798099210673849e-06,Nugroho11Eko,2026-08-04T20:49:04.132179+00:00,0
2077318893593670115,langkah ini diambil untuk memberikan rasa aman dan kepastian operasional di tengah dinamika harga bbm non subsidi yang istimewa skema subsidi sebesar rp3 600 per liter ini tidak menggunakan dana apbn melainkan mengoptimalkan dana dari bpdp,0,0,1,Wed Jul 15 09:06:33 +0000 2026,498.9713251102778,0.9162907318741552,0.0842034251856289,0.0020001147061372,1.2511931075817598e-05,glasnostid,2026-08-05T04:04:49.770397+00:00,0
2083188816618373169,tujuan nya supaya anggaran subsidi bbm bisa di alihkan ke program yang 1 2 nya bisa masuk ke kantong pejabat dan sisa nya jadi tai,0,0,1,Fri Jul 31 13:51:32 +0000 2026,110.21703135388888,0.9162907318741552,0.0842034251856289,0.0089914286312681,5.624684172480612e-05,ARKA6661,2026-08-05T04:04:33.312874+00:00,0
2039976195312230646,institute for development of economics and finance indef menilai pemerintah perlu segera mengaktifkan kembali insentif kendaraan listrik guna meredam tekanan fiskal akibat lonjakan harga minyak dunia,0,0,0,Fri Apr 03 08:00:00 +0000 2026,2972.366397772778,0.0,0.0,0.0,0.0,mediaindonesia,2026-08-05T04:21:59.031982+00:00,0
2041357772751855653,mana yg bener ordal kemenkeu teriak sisa 2 minggu atau purbaya pede tahan bbm sampe akhir tahun dua2nya welcome to apbn shadow accounting di apbn ada pos subsidi lpg solar dan listrik tapi pertalite gak ada pertalite sengaja diumpetin di pos belanja lain2 sbg,5,1,0,Tue Apr 07 03:29:54 +0000 2026,2880.867664389444,2.079441541679836,0.1910922965733706,0.002081983178527,1.3024068045102914e-05,AnakJakselAI,2026-08-05T04:21:57.591802+00:00,1
2076854975708418475,prabowo diskon solar nelayan jadi rp15 000 liter subsidi ditanggung bpdp bukan dari apbn alasan pakai bpdp dana lembaga masih memadai amp selisih harga minyak solar biodiesel makin kecil kuota bbm bersubsidi ini 400 000 ton untuk 6 bulan ke depan,19,7,8,Tue Jul 14 02:23:06 +0000 2026,529.6959762275,3.828641396489095,0.3518367131494113,0.0640668132471854,0.0004007767900192,LambeSahamjja,2026-08-05T04:04:51.514419+00:00,0
2052395775079199027,subsidi motor listrik rp5 juta mulai juni 2026 mobil bebas ppn,0,0,0,Thu May 07 14:30:59 +0000 2026,2149.847030828889,0.0,0.0,0.0,0.0,okezonenews,2026-08-05T04:21:48.310984+00:00,1
2084261752951218645,bbm subsidi langka di lombok timur dan aceh tengah antrean kendaraan mengular berjam jam,2,0,1,Mon Aug 03 12:55:00 +0000 2026,39.15693265,1.5040773967762742,0.1382186506391953,0.0747069012005328,0.0004673369961436,tribunnews,2026-08-05T04:04:24.957540+00:00,0
2061632497864339741,450w mah subsidi yg naik yang daya non subsidi kali aku blm dpt bon listrik sehh biasanya tanggal 3 di kasih pak rt,13,0,4,Tue Jun 02 02:14:25 +0000 2026,1538.1217955302775,2.995732273553991,0.2752957217589995,0.0110452597379682,6.909480147908981e-05,pisang_oyeng,2026-08-05T04:21:43.463909+00:00,0
2074019627202388344,kata om bahlul harga bbm non subsidi mengikuti harga pasar sampe skarang ga kliatan mau turun harganya apa nunggu diskon 50 dari iran,25,14,9,Mon Jul 06 06:36:27 +0000 2026,717.7430506766666,4.212127597878484,0.3870775494311072,0.0667832543978129,0.0004177697776433,TaliUdeng,2026-08-05T04:21:01.982436+00:00,0
2071901104749924668,tagihan listrik rumah tangga di singapura dipastikan naik 17 persen pada kuartal iii 2026 menjadi 31 91 sen singapura per kwh tarif tersebut menjadi yang tertinggi sejak data mulai tersedia pada 2014 dan melampaui rekor sebelumnya yang tercatat saat krisis energi global pada,27,8,2,Tue Jun 30 10:18:12 +0000 2026,858.0538160083333,3.8501476017100575,0.3538130467293071,0.0430706427356596,0.0002694330038403,kumparan,2026-08-05T04:21:25.737630+00:00,0
2067874476080128237,menteri esdm bahlil lahadalia memastikan tidak akan ada lagi pemadaman listrik meski masih terdapat kendala pasokan batu bara kalori menengah untuk pembangkit listrik pln bahlil mengatakan kebutuhan batu bara kalori 5 200 kcal kg gar pada juni 2026 masih menjadi tantangan,4,3,9,Fri Jun 19 07:37:49 +0000 2026,1124.7295593905556,3.198673117550681,0.2939451673772388,0.0142130051276809,8.891097095187419e-05,kumparan,2026-08-05T04:21:35.413806+00:00,0
2068215110091588006,ya subsidilah apbn duitnya ada daripada digunakan buat yg lain lebih baik subsidi yg produktif listrik digunakan smua kalangan dampaknya kerasa,3,0,1,Sat Jun 20 06:11:22 +0000 2026,1102.169902643889,1.7047480922384253,0.1566594787568544,0.0036259147302817,2.268229669671959e-05,F2aldi,2026-08-05T04:21:33.649518+00:00,0
2083455258194592024,selain itu masyarakat juga dapat memanfaatkan berbagai promo transaksi bbm non subsidi melalui aplikasi mypertamina sesuai syarat dan ketentuan yang berlaku harga berlaku untuk wilayah dengan pajak bahan bakar kendaraan bermotor pbbkb sebesar 5 seperti dki jakarta,0,0,1,Sat Aug 01 07:30:16 +0000 2026,92.57051579861113,0.9162907318741552,0.0842034251856289,0.0106871271518078,6.685446485224827e-05,indonesiago_id,2026-08-05T04:04:29.856875+00:00,0
2079806643391607278,ditreskrimsus polda ntt kembali menunjukkan komitmennya dalam memberantas penyalahgunaan bbm bersubsidi dua perkara dugaan penyalahgunaan pengangkutan dan atau niaga bbm jenis solar subsidi telah memasuki tahap ii yakni penyerahan tersangka dan barang bukti,2,0,0,Wed Jul 22 05:51:59 +0000 2026,334.2123521875,1.0986122886681098,0.1009580414151594,0.0059663672503372,3.7323247301853205e-05,humas_polda_ntt,2026-08-05T04:04:43.467875+00:00,0
2084222102622929134,klo yg kek gini msh juga dipilih masynya yg oonsuroon makanya masy hrs rajin baca dan kritis jangan tunduk sama yg ngasih bansos,1,0,0,Mon Aug 03 10:17:26 +0000 2026,41.77335382555555,0.6931471805599453,0.0636974321911235,0.023379041168442,0.0001462500879677,pink78303,2026-08-05T04:03:50.073772+00:00,0
2084616755356512536,ohhh bansos,0,0,0,Tue Aug 04 12:25:39 +0000 2026,15.63327581388889,0.0,0.0,0.0,0.0,annemeovv,2026-08-05T04:03:38.792930+00:00,0
2083420070672540061,di media sosial facebook telah beredar sebuah unggahan yang mengklaim adanya link pendaftaran bantuan sosial bansos untuk memperingati hari kemerdekaan ke 81 republik indonesia selengkapnya di cekfakta hoaks literasidigital,49,0,4,Sat Aug 01 05:10:27 +0000 2026,94.89808778916668,4.02535169073515,0.3699135963575518,0.5526700398502342,0.0034572864371514,PatroliFakta,2026-08-05T04:04:20.116041+00:00,0
2083548655462867259,sambut hut 81 ri polres anambas bagikan 100 bendera merah putih dan 50 paket bansos lewat co id,0,0,0,Sat Aug 01 13:41:24 +0000 2026,86.38003647944444,0.0,0.0,0.0,0.0,WartaKepri,2026-08-05T04:04:12.131326+00:00,0
2049792837273960953,kenapa motor listrik gampang rusak dan terkesan murahan mengapa penjualan motor listrik masih belum bisa menyaingi motor bensin padahal katanya motor listrik bebas perawatan berkala tidak perlu ganti oli tidak perlu isi bensin hingga pajak yang murah karena subsidi dari,80,19,51,Thu Apr 30 10:07:50 +0000 2026,2322.2338085441665,5.27556037942542,0.4848027359314449,0.064565176112858,0.0004038943521305,dospeng,2026-08-05T04:21:51.710759+00:00,0
1613762220844019717,kita ini sudah bayar pajak belasan juta ke pemerintah setahun masa kita nggak kasih prioritas giliran sepeda bangun jalur aja sampai mengeluarkan anggaran puluhan miliar aja pemerintah mau kok ucapan tolol,14,0,0,Fri Jan 13 04:57:50 +0000 2023,31191.8466581775,2.70805020110221,0.2488588987919119,0.0004488208515694,2.807646752956749e-06,an7onchx,2026-08-04T20:48:37.969439+00:00,0
2084054257645555869,di australi bensin uda naek lagi subsidi sudah berakhir untung aku udah back up beli mobil listrik,24,6,4,Sun Aug 02 23:10:29 +0000 2026,53.18066856777778,3.7612001156935615,0.3456391312637205,0.6275300932742719,0.0039255814933797,DakotaGeorgy,2026-08-05T04:21:19.406844+00:00,0
2077697287527240102,badan pengatur hilir minyak dan gas bumi bph migas mengambil langkah tegas dalam memberantas praktik kecurangan penyaluran bahan bakar minyak bbm bersubsidi di lapangan kepala bph migas wahyudi anas menegaskan pihaknya terus melakukan evaluasi dan penindakan langsung,4,0,0,Thu Jul 16 10:10:09 +0000 2026,473.9113251102778,1.6094379124341005,0.1479008573767524,0.0084226250007223,5.268862988864199e-05,Metro_TV,2026-08-05T04:04:49.770397+00:00,0
2084666069621596408,menyalurkan bansos juga,0,0,0,Tue Aug 04 15:41:36 +0000 2026,12.36711563,0.0,0.0,0.0,0.0,Ari3Pras,2026-08-05T04:03:37.616268+00:00,0
1277956734984654849,aku hampir percaya tadi wkwkwk untung googling dulu,6,3,1,Tue Jun 30 13:26:43 +0000 2020,53431.37088436917,2.6741486494265287,0.2457434828317818,0.0001871524664634,1.1707522342967887e-06,gadulumager,2026-08-04T20:48:58.183729+00:00,0
2084458033015672974,gimik gemoy joget gemoy kasihan kalah terus nerusin jkw belum bansos ama manipulasi suara,3,0,0,Tue Aug 04 01:54:57 +0000 2026,26.146845724722223,1.3862943611198906,0.1273948643822471,0.1105100765820445,0.0006913075820777,Ixxa12345,2026-08-05T04:03:45.644609+00:00,0
2070474656188977583,bahlil ungkap salah satu sumber penambal bengkaknya subsidi bbm cs,4,1,0,Fri Jun 26 11:50:00 +0000 2026,952.5199439525,1.9459101490553128,0.1788212997841811,0.0052437288089372,3.280270538303818e-05,cnbcindonesia,2026-08-05T04:21:11.798229+00:00,0
2052047341587419586,bener pemerintah aja subsidi mobil listrik sampe ratusan juga buat satu unit mobil,2,0,0,Wed May 06 15:26:26 +0000 2026,2172.922864162222,1.0986122886681098,0.1009580414151594,0.0009199958439053,5.755132219997833e-06,AkmalIkmal24795,2026-08-05T04:21:48.310984+00:00,1
2076257642004292053,disini ngasih subsidi listrik aja pemerintah dah ngeluh disubsidi aja masih mahal tp pln rugi giliran korupsinya gragasan gila2an,2,0,1,Sun Jul 12 10:49:31 +0000 2026,569.5314558788889,1.5040773967762742,0.1382186506391953,0.0052582552093969,3.289357683194727e-05,seniriyanti,2026-08-05T04:21:24.241164+00:00,0
2035677941053681716,true mudah mudahan masih cukup buat arus balik ngga ujug ujug besok dilarang beli bbm supaya semua kendaraan pribadi nyangkut di kampung lalu cuma bisa wfh atau kerja pake krl tapi lpj pasti seret mbg bisa distop ganti subsidi kompor listrik pickup india ganti ev china,3,1,0,Sun Mar 22 11:20:16 +0000 2026,3257.0301897038885,1.791759469228055,0.164655473606283,0.0012277357074961,7.680231790895147e-06,ruliemaulana,2026-08-05T04:22:04.682934+00:00,0
2084752446828761293,termul kalo ga bodoh ya miskin mental bansos eh plus seringnya mukanya jelek jg,0,0,0,Tue Aug 04 21:24:50 +0000 2026,6.646170206111111,0.0,0.0,0.0,0.0,rmbantitermul,2026-08-05T04:03:36.212742+00:00,0
2036674244021747952,driver ojol minta subsidi buat beli motor listrik di tengah ancaman krisis bbm,0,2,0,Wed Mar 25 05:19:14 +0000 2026,3191.046840775833,1.6094379124341005,0.1479008573767524,0.0006265572216709,3.919495591201631e-06,detikfinance,2026-08-05T04:22:02.626793+00:00,0
2083424443339362707,mulai 1 agustus 2026 pt pertamina patra niaga kembali menurunkan harga sejumlah bbm non subsidi simak selengkapnya di hardnews breakingnews newsone cariberitaditvone pertamina hargabbm pertamax no02,5,1,1,Sat Aug 01 05:27:50 +0000 2026,94.61162238055556,2.251291798606496,0.2068846425492573,0.0732128566142141,0.0004579908407302,tvOneNews,2026-08-05T04:04:31.840570+00:00,0
2084639588388356378,good pr and a looot of dirty politics and bansos and many more,0,0,0,Tue Aug 04 13:56:23 +0000 2026,14.12072674111111,0.0,0.0,0.0,0.0,kafka_____,2026-08-05T04:03:37.616268+00:00,0
2084745707697893456,lebih pusing ngasih bansos tapi ga ada yang posisi cb atau bek sayap,0,0,0,Tue Aug 04 20:58:04 +0000 2026,7.092281317222223,0.0,0.0,0.0,0.0,fikrkk,2026-08-05T04:03:36.212742+00:00,0
2084615000430362662,bahlil curhat soal harga bbm prabowo perintahkan jangan naikin harga bbm subsidi meski minyak dunia lagi bergejolak kalau harga minyak dunia icp turun harga bbm nonsubsidi juga harus ikut disesuaikan turun bukan malah dinaikin katanya kalau turun ya turun jangan,41,8,29,Tue Aug 04 12:18:41 +0000 2026,15.76179417638889,4.620058798481842,0.424564782615963,4.6534397916586325,0.0291100894163937,LambeSahamjja,2026-08-05T04:04:23.459035+00:00,0
1902330847644250168,mulai sekarang dari diri sendiri dulu perlahan perbanyak jalan kaki naik sepeda atau naik transum membiasakan hidup mode survive di era ekonomi begini gak lagi beli bensin mungkin juga gak bayar pajak kendaraan bodo amat gue muak sama pemerintah,2,0,0,Wed Mar 19 12:06:32 +0000 2025,12080.697565521668,1.0986122886681098,0.1009580414151594,0.0001655396511254,1.0355509605731271e-06,inielkahi,2026-08-04T20:48:23.235878+00:00,0
2059078040895041624,cng untuk kendaraan seharusnya bisa diterapkan lebih massal lebih baik alihkan subsidi mobil listrik ke konverter cng,19,3,8,Tue May 26 01:03:55 +0000 2026,1707.2972967752778,3.6375861597263857,0.3342795069315044,0.0175613460588098,0.0001098568751143,arifbalikpapan1,2026-08-05T04:21:45.268391+00:00,0
2039919429589606826,di sana subsidi listrik dari pemerintah 90 bro,1,0,1,Fri Apr 03 04:14:26 +0000 2026,2976.1258422172223,1.252762968495368,0.1151238675930576,0.0006717888681892,4.202446984912205e-06,hanifproduktif,2026-08-05T04:21:59.031982+00:00,0
2082127187608744416,bahlil harga bbm amp lpg subsidi tidak naik,0,0,0,Tue Jul 28 15:33:00 +0000 2026,180.5273834280556,0.0,0.0,0.0,0.0,cnbcindonesia,2026-08-05T04:04:38.580341+00:00,0
2069044429168734614,update terbaru purbaya soal ekonomi indonesia defisit dijaga di bawah 3 lebih ketat dari negara lain tapi tetap disorot ke china cari panda bond biar bunga utang lebih murah pemerintah sudah subsidi besar bbm pangan energi tapi rakyat sering lupa dan tidak,163,16,47,Mon Jun 22 13:06:47 +0000 2026,1047.2414967483337,5.585374243605899,0.5132733813570873,0.2155991731877211,0.0013487036451712,LambeSahamjja,2026-08-05T04:21:16.388294+00:00,0
2084304698925031432,terlalu niche padahal yang perlu di edukasi itu orang2 penerima bansos,0,0,1,Mon Aug 03 15:45:39 +0000 2026,36.30264270194444,0.9162907318741552,0.0842034251856289,0.0268077521474872,0.0001676987555452,yhogta,2026-08-05T04:03:48.513727+00:00,0
2048080459654123609,judulnya itu bener menyumbang pemanasan global bahkan hamster kecil mungil yang suka turu di pojok kandang juga menyumbang pemanasan global pengen pemanasan global berkurang stop bahan bakar fosil dan bikin subsidi gede industri pembangkit listrik hijau,4,0,0,Sat Apr 25 16:43:27 +0000 2026,2435.640593680556,1.6094379124341005,0.1479008573767524,0.0016416044329122,1.026923178722204e-05,Acarkrispi1,2026-08-05T04:21:53.137250+00:00,0
1087664858739355648,kl tidak mau bayar pajak kendaraan bermotor pakai aja sepeda ontel om pemerintah tidak membolehkan bayar pajak sepeda ontel kok kl ndak mau ikut aturan negara indonesia boleh kok pergi dari indonesia,3,0,1,Tue Jan 22 10:54:44 +0000 2019,66033.90759123389,1.7047480922384253,0.1566594787568544,6.057402282987367e-05,3.789272666746591e-07,YAssashin,2026-08-04T20:49:11.328442+00:00,0
2083548123599892886,beda mindser pemerintah sana mikir gimana cara ngurangin beban hidup warganya kalo di sini sibuk bikin narasi rakyat harusnya bersyukur subsidi bbm masih ditanggung negara,2,0,0,Sat Aug 01 13:39:17 +0000 2026,86.42023802083334,1.0986122886681098,0.1009580414151594,0.0228779976499649,0.0001431157567467,ariira1_,2026-08-05T04:04:29.856875+00:00,0
2051575059433795900,purbaya mengungkapkan ketertarikannya terhadap usulan pemberian insentif tersebut sebagai salah satu langkah mendorong perekonomian,0,0,0,Tue May 05 08:09:45 +0000 2026,2204.201395542222,0.0,0.0,0.0,0.0,mediaindonesia,2026-08-05T04:21:50.023952+00:00,0
2084819054540599623,pagi joki tugas ujian brevet ab pph 21 ppn pajak manajemen tugas ut tuton ut ekonomi ppt makalah auditing sia manajemen pajak pph akuntansi msdm mankeu langsung ke link bio zonajajan zonauang jokitugas infojoki jokitugaskuliah jokiakuntansi jokitugasmurah,0,0,0,Wed Aug 05 01:49:31 +0000 2026,2.5446132147222222,0.0,0.0,0.0,0.0,yourgirllust,2026-08-05T04:22:11.607573+00:00,0
2065116443176472760,tahukah kamu di luar gaji bulanannya satu direksi bumn listrik bisa dapat bonus tahunan tembus belasan miliar rupiah di 2023 tantiem direksi pln setara rata rata sekitar rp19 11 miliar per orang padahal listrik kita masih sering padam bergilir sebelum buru buru menilai itu,3,0,0,Thu Jun 11 16:58:22 +0000 2026,1307.3878826813889,1.3862943611198906,0.1273948643822471,0.0022928980310119,1.4343468422020652e-05,Robbiekurniaw,2026-08-05T04:21:38.377653+00:00,0
2071871241292829027,jadi apakah pertamax dan bbm non subsidi lainnya akan lebih murah mulai juli kita tunggu pengumuman resminya bbm pertamax pertamina bahlil hargabbm minyakdunia kontannews baca selengkapnya,0,0,0,Tue Jun 30 08:19:32 +0000 2026,860.0267594602777,0.0,0.0,0.0,0.0,KontanNews,2026-08-05T04:21:08.334057+00:00,0
2068862904607367388,janji pak prabowo masa depan cerah subsidi listrik subsidi bbm sekolah gratis angkutan umum gratis realita,5,2,14,Mon Jun 22 01:05:28 +0000 2026,1059.2669304272222,3.4339872044851463,0.3155695835423824,0.0198063331009845,0.0001239006312306,MiskinTV_,2026-08-05T04:21:28.949538+00:00,0
2083918577498042743,di jp nggak punya gil archer dua game yang awalnya aku mainin dengan haha hehe hihi lalu berubah jadi asin banget setiap kali temanku dapat karakter yang kumau dengan modal 1 tiket atau 10x pull doang mana lomgin kalau ada bansos doang dulu orangnya,0,0,0,Sun Aug 02 14:11:20 +0000 2026,61.87838281277778,0.0,0.0,0.0,0.0,focalattelova,2026-08-05T04:04:02.178126+00:00,0
2072134539548491937,harga minyak dunia turun pertamina sesuaikan harga bbm non subsidi,2,0,0,Wed Jul 01 01:45:47 +0000 2026,842.5888900130556,1.0986122886681098,0.1009580414151594,0.0023708230675833,1.4830936807544194e-05,jawapos,2026-08-05T04:21:07.004047+00:00,0
2045860001202532847,hehehe ga ada gunanya juga naikin non subsidi buat nutup subsidi yg ada yg non subsidi beralih ke subsidi dan subsidi langka rakyat suruh makan motor listrik kayaknya,2,0,0,Sun Apr 19 13:40:09 +0000 2026,2582.696400823333,1.0986122886681098,0.1009580414151594,0.0007740847567704,4.842369837006814e-06,GagaYudhis18,2026-08-05T04:21:56.042964+00:00,0
2084179964870443378,mbg adalah proyek jokowi untuk kampanye korupsi sepanjang 5 tahun ala2 bansos tahun 2024 sebesar 497 t di era jokowi makin masif lewat mbg danantara kopdes sekolah rakyat bahkan kemensos revolusibasmipki kondisi indonesia mengkhawatirkan revolusibasmipki,1,0,0,Mon Aug 03 07:30:00 +0000 2026,44.564717355,0.6931471805599453,0.0636974321911235,0.0219468057314804,0.0001372905862869,Srik4ndiMuslim2,2026-08-05T04:03:52.982478+00:00,0
2065060111660511249,bener banget beli bbm non subsidi emang ga usah ribet pake surat surat macam macam genset krisbow 2000w buat latihan panahan malem juga cukup apalagi kalo listrik mati bisa langsung dipake buat rumah praktis banget,2,0,1,Thu Jun 11 13:14:32 +0000 2026,1311.1184382369445,1.5040773967762742,0.1382186506391953,0.0022863789674589,1.4302687723991897e-05,buzuzima0,2026-08-05T04:21:38.377653+00:00,0
2084563644684329209,mobil listrik bakal dapat stimulus baru pemerintah menyiapkan subsidi hingga 40 untuk mobil listrik kategori tertentu insentif motor listrik untuk 500 000 unit serta ppn dtp hingga 100 stimulus disebut akan diluncurkan dalam 2 3 pekan,1,1,1,Tue Aug 04 08:54:36 +0000 2026,19.444972037777777,1.7047480922384253,0.1566594787568544,0.1467353437537926,0.0009179186082679,KontanNews,2026-08-05T04:21:17.899336+00:00,0
2084106214976401539,udah kyk antre bansos wkwk,0,0,1,Mon Aug 03 02:36:57 +0000 2026,49.45018573666666,0.9162907318741552,0.0842034251856289,0.0198215325751161,0.0001239957131638,bukalakap,2026-08-05T04:03:57.668652+00:00,0
1822955791944720604,jaman suharto tv sepeda anjing kena pajak harga2 murah motor murah tp hanya segelintir yg punya motor satu kampung hanya beberapa orang yg punya tv hitam putih yg nonton orang se kampung kalau beda haluan dgn pemerintah jgn harap bisa tidur nyenya,2,2,0,Mon Aug 12 11:18:24 +0000 2024,17337.499787743887,1.9459101490553128,0.1788212997841811,0.0002307004671088,1.4431714015042767e-06,ketut188,2026-08-04T20:48:23.235878+00:00,0
2083469638114091215,bansos semua tuhh,1,0,0,Sat Aug 01 08:27:25 +0000 2026,91.6141508438889,0.6931471805599453,0.0636974321911235,0.010797486030894,6.754482660224878e-05,woodentrue,2026-08-05T04:04:15.943038+00:00,0
2084125605088666062,jahat banget ga di kasi bansos minimal gratis in kek campur aduk banget gini ya allah kita harus gimana ya yank aku save pull dari banner ouf itu rate on tinggal 15 an pulls juga buat myth ayel nanti hhuuummm pengin pull sampe outfit nya juga tapi myth ayel depan mata,0,0,1,Mon Aug 03 03:54:00 +0000 2026,48.165122243333336,0.9162907318741552,0.0842034251856289,0.0203396219590524,0.000127236676616,grumpyayel,2026-08-05T04:03:54.440076+00:00,0
2084668935132336439,padahal bpjs itu asuransi gotong royong bukan bansos direktur persh pns sampai pengusaha juga pakai bpjs miris banget kalau ada nakes yang menilai empati dan profesionalisme cuma dari metode pembayaran pasien,240,6,0,Tue Aug 04 15:53:00 +0000 2026,12.17711563,5.53338948872752,0.5084961919062658,18.66872894701919,0.1167842269953266,aldipreal,2026-08-05T04:03:37.616268+00:00,0
2034465205917475068,ekonomi lagi seret pak pemotongan gaji atau tunjangan dimana2 kasian kelas bawah dan menengah katanya surplus listrik sampai subsidi kendaraan listrik segala batu bara kita banyak plis listrik jangan naik itu sudah harga keekonomisannya,2,0,0,Thu Mar 19 03:01:18 +0000 2026,3337.346739363056,1.0986122886681098,0.1009580414151594,0.0005990989421253,3.747727392067448e-06,nikorusmedi,2026-08-05T04:22:06.261707+00:00,0
2084478767976919059,under paid mirisnya yg benar2 mencerdaskan bangsa sebenarnya negara kita kaya kalau dikelola baik bukginya brp banyak korup kagak bubar aja ni negara 1 triliun buat anggaran kopdes bayangin buat anggaran bansos kesehatan pendidikan dan bantu aceh sm sumatera,18,0,0,Tue Aug 04 03:17:20 +0000 2026,24.773790169166663,2.9444389791664403,0.2705820747403808,0.698383896270464,0.0043688150223506,bknantekaxing,2026-08-05T04:03:45.644609+00:00,0
2084161796496367714,dukcapil klaim digitalisasi pangkas verifikasi penerima bansos dari 200 hari jadi 1 menit,5,0,1,Mon Aug 03 06:17:48 +0000 2026,45.76805068833333,2.0149030205422647,0.1851614666007883,0.1282927107649741,0.0008025487486771,kompascom,2026-08-05T04:03:52.982478+00:00,0
1926098681045922128,pemerintah resmi menghapus biaya balik nama kendaraan bermotor di indonesia kebijakan ini memberikan keuntungan buat wajib pajak yang baru membeli sepeda motor maupun mobil bekas sebab proses balik nama kini bisa dilakukan tanpa biaya infopku,0,3,0,Sat May 24 02:11:25 +0000 2025,10506.616176632777,1.9459101490553128,0.1788212997841811,0.0002855071930274,1.7860207266353437e-06,infoPKU,2026-08-04T20:48:23.235878+00:00,0
2083774831649272021,pendukungnya daerah termiskin dan rendah pendidikannya dan doyan bansos,0,0,0,Sun Aug 02 04:40:09 +0000 2026,71.39966477,0.0,0.0,0.0,0.0,AqshaGhani,2026-08-05T04:04:07.793172+00:00,0
2082837871233257674,tahun 2027 pemerintahan gelap mata pajak baru sepeda gt 1 juta sepeda listrik gt 1 juta smart tv kulkas 2 pintu ac gt 1 pk sepatu baju celana dll gt 500 ribu jam tangan gt 1 juta perhiasan emas kadar tertentu gt 1 gram,10,1,5,Thu Jul 30 14:37:00 +0000 2026,126.10930991111113,3.0204248861443626,0.2775648733334548,0.1258759095709745,0.0007874301907911,Navpem,2026-08-04T20:43:33.515680+00:00,1
2064487847265206615,catet ya kesehatan gratis pendidikan gratis makan siang gratis bbm diberi subsidi listrik subsidi transportasi kita buat seperti negara2 lain kalo bisa gratis kurang apa coba,2,0,1,Tue Jun 09 23:20:33 +0000 2026,1349.018608755,1.5040773967762742,0.1382186506391953,0.0022221915909489,1.3901156737611122e-05,rurisonatha,2026-08-05T04:21:39.991518+00:00,0
2045372080091288053,pertamina baru aja naikin harga beberapa bbm non subsidi secara cukup tajam pertamax turbo langsung loncat dari rp13 100 jadi rp19 400 per liter dexlite naik dari rp14 200 menjadi rp23 600 dan pertamina dex dari rp14 500 ke rp23 900 sementara pertalite dan biosolar tetap aman,2,0,0,Sat Apr 18 05:21:19 +0000 2026,2615.0102897122224,1.0986122886681098,0.1009580414151594,0.0007645229867272,4.782555163690234e-06,bennyhawe,2026-08-05T04:21:56.042964+00:00,0
2084051623492678140,digitalisasi bansos di banyumas masih lambat hanya 3 46 penerima yang mendaftar tantangannya minimnya smartphone target capaian di atas 30 digitalisasibansos banyumas bantuansosial,0,0,0,Sun Aug 02 23:00:01 +0000 2026,53.06574129222222,0.0,0.0,0.0,0.0,radarmasnetwork,2026-08-05T04:03:57.668652+00:00,0
2079467907789296012,karena sudah terjadi banyak para pemilih presiden sekarang ikut antri bbm subsidi mengalami daya beli turun akibat naiknya harga susah cari kerja belum lagi korban2 phk mungkin sudah saatnya sadar untuk turun kejalan ambil hak yg terampas,2,0,0,Tue Jul 21 07:25:58 +0000 2026,356.6464188780556,1.0986122886681098,0.1009580414151594,0.0055921152692484,3.498207407913637e-05,xjbeat,2026-08-05T04:04:45.107961+00:00,0
2049115722731921653,video pemerintah pertimbangkan subsidi seluruh kendaraan listrik,0,0,0,Tue Apr 28 13:17:13 +0000 2026,2367.077419655278,0.0,0.0,0.0,0.0,cnbcindonesia,2026-08-05T04:21:51.710759+00:00,0
2041255091827806601,usai bayar pajak di samsat palembang motor honda beat ibu ini raib di parkiran palembang aksi pencurian kendaraan bermotor curanmor kembali terjadi dan meresahkan warga kali ini nasib malang menimpa seorang ibu yang menjadi korban pencurian tepat setelah dirinya,10,3,2,Mon Apr 06 20:41:53 +0000 2026,2880.106214456111,2.995732273553991,0.2752957217589995,0.0052063335689384,3.256877546692204e-05,Xbacottetangga,2026-08-04T20:48:15.372042+00:00,0
2083387583216927039,manfaatkan identitas kependudukan digital ikd untuk data akurat satu data satu tujuan pastikan bansos tepat sasaran bagi rakyat jagaindonesia satudata ikd bansos,0,0,0,Sat Aug 01 03:01:21 +0000 2026,97.05021590916668,0.0,0.0,0.0,0.0,ewkayes,2026-08-05T04:04:21.777273+00:00,0
2084464709961728326,masih 80 pull aku nunggu akhir banner beb ngumpulin bansos dulu untuk lanjut,0,0,0,Tue Aug 04 02:21:28 +0000 2026,25.704901280277777,0.0,0.0,0.0,0.0,beelszebul,2026-08-05T04:03:45.644609+00:00,0
2069306723173798218,subsidi bbm jalan sekolah rakyat sedang dibangun yang bikin repot memang kelas menengah yang tiap hari teriak mengemis subsidi walau ngaku demi rakyat,6,0,3,Tue Jun 23 06:29:03 +0000 2026,1029.86997763,2.4423470353692043,0.2244418487671642,0.0087304899699293,5.461451207107737e-05,Milantoon,2026-08-05T04:21:14.919468+00:00,0
2065376562296524993,jadi kalau mau ngomongin ketahanan energi harusnya masyarakat di level rumah tangga komunitas punya pilihan ke sumber energi listrik lainnya meskipun in this economy pasang plts atap tanpa subsidi dan insentif dari pemerintah masih bakal berat buat sebagian besar masyarakat,3,2,1,Fri Jun 12 10:11:59 +0000 2026,1290.1609382369445,2.251291798606496,0.2068846425492573,0.0046469807305299,2.9069684069935845e-05,GreenpeaceID,2026-08-05T04:21:38.377653+00:00,0
2067905815059816878,jika pemerintah menginginkan listrik murah bersubsidi sebaiknya jangan bentuk tunai melainkan dalam bentuk paket berupa plts yang setara dengan subsidi untuk masyarakat jika batas subsidi di angka 900 watt maka plts nya juga sama 900 watt lebih banyak membantu rakyat hening,2,1,1,Fri Jun 19 09:42:20 +0000 2026,1122.6542816127778,1.871802176901592,0.172011075832509,0.0035598137838791,2.2268795169583063e-05,asboediono_id,2026-08-05T04:21:35.413806+00:00,0
2080453017061769708,harga minyak dunia kembali menembus us 100 per barel di tengah meningkatnya ketegangan geopolitik di timur tengah bagi indonesia sebagai negara yang masih mengimpor minyak kondisi ini berpotensi meningkatkan beban subsidi energi mendorong inflasi menekan nilai tukar rupiah,1,0,1,Fri Jul 24 00:40:26 +0000 2026,291.40437228,1.252762968495368,0.1151238675930576,0.0068398430037319,4.278736812919307e-05,RadioElshinta,2026-08-05T04:04:41.740208+00:00,0
2083836492452102611,pradipa institute dorong reformasi digital untuk perbaiki akurasi data bansos,0,0,0,Sun Aug 02 08:45:10 +0000 2026,67.31533185527778,0.0,0.0,0.0,0.0,sinpotv,2026-08-05T04:04:05.194679+00:00,0
2063956565389148252,benar saja per 08 06 26 rp 18 153 00 per usd bersiaplah cepat atau lambat subsidi bbm berpotensi dicabut atau listrik bakal naik tarif dasarnya saya tdk sedang menggumam tapi sedang melihat potensi hal buruk terjadi,19,14,5,Mon Jun 08 12:09:26 +0000 2026,1384.2044215544445,4.0163830207523885,0.3690894117340062,0.027432774115287,0.0001716086471919,Sebelahkampus,2026-08-05T04:21:41.917596+00:00,0
2079651523005665445,presiden prabowo subianto memaparkan pemerintah telah memberikan sejumlah subsidi dan bantuan seperti subsidi lpg bbm hingga bantuan pangan untuk bantuan pangan pemerintah memberikan bantuan 10 kilogram beras dua liter minyak goreng selama tiga bulan kepada 33 24 juta,4,1,0,Tue Jul 21 19:35:35 +0000 2026,344.48614110027773,1.9459101490553128,0.1788212997841811,0.0144723605528036,9.053339650242716e-05,achzuldaf,2026-08-05T04:04:45.107961+00:00,0
2083426837041230099,n for me i found it hard to blame them too pragib has the best campaign for politics at that time it was fun party like and has a direct answer like mbg naikkin gaji etc also i feel like most people r actually coerced to vote for them through serangan fajar n bansos,0,0,1,Sat Aug 01 05:37:20 +0000 2026,94.45003223361113,0.9162907318741552,0.0842034251856289,0.0104766858281674,6.55380266855707e-05,odengghhhh,2026-08-05T04:04:20.116041+00:00,0
1278512526955646976,belanda membelikan sepeda bagi rakyat nya yang mau bersepeda italia mensubsidi pembelian sepeda bagi rakyat nya yang mau bersepeda indonesia rakyat nya membeli sepeda dengan uang nya sendiri dan pemerintah nya menarik pajak bagi rakyat nya yang bersepeda,3,0,1,Thu Jul 02 02:15:14 +0000 2020,53394.56067130861,1.7047480922384253,0.1566594787568544,7.491259478710458e-05,4.686237343342556e-07,AyraLubis,2026-08-04T20:48:52.416711+00:00,0
2069299416457003329,konflik di timur tengah tidak hanya memicu sentimen risk off global tetapi juga menaikkan harga energi yang memicu cost push inflation inflasi didorong biaya produksi terbukti inflasi ihk mei 2026 merangkak naik ke level 3 08 karena penyesuaian harga bbm non subsidi dan,0,0,0,Tue Jun 23 06:00:01 +0000 2026,1030.353866518889,0.0,0.0,0.0,0.0,TirtoID,2026-08-05T04:21:14.919468+00:00,0
2083804468823654707,bansos deepseek v4 flash model terbaru gess,1,0,1,Sun Aug 02 06:37:55 +0000 2026,69.43652905277777,1.252762968495368,0.1151238675930576,0.0283943576847946,0.0001776239358693,MADEWGN,2026-08-05T04:04:06.504590+00:00,0
2046618637524746291,busyeet dach kemaren kaos kaki terus motor listrik sekarang rumah bersubsidi diketahui pegawai sppg mendapatkan jatah rumah subsidi sebanyak 1 000 unit duit mbg mana lagi yang kau dusatakan,2,0,2,Tue Apr 21 15:54:42 +0000 2026,2532.4535418869445,1.791759469228055,0.164655473606283,0.0015788724497472,9.876805169287992e-06,GamawanMaskar,2026-08-05T04:21:54.750793+00:00,0
2064877473394045176,betul harga naik terus amp rakyat sudah memilih jalan penghematan amp kesabaran tapi bagaimana dengan yang benar benar tak punya daya beli pemerintah sering bilang ekonomi tumbuh amp subsidi mengalir tapi di lapangan rakyat kecil makin sesak napas korupsi bumn kebocoran,2,1,1,Thu Jun 11 01:08:47 +0000 2026,1323.2142715702778,1.871802176901592,0.172011075832509,0.0030206591832428,1.889605600533809e-05,sinau2024,2026-08-05T04:21:38.377653+00:00,0
2064517030842347598,indikasinya apa pak hampir 2 thn periode 1 sj kondisi negara spt ini semua amburadul yg sejahtera elit pemerintah dan partai saja rakyat hny jd penonton dan makan janji palsu bpk mana itu kesehatan gratis mana itu subsidi bbm dan listrik mana itu pendidikan gratis,2,0,1,Wed Jun 10 01:16:31 +0000 2026,1347.0858309772225,1.5040773967762742,0.1382186506391953,0.0022253775917408,1.3921087105700803e-05,Hans_prayoga70,2026-08-05T04:21:39.991518+00:00,0
2083467497840488754,siapa menabur semprotah parfum akan menuai wewangian siapa yg menabur bansos akan menuai pujian,1,0,0,Sat Aug 01 08:18:55 +0000 2026,91.75581751055556,0.6931471805599453,0.0636974321911235,0.0107809949482273,6.744166487404527e-05,LuqmanBeeNKRI,2026-08-05T04:04:15.943038+00:00,0
2035683797199654970,coba survey bbrp hal 1 harga listrik di sea 2 jumlah kwh penjualan perusahaan listrik di sea 3 cek uu ketenangalistrikan th 2009 4 googling skema subsidi listrik di indonesia baru anda akan tertawa membaca apa yg anda tulis itu ngaco,5,1,0,Sun Mar 22 11:43:33 +0000 2026,3256.6421341483333,2.079441541679836,0.1910922965733706,0.001841822936014,1.15217200086352e-05,scrambletalk,2026-08-05T04:22:04.682934+00:00,1
1287639950888861696,ya apa hubungannya beli sepeda sama pajak pemerintah indon emang busuk aja semua mau dipajakin,2,0,6,Mon Jul 27 06:44:22 +0000 2020,52790.07358171,2.4849066497880004,0.2283529057974065,0.0001515407711422,9.47979472322352e-07,sinaga_doly,2026-08-04T20:48:46.894156+00:00,0
2077962337404027338,bukannya memotong rantai distribusi biar efisien ini malah bikin loket birokrasi baru di tingkat desa mewajibkan semua urusan subsidi sampai hasil panen lewat satu pintu kopdes merah putih itu sama saja menciptakan ladang monopoli baru di akar rumput padahal kita tahu betul,3,0,0,Fri Jul 17 03:43:22 +0000 2026,456.6335391844444,1.3862943611198906,0.1273948643822471,0.0065554635819445,4.100840229594972e-05,kangcahyakeren,2026-08-05T04:21:22.741064+00:00,0
2070768041445695836,baca selengkapnya menteri energi dan sumber daya mineral ri esdm bahlil lahadalia memastikan pemerintah tidak akan menaikkan harga bahan bakar minyak bbm bersubsidi yakni pertalite dan solar menurut bahlil keputusan tersebut merupakan arahan,4,0,2,Sat Jun 27 07:15:48 +0000 2026,933.0895152425,2.079441541679836,0.1910922965733706,0.0064233672491681,4.018205958370679e-05,kompascom,2026-08-05T04:21:10.254873+00:00,0
2084576577216782543,mendagri pastikan akurasi data ktp untuk bansos di biak numfor,0,0,0,Tue Aug 04 09:46:00 +0000 2026,18.294528123888888,0.0,0.0,0.0,0.0,cnbcindonesia,2026-08-05T04:03:40.301246+00:00,0
2047865414584344964,subsidi motor listrik bakal dilanjutin segini diskon harganya,0,0,0,Sat Apr 25 02:28:56 +0000 2026,2449.8825381250003,0.0,0.0,0.0,0.0,detikoto,2026-08-05T04:21:53.137250+00:00,0
2084663147802267714,ndak koo beb sama abis ini anniv ke 3 dapet banyak bansos,0,0,0,Tue Aug 04 15:30:00 +0000 2026,12.560448963333332,0.0,0.0,0.0,0.0,lovinglyqi,2026-08-05T04:03:37.616268+00:00,0
2069751461991633108,bisakah indonesia turunkan harga subsidi bbm seperti malaysia ndasmuuu,1,1,0,Wed Jun 24 11:56:17 +0000 2026,1000.4160887411113,1.3862943611198906,0.1273948643822471,0.001997171827461,1.2493521584077932e-05,zepy93,2026-08-05T04:21:14.919468+00:00,0
2078823418607325299,pigai bantah ajakan belanja rp1 juta per bulan di kopdes merah putih minta publik waspadai hoaks menteri hak asasi manusia ham natalius pigai membantah narasi yang beredar di media sosial mengenai ajakannya kepada masyarakat untuk berbelanja di koperasi desa kelurahan merah,2,0,1,Sun Jul 19 12:45:00 +0000 2026,392.0798981566666,1.5040773967762742,0.1382186506391953,0.007632036168902,4.774301704819112e-05,akuratco,2026-08-04T20:49:47.633364+00:00,0
2083783203824021694,berkah bansos,0,0,0,Sun Aug 02 05:13:25 +0000 2026,70.84486238611112,0.0,0.0,0.0,0.0,AIADigibuy,2026-08-05T04:04:06.504590+00:00,0
2060657730294276349,cek kesehatan gratis kita ini bayar bpjs tiap bulan bbm dan listrik subsidi udah ada dari jaman presiden sebelumnya kita tidak butuh sekolah rakyat yg kita butuhkan sekolah yg sudah ada dibuat gratis dan perbaiki fasilitas2nya sehingga layak,5,0,0,Sat May 30 09:41:02 +0000 2026,1602.6781848424998,1.791759469228055,0.164655473606283,0.0031178325222968,1.9503934201983806e-05,MbakAma,2026-08-05T04:21:43.465433+00:00,0
2068995373868466207,kok betah sih tinggal di indonesia saudara kesehatan ga bayar subsidi listrik subsidi bbm kemudian sekolah sekolah harus kita bikin enggak bayar gratis kemudian kita akan kasih makan siang kemudian saudara saudara kita harus berani seperti negara lain angkutan di,3,0,0,Mon Jun 22 09:51:51 +0000 2026,1050.4938748716663,1.3862943611198906,0.1273948643822471,0.00285308366667,1.7847769471111215e-05,LogicPria,2026-08-05T04:21:28.949538+00:00,0
2063110533415678132,somehow gue mulai suka pak bahlil dia lucu ga baperan dia berhasil bikin harga listrik dan bbm subsidi stabil walaupun kualitas kebijakannya wajib dikritisi dan konflik kepentingan juga wajib diwaspadai but compared to pak purbaya pak bahlil lebih ganteng skrg wkwk,3,0,2,Sat Jun 06 04:07:36 +0000 2026,1440.23497711,1.9459101490553128,0.1788212997841811,0.0034692469162982,2.1702244460542043e-05,gadismengantuk,2026-08-05T04:21:41.917596+00:00,0
2068236897990656009,nah bener ini kalo mau anak tidak lapar ya sekeluarga harus dicukupi kebutuhannya dengan pangan murah misal subsidi listrik seragam dll,321,7,1,Sat Jun 20 07:37:57 +0000 2026,1100.7268470883332,5.821565510312585,0.5349784068078597,0.2986221138837526,0.0018680625141966,jellypastaa,2026-08-05T04:21:33.649518+00:00,0
2082682001623249362,di tahun 2027 menurut se dirjen pajak ada 8 barang yang akan dikenakan pajak prabowoharuslengser sepeda kayuh sepeda listrik baju perhiasan emas kulkas 2 pintu ac tv led dan jam tangan prabowoharuslengser,55,30,4,Thu Jul 30 04:17:38 +0000 2026,136.43208768888888,4.804021044733257,0.4414701715939001,0.6475925782447055,0.0040510845099764,MichelAdam1515,2026-08-04T20:43:33.515680+00:00,1
2083848089505501413,pernah dimintai tolong bayar pajak listrik rumah simbah daya 450 watt subsidi pemerintah tapi sekarang dayanya udah naik dipakai anaknya under 15k malah karena memang engga pakai listrik selain lampu aja kulkas dll gak pakai air nimba dikroscek pln juga karena janggal,0,0,1,Sun Aug 02 09:31:15 +0000 2026,66.83455745666667,0.9162907318741552,0.0842034251856289,0.0147417487117655,9.2218582890603e-05,itsita_,2026-08-05T04:21:19.406844+00:00,0
2065368804331323871,ge loe bilang buzzer anak kemarin ge eksponen 98 ge gak pake bpjs gak pake bbm amp listrik subsidi sorry yeehhh gak laku umr loe buat gw,3,1,1,Fri Jun 12 09:41:10 +0000 2026,1290.6745493480555,2.0149030205422647,0.1851614666007883,0.0038709441186432,2.421510419487001e-05,BattoAjax,2026-08-05T04:21:38.377653+00:00,0
2084267487269630293,update pencairan bansos pkh bpnt tahap 3 agustus 2026 saldo sudah masuk rekening bpnt bansos august 2026 radarupdate id,1,0,0,Mon Aug 03 13:17:47 +0000 2026,38.76752049222223,0.6931471805599453,0.0636974321911235,0.0251461491091852,0.0001573044203469,mistery910_zee,2026-08-05T04:03:50.073772+00:00,1
2084050607858659432,tahun ke 6 gak isi bbm subsidi entah pengaruh atau enggak tapi rezeki makin bagus mungkin karena berhenti ambil hak orang lain,0,0,0,Sun Aug 02 22:55:59 +0000 2026,53.141464460555554,0.0,0.0,0.0,0.0,fachrezarm,2026-08-05T04:04:28.272058+00:00,0
2083548758097408485,resmi harga pertamax turun mulai 1 agustus 2026 cek rinciannya pt pertamina patra niaga kembali melakukan penyesuaian harga bahan bakar minyak bbm non subsidi secara serentak termasuk di seluruh stasiun pengisian bahan bakar umum spbu,0,0,1,Sat Aug 01 13:41:49 +0000 2026,86.37801579861112,0.9162907318741552,0.0842034251856289,0.0114445263017278,7.159245609425273e-05,RakyatBekasiCom,2026-08-05T04:04:29.856875+00:00,0
1899354660760096824,kpk terus melelang aset rampasan dari koruptor untuk mengembalikan kerugian negara namun beberapa barang masih belum laku termasuk rumah mewah milik mantan pejabat ditjen pajak rafael alun trisambodo senilai rp17 miliar dari 82 lot aset yang dilelang pada 6 maret 2025,1,0,0,Tue Mar 11 07:00:14 +0000 2025,12277.802565521666,0.6931471805599453,0.0636974321911235,8.144116616126362e-05,5.094639095534002e-07,Beritasatu,2026-08-04T20:48:23.235878+00:00,0
2083053968025145345,fransiskus diaan minta polisi tindak tegas penimbun bbm subsidi di kabupaten kapuas hulu,0,0,0,Fri Jul 31 04:55:41 +0000 2026,119.14849632833334,0.0,0.0,0.0,0.0,GesuriID,2026-08-05T04:04:35.586782+00:00,0
2073628723807752365,setau gwe pajak tahunan dan 5 tahunan itu termasuk pajak daerah yg di tarik dan dikelola daerah daerah masing masing sedangkan subsidi termasuk bbm itu kewajiban negara kepada rakyat nya jadi dimana korelasi antara 2 hal itu,10,1,0,Sun Jul 05 04:43:08 +0000 2026,743.6320938269445,2.5649493574615367,0.2357085080236325,0.0147723957793262,9.241029889359964e-05,tukangpermaks,2026-08-05T04:21:03.537777+00:00,0
2084225667496079400,revisi karna bansos 30 itu udah kepake 3 berarti 70 12 27 31 31 x 150 4 650 dikit ternyata,0,0,0,Mon Aug 03 10:31:36 +0000 2026,41.537242714444446,0.0,0.0,0.0,0.0,xyzstresser,2026-08-05T04:03:50.073772+00:00,1
2082338328826065326,imbas gejolak minyak dunia menteri esdm buka suara soal tarif bbm dan lpg subsidi,0,0,1,Wed Jul 29 05:32:00 +0000 2026,166.54405009472222,0.9162907318741552,0.0842034251856289,0.0059685796030037,3.733708691014892e-05,AkuratJakarta,2026-08-05T04:04:38.580341+00:00,0
2084167095894614328,bansos adalah mitos,0,0,0,Mon Aug 03 06:38:52 +0000 2026,45.41693957722222,0.0,0.0,0.0,0.0,2Fawz_,2026-08-05T04:03:52.982478+00:00,0
2051929019164348876,purbaya ungkap subsidi mobil listrik berupa diskon ppn,2,0,0,Wed May 06 07:36:15 +0000 2026,2180.7597288755555,1.0986122886681098,0.1009580414151594,0.0009166912256789,5.73445982788309e-06,CNNIndonesia,2026-08-05T04:21:50.023952+00:00,0
2084586435429147107,nasib bejo aja dia jadi presiden itupun dibantu belanja bansos jorjoran,2,0,0,Tue Aug 04 10:25:10 +0000 2026,17.641750346111113,1.0986122886681098,0.1009580414151594,0.1072860628893264,0.0006711394202283,Kosimatkasah,2026-08-05T04:03:40.301246+00:00,0
2073010915738591388,hoaks harga pertamax turun jadi rp 12 800 per liter mulai 1 juli 2026 pt pertamina patra niaga kembali melakukan penyesuaian harga bahan bakar minyak bbm nonsubsidi mulai 1 juli 2026 tiga jenis bbm nonsubsidi yang turun adalah pertamax turbo dexlite dan pertamina dex di,5,1,0,Fri Jul 03 11:48:11 +0000 2026,784.5479271602778,2.079441541679836,0.1910922965733706,0.0076379808189294,4.778020444108666e-05,humaspoldajbr,2026-08-05T04:21:03.537777+00:00,0
2036438396307144710,tarif tenaga listrik periode april juni 2026 tidak naik sobatenergi pemerintah menetapkan tarif listrik triwulan ii tahun 2026 tidak naik baik untuk pelanggan subsidi maupun nonsubsidi,3,4,2,Tue Mar 24 13:42:03 +0000 2026,3206.667134148333,2.70805020110221,0.2488588987919119,0.0028057774150526,1.7551840163718614e-05,KementerianESDM,2026-08-05T04:22:04.682934+00:00,0
2084550077830549890,antri bayaran kuliah dah kek antri bansos anying,0,0,1,Tue Aug 04 08:00:42 +0000 2026,20.05012141861112,0.9162907318741552,0.0842034251856289,0.0475056642246189,0.0002971767542459,arsiplibra,2026-08-05T04:03:42.437107+00:00,0
2084571291424571824,rindu dapet bansos,0,0,0,Tue Aug 04 09:24:59 +0000 2026,18.64539919638889,0.0,0.0,0.0,0.0,Hnirankara,2026-08-05T04:03:42.437107+00:00,0
2080655128122839353,menteri keuangan purbaya yudhi sadewa memastikan harga bahan bakar minyak bbm bersubsidi jenis pertalite dan biosolar tidak akan mengalami kenaikan meskipun harga minyak mentah dunia kembali merangkak naik menembus level 100 dolar as per barel menkeu menegaskan postur,15,2,4,Fri Jul 24 14:03:33 +0000 2026,278.01866046583336,3.258096538021482,0.2994059402147561,0.0752637833073229,0.0004708206316152,Metro_TV,2026-08-05T04:04:40.177677+00:00,0
2084618917264412850,kementrian bansos atau keuangan sih,0,0,0,Tue Aug 04 12:34:14 +0000 2026,15.490220258333334,0.0,0.0,0.0,0.0,hiazeze,2026-08-05T04:03:38.792930+00:00,0
2083399901749387558,bansos apa,1,0,1,Sat Aug 01 03:50:18 +0000 2026,96.2339211225,1.252762968495368,0.1151238675930576,0.0205689534774629,0.0001286712844128,Unik_q1,2026-08-05T04:04:20.116041+00:00,0
2083626018116714896,bansos udah diturunkan berupa 30 free pull pasca valko cancelation diumumkan tp ga bisa menjawab tanda tanya besar dr fans knapa valko ga jadi rilis di server manapun cm gr2 protes dr cn fans yg parasocial amp halu dan itupun cm sebagian doank global server menyambut bgt valko,0,0,1,Sat Aug 01 18:48:49 +0000 2026,81.25599738777778,0.9162907318741552,0.0842034251856289,0.0121571682522518,7.605046389717102e-05,dikechapin,2026-08-05T04:04:10.590596+00:00,0
2075547617757704421,hanya ada tiga kendaran pelat merah yang berhak pakai bbm subsidi yaitu truk sampah ambulans dan damkar berdasarkan ketentuan kendaraan dinas pelat merah memang dilarang membeli bbm subsidi namun ambulans dikecualikan dari aturan ini golongan kendaraan layanan umum yang,232,80,37,Fri Jul 10 11:48:08 +0000 2026,616.2791385363888,6.105908681498851,0.5611083982059561,0.5653844074943193,0.0035368225213306,Heraloebss,2026-08-05T04:04:52.898731+00:00,0
2072382813882765620,bbm non subsidi turun harga dikit harga keekonomian kah atau krn selama beberapa minggu ini ngga laku,5,2,4,Wed Jul 01 18:12:20 +0000 2026,826.145965888611,2.772588722239781,0.2547897287644942,0.0132987410368163,8.319169432494277e-05,saifulteladan,2026-08-05T04:21:05.477199+00:00,0
1277826999151587328,juru bicara kementerian perhubungan pajak sepeda onthel itu kan peninggalan pemerintah kolonial belanda karena pada masa itu sepeda onthel masih barang mewah makanya pemerintah kolonial belanda memungut pajak sepeda onthel yang masuk ke dalam kota untuk pajak kas negara,2,2,0,Tue Jun 30 04:51:12 +0000 2020,53439.96282881361,1.9459101490553128,0.1788212997841811,7.484895084718293e-05,4.6822560287346994e-07,AlbertSolo2,2026-08-04T20:48:58.183729+00:00,0
2082469785091338674,staff kocak ditanya kenapa ga ada listrik dan ga ada gorden ya jjelas2 karena mereka blum ada uang lah kasih subsidi kek asrama kek gitu ngenes amat jujur,0,0,0,Wed Jul 29 14:14:21 +0000 2026,158.1167341611111,0.0,0.0,0.0,0.0,Aruu1412,2026-08-05T04:21:21.242980+00:00,0
2084319443371614674,buk mintak bansos,1,0,1,Mon Aug 03 16:44:14 +0000 2026,35.32625381305556,1.252762968495368,0.1151238675930576,0.0550565992929666,0.0003444124347012,KangPosting88,2026-08-05T04:03:48.513727+00:00,0
1286931620453216256,anda salah ini saya ingatkan,20,5,7,Sat Jul 25 07:49:43 +0000 2020,52836.98594908639,3.725693427236653,0.342376209702836,0.000605624900821,3.78855122339766e-06,sakitotak3,2026-08-04T20:48:52.416711+00:00,0
2084484209595617743,kaya kagak dapet bansos juga boro boro,1,0,0,Tue Aug 04 03:38:58 +0000 2026,24.41323461361111,0.6931471805599453,0.0636974321911235,0.0393495757310802,0.0002461554719332,JetVeetlev,2026-08-05T04:03:45.644609+00:00,0
2078679918494543949,umr bisa lbh murah asal negara intervensi bisa transportasi massal rumah subsidi murah subsidi listrik dan bbm biaya internet dan komunikasi yg murah pajak n retribusi yg lbh murah klo harga barang jasa tetep tinggi ya umr tinggi itu wajib apalagi khl sudah ilang,91,1,0,Sun Jul 19 03:14:47 +0000 2026,408.8332282622222,4.543294782270004,0.4175104789204306,0.2244815540948181,0.0014042683272156,ImminentAdi,2026-08-05T04:04:46.621744+00:00,0
2084778560120868939,pasang aja dari pada di cap antek aseng gak dapat bansos,0,0,0,Tue Aug 04 23:08:36 +0000 2026,4.916725761666666,0.0,0.0,0.0,0.0,CinemaOnlineTR,2026-08-05T04:03:36.212742+00:00,0
2070363928337547385,bahlil cerita momen prabowo putuskan bbm subsidi tak naik ini hitung hitungannya,2,0,1,Fri Jun 26 04:30:00 +0000 2026,959.8536569888888,1.5040773967762742,0.1382186506391953,0.0031222236374697,1.953140329174184e-05,KompasTV,2026-08-05T04:21:13.165160+00:00,0
2084668913070289164,kelas menengah emang paling sial ga dapat bansos karna dianggap masih sanggup tapi juga dipajakin kayak kelas atas pad,4,0,0,Tue Aug 04 15:52:54 +0000 2026,12.178782296666666,1.6094379124341005,0.1479008573767524,0.3035181786872469,0.0018986903702771,scapeeegoat,2026-08-05T04:03:37.616268+00:00,0
2071747563234140521,baca di sini menteri esdm bahlil lahadalia meminta publik bersikap adil terkait harga pertamax yang belum turun dengan menegaskan pemerintah sebelumnya juga menahan kenaikan harga bbm non subsidi selama harga minyak dunia melonjak akibat gejolak,31,11,77,Tue Jun 30 00:08:04 +0000 2026,868.2178705713889,5.1328529268205045,0.4716884962138046,0.1369046864185778,0.0008564218817898,kompascom,2026-08-05T04:21:08.334057+00:00,0
2067858625675292918,menteri energi dan sumber daya mineral esdm bahlil lahadalia mengusulkan anggaran rp815 miliar untuk program pengadaan kompor listrik program ini dinilai dapat membantu mengurangi ketergantungan indonesia terhadap impor liquefied petroleum gas lpg yang selama ini,4,0,0,Fri Jun 19 06:34:49 +0000 2026,1125.7795593905555,1.6094379124341005,0.1479008573767524,0.0035499401517041,2.220702960940639e-05,Ichayuna450,2026-08-05T04:21:35.413806+00:00,0
2072930840737128604,polda bali bongkar 8 kasus penyalahgunaan bbm dan lpg subsidi,0,0,0,Fri Jul 03 06:30:00 +0000 2026,789.8515214441667,0.0,0.0,0.0,0.0,RadioElshinta,2026-08-05T04:21:05.477199+00:00,0
2084459462325403946,kalo yg suka bokep gak bejat ya kalo yg 5 bulan 11 hari ngelahirin setelah nikah gak bejat ya kalo yg korupsi bansos covid gak bejat ya cuman nanyak,0,0,2,Tue Aug 04 02:00:37 +0000 2026,26.052401280277778,1.3862943611198906,0.1273948643822471,0.0739305904595639,0.0004624807014248,BapakFadilLagi,2026-08-05T04:03:45.644609+00:00,0
2072027023317332118,n parahnya lg yg sok2an pro rakyat miskin tu malahan banyak ky g pnh beneran napak ke tanah hari2nya pd utopis macam yg pada hobi ngomongin mbg kopdes tp g tau ada bsu dbon ckg dll semua rakyat suci ky pd g pnh liat org antri bbm subsidi tapi motornya tetep dinyalain,6,3,2,Tue Jun 30 18:38:33 +0000 2026,849.709445568611,2.772588722239781,0.2547897287644942,0.0129303842308317,8.088739899945674e-05,Juliakango,2026-08-05T04:21:07.004047+00:00,0
2053279053445206429,negara tropis buah mahal dan impor negara maritim ikan mahal negara cpo minyak goreng mahal negara sda listrik dan bbm mahal negara hukum keadilan tunggu viral swasembada pangan beras mahal dan impor bebas aktif tunduk kepentingan asing negara religius kitab suci,947,556,41,Sun May 10 01:00:49 +0000 2026,2091.3498086066666,7.659878664642379,0.7039119764422034,0.7379263226678991,0.004616176892216,LambeSahamjja,2026-08-05T04:21:48.310984+00:00,0
2050928188138963183,kalau pakai kompor listrik berarti kita sudah ngga dapat subsidi lagi dong kecuali yang listriknya masih 450 va bayangkan dari tabung gas 3kg aja pemerintah ngasih subsidi sekitar rp 30 000,4,0,1,Sun May 03 13:19:19 +0000 2026,2247.0424196552776,1.871802176901592,0.172011075832509,0.0022241573185112,1.391345355623726e-05,Akhmad_Yudha,2026-08-05T04:21:51.710759+00:00,0
2084522275781640472,kenapa ga sekalian di kelompokan sesuai weton nya nanti dianalisis pakai primbon jadi dasar untuk ngasih bansos dispenduk koplak,1,0,0,Tue Aug 04 06:10:13 +0000 2026,21.89185271,0.6931471805599453,0.0636974321911235,0.0436836639073412,0.0002732678232256,CozyGreenVibes,2026-08-05T04:03:43.669756+00:00,0
2070778625356660909,pak menteri esdm bicara soal subsidi bbm yg seharusnya untuk rakyat kecil bukan untuk yg naik mercy nongkrong di mal sambil minta disubsidi itu poinnya ojol memang banyak yg pakai pertamax demi mesin awet itu fakta tapi pertamax itu kan,16,5,5,Sat Jun 27 07:57:52 +0000 2026,932.3884041313888,3.5409593240373143,0.3253998901823237,0.0278554992593845,0.0001742530494608,kangdede78,2026-08-05T04:21:10.254873+00:00,0
2049067616074138102,pemerintah siapkan subsidi motor listrik lagi berapa besarannya ini kata menperin agus gumiwang,3,0,0,Tue Apr 28 10:06:04 +0000 2026,2370.263649236111,1.3862943611198906,0.1273948643822471,0.0012651482263334,7.914269796629567e-06,tribunnews,2026-08-05T04:21:53.137250+00:00,0
2075745217110839732,kalau hanya menjanjikan yg indah indah semua juga bisa mas saya juga bisa menjanjikan listrik gratis untuk rakyat miskin pertalite geratis untuk ojek on line subsidi beras dll tapi setelah menyentuh pelaksanaan di lapangan mencreet t k,3,0,0,Sat Jul 11 00:53:19 +0000 2026,603.4681225455555,1.3862943611198906,0.1273948643822471,0.0049630408752843,3.104683204792261e-05,MulyadiMade,2026-08-05T04:21:24.241164+00:00,0
2084766508761456945,persiapan 2029 sudah dimulai dengan bansos,0,0,0,Tue Aug 04 22:20:43 +0000 2026,5.714781317222222,0.0,0.0,0.0,0.0,andremirza,2026-08-05T04:03:36.212742+00:00,0
2029775116146774252,peneng atau plombir merupakan pajak sepeda warisan zaman kolonial belanda yang masih dipungut hingga masa orde baru istilah ini juga digunakan untuk pajak anjing pemungutan peneng mulai menurun setelah meningkatnya minat masyarakat pada kendaraan bermotor yang mendorong,12,5,1,Fri Mar 06 04:24:33 +0000 2026,3640.3972877438887,3.198673117550681,0.2939451673772388,0.0049431574139366,3.0922448932710186e-05,hendrifisnaeni,2026-08-04T20:48:23.235878+00:00,0
2084187519457923266,dukcapil kementerian dalam negeri mengeklaim digitalisasi nik mempercepat penyaluran bansos direktur jenderal dukcapil kemendagri teguh setyabudi mengatakan digitalisasi melalui identitas kependudukan digital juga akan memangkas proses verifikasi penerima bansos smartnews,0,0,0,Mon Aug 03 08:00:01 +0000 2026,44.064016591388885,0.0,0.0,0.0,0.0,RadioSmartFM,2026-08-05T04:03:51.459729+00:00,0
2064868948940894342,bbm naik saatnya ganti ke ev shifting total ke ev di indonesia perlu kombinasi insentif kebijakan jangka panjang pembangunan infrastruktur dan perubahan perilaku permendagri terbaru april 2026 memberlakukan pajak normak namun daerah diminta pertahankan insentif,2,1,1,Thu Jun 11 00:34:55 +0000 2026,1316.2223255672222,1.871802176901592,0.172011075832509,0.0030366931400722,1.8996358134064267e-05,IESR,2026-08-04T20:48:15.372042+00:00,0
2036673315868385712,yaudah ga mau mobil listrik deh minta dana mbg buat subsidi bensin aja biar kyk malaysia biar orang tua pada bisa kerja biar anak2nya kalo keracunan bisa dilariin ke rs,4,0,1,Wed Mar 25 05:15:32 +0000 2026,3191.1085074425,1.871802176901592,0.172011075832509,0.0015663627938531,9.798549681315417e-06,cheezzeeburrger,2026-08-05T04:22:02.626793+00:00,0
2084143078429069440,bupati kapuas hulu fransiskus diaan meminta aparat kepolisian menindak tegas siapa pun yang terbukti melakukan penimbunan bbm bersubsidi di wilayah kapuas hulu baca selengkapnya pontianakpost kapuashulu bbmsubsidi polisi kalbar,0,0,0,Mon Aug 03 05:03:26 +0000 2026,47.01684804666667,0.0,0.0,0.0,0.0,pontianakpost1,2026-08-05T04:04:26.652968+00:00,0
2084533030178218093,secara bersamaan pemerintah juga akan menggenjot belanja memperbaiki iklim usaha dan investasi serta menyalurkan bansos secara lebih efektif,0,0,1,Tue Aug 04 06:52:57 +0000 2026,21.17963048777778,0.9162907318741552,0.0842034251856289,0.0450864138855269,0.0002820428754713,rissaa78863,2026-08-05T04:03:43.669756+00:00,0
2083558201757516239,masuk bumn juga sama loh cuman dari hasil anda beli bensin anda bayar listrik anda bayar bunga dll bila rugi dikasih setoran modal trus melalui subsidi dia cuman cari kerja loh malah kopdes hanya 2 tahun loh ditanggung sisanya ya tergantung koperasinya,0,0,1,Sat Aug 01 14:19:20 +0000 2026,86.03316856777778,0.9162907318741552,0.0842034251856289,0.0114898723837825,7.187612335167809e-05,akucintaistriku,2026-08-05T04:21:19.406844+00:00,0
2084113321725435922,bupati lombok timur ajak seluruh masyarakat percepat pemutakhiran data melalui portal perlinsos agar bansos tepat sasaran lewat,0,0,0,Mon Aug 03 03:05:11 +0000 2026,48.97873335444445,0.0,0.0,0.0,0.0,barbareto_com,2026-08-05T04:03:54.440076+00:00,0
2068993324649005109,prabowo catat rekam kalau prabowo subianto jadi presiden indonesia kesehatan gratis subsidi listrik subsidi bbm sekolah gratis mbg angkutan kota kota besar kita kasih subsidi 100 sebanyak itu yang realisasi cuma mbg karna cuan besar amp menguntungkan rekan sejawat,8897,3725,228,Mon Jun 22 09:43:43 +0000 2026,1050.629430427222,9.72256501665588,0.8934645386163682,12.219133116862007,0.0764380917230882,Catatan_ali7,2026-08-05T04:21:28.949538+00:00,0
2083720503089566105,dg iq orang indo yg rata2 78 gak jauh dari orang utan sih makanya kelakuan ya mirip2 aja termasuk kemampuan memilih berdasarkan bansos makanan sangat basic kebodohan ini yg dijaga politisi amp oligarki utk menjaga konstituen 10 6 17,1,0,0,Sun Aug 02 01:04:16 +0000 2026,74.99809014638889,0.6931471805599453,0.0636974321911235,0.0131582253984775,8.231268374791162e-05,fair_n_just,2026-08-05T04:04:09.124527+00:00,0
2084405543435907448,ini mau urus bansos apa war tiket,0,0,0,Mon Aug 03 22:26:22 +0000 2026,29.623643282777778,0.0,0.0,0.0,0.0,woonywon,2026-08-05T04:03:47.115818+00:00,0
1747899162476363861,siap siap bocoran dari luhut pemerintah kaji naikkan pajak sepeda motor non listrik,93,58,96,Thu Jan 18 08:30:09 +0000 2024,22308.308047066388,5.869296913133774,0.5393647303475931,0.0110716118796198,6.925965011453742e-05,geloraco,2026-08-04T20:48:37.969439+00:00,1
2079543320586678683,canggih dunia mobil mewah isinya bbm subsidi,6,1,3,Tue Jul 21 12:25:38 +0000 2026,351.6519744336111,2.602689685444384,0.2391766920543548,0.0283565688695231,0.000177387543901,sevenfeeds,2026-08-05T04:04:45.107961+00:00,0
2076967923571396663,pemerintah melalui presiden prabowo subianto menetapkan harga khusus bbm solar sebesar rp15 000 per liter bagi pengusaha nelayan kebijakan ini ditujukan untuk membantu menekan biaya operasional nelayan terutama di tengah tingginya harga solar non subsidi yang sempat mencapai,2,0,2,Tue Jul 14 09:51:55 +0000 2026,522.2156981619444,1.791759469228055,0.164655473606283,0.0076450305563307,4.782430482602813e-05,GNFI,2026-08-05T04:04:51.513383+00:00,0
2084605007710798012,masalahan tahun ke tahun luput dari pemerintah akses darat sulit ditempuh ke long apari dan akses satu nya melalui sungai mahakam yg mana kalau kemarau tingkat air surut saat ini menurut laporan bbm perliter 35k jauh dari kata subsidi lalu bahan pokok beras 700k 800k per 25kg,1,0,0,Tue Aug 04 11:38:58 +0000 2026,16.423738620833333,0.6931471805599453,0.0636974321911235,0.0573929638042385,0.000359027812331,mrbanyakduit,2026-08-05T04:04:23.459035+00:00,0
2039215678839009790,masing2 sama2 soal energi jadi berkaitan cthnya ya sekarang bbm subsidi g naik krn masih kuat ditalangi subsidinya oleh pemerintah coba misal kita ga pake batubara tapi gas alam yg harga impornya naik beban subsidi listrik bakal naik yg bisa bikin ga kuat subsidi bbm,3,0,1,Wed Apr 01 05:37:59 +0000 2026,3022.7338316433334,1.7047480922384253,0.1566594787568544,0.0013228677597677,8.275340500146075e-06,Stephanus_SJ,2026-08-05T04:22:00.793916+00:00,0
2083934348974444893,kalau itu di rumah gua yang listrik subsidi daya 900 biasanya habis token 80rb bulan kalau di isi 5 juta gak bakalan nit nit meterannya sampai 5 tahun ke depan,1,0,0,Sun Aug 02 15:14:01 +0000 2026,61.12177967888889,0.6931471805599453,0.0636974321911235,0.0160974139048987,0.0001006990912366,antagonisem,2026-08-05T04:21:19.406844+00:00,0
2071500807087022119,pemkot surabaya percepat elektrifikasi di tengah kenaikan harga bbm non subsidi,7,0,0,Mon Jun 29 07:47:33 +0000 2026,884.5598150158334,2.079441541679836,0.1910922965733706,0.0079046043884396,4.944809664480088e-05,e100ss,2026-08-05T04:21:08.334057+00:00,0
2084075806888976774,jika benar mau dijadikan tempat distribusi bansos apa enggak ambyaar dunia begitulah,0,0,0,Mon Aug 03 00:36:07 +0000 2026,51.464074625555554,0.0,0.0,0.0,0.0,dwnoeg,2026-08-05T04:03:57.668652+00:00,0
2066512524561023185,menteri energi dan sumber daya mineral esdm bahlil lahadalia mengusulkan penambahan kuota subsidi energi sebagai asumsi dasar sektor esdm untuk rancangan apbn 2027 meningkat baik itu bbm lpg hingga listrik bahlil menyampaikan usulan asumsi makro indonesia crude price,9,5,7,Mon Jun 15 13:25:54 +0000 2026,1214.9286161127775,3.417726683613366,0.314075307211653,0.0172707507017437,0.0001080390248343,kumparan,2026-08-05T04:21:37.018006+00:00,0
2077591263784980666,makan gratis sekolah wajib bayar pemprov jabar dan dprd mulai membahas pengaktifan kembali spp bagi siswa sma smk negeri dari keluarga desil 6 10 alasannya pemerintah baru mampu membiayai sekitar rp1 6 juta dari kebutuhan ideal rp4 5 juta per siswa per tahun wacana ini,107,57,48,Thu Jul 16 03:08:51 +0000 2026,473.603583635,5.683579767338681,0.5222980731746453,0.4466885782367824,0.0027943080894831,zalkad,2026-08-04T20:45:03.901086+00:00,0
2084156866905686303,oleh bansos a pren wkwk,0,0,1,Mon Aug 03 05:58:13 +0000 2026,46.09443957722222,0.9162907318741552,0.0842034251856289,0.021233929291382,0.0001328311116094,PramestiHilya,2026-08-05T04:03:52.982478+00:00,0
2083503033787568164,bbm subsidi dipastikan tidak naik hingga akhir tahun kabar baik tapi benarkah apbn indonesia masih sekuat itu bbmsubsidi apbn ekonomiindonesia subsidibbm purbaya energi,0,0,1,Sat Aug 01 10:40:07 +0000 2026,89.40634913194444,0.9162907318741552,0.0842034251856289,0.0110611700350883,6.919433004130253e-05,Juranox,2026-08-05T04:04:29.856875+00:00,0
2048214126397460651,apbn selain digunakan utk subsidi juga digunakan sbg penyertaan modal negara berupa infrastruktur pembangunan jaringan distribusi listrik jadi benar pln menggunakan pajak dari rakyat,3,0,0,Sun Apr 26 01:34:36 +0000 2026,2426.788093680556,1.3862943611198906,0.1273948643822471,0.0012356926899052,7.730007543839724e-06,nuuwunn,2026-08-05T04:21:53.137250+00:00,0
2083764718800646166,bansos yg langsung ke penerima berupa uamg blt lebih sedikit biaya operasional pengadaan transport dibanding yg berupa baranh shg lebih banyak yg sampai ke penerima jg lebih rendah potensi mark up dan korupsi pernah baca kajian bhw blt akan lebih banyak dibelikan keperluan,2,1,0,Sun Aug 02 03:59:58 +0000 2026,72.06938699222222,1.6094379124341005,0.1479008573767524,0.0410568655833848,0.000256835605874,bmartawardaya,2026-08-05T04:04:07.793172+00:00,0
2078419522214879489,komisi xii evaluasi distribusi bbm subsidi soroti pergeseran konsumsi masyarakat,3,1,4,Sat Jul 18 10:00:03 +0000 2026,426.0787841919444,2.4849066497880004,0.2283529057974065,0.0187319068427536,0.0001171794430669,DPR_RI,2026-08-05T04:04:46.623091+00:00,0
2084054527662297415,cara menggerakkan lautan masa ya dengan bansos dan amplop piye to mas sampean ini kok kura kura dalam perahu,0,0,0,Sun Aug 02 23:11:33 +0000 2026,52.87351907,0.0,0.0,0.0,0.0,dimashadi04,2026-08-05T04:03:57.668652+00:00,0
2058116312388518240,kerja yang rajin bang biar bisa nikmatin golongan listrik non subsidi,3,0,1,Sat May 23 09:22:21 +0000 2026,1770.9900745530556,1.7047480922384253,0.1566594787568544,0.0022573489871318,1.4121087582824805e-05,lelahbangetz,2026-08-05T04:21:45.268391+00:00,0
2079895543225143545,banyak pengguna mengeluh barcode bbm subsidi di mypertamina tiba tiba hilang pertamina menjelaskan hal itu terjadi karena sedang dilakukan validasi ulang dan pembersihan data kendaraan agar penyaluran pertalite dan biosolar lebih tepat sasaran,0,0,1,Wed Jul 22 11:45:14 +0000 2026,328.3248521875,0.9162907318741552,0.0842034251856289,0.0030365154447276,1.8995246541865533e-05,KontanNews,2026-08-05T04:04:43.467875+00:00,0
2082271694627205408,harga bbm subsidi dan lpg subsidi tak naik meski timur tengah masih bergejolak baca di,1,0,0,Wed Jul 29 01:07:13 +0000 2026,170.95710565027778,0.6931471805599453,0.0636974321911235,0.0058154037672265,3.637887911644367e-05,kompascom,2026-08-05T04:04:38.580341+00:00,0
2076834285479428119,pemerintah menetapkan harga bbm khusus sebesar rp15 000 per liter bagi nelayan pengusaha dengan kapal berukuran 30 gt hingga 200 gt kebijakan yang,2,1,0,Tue Jul 14 01:00:54 +0000 2026,531.0663607586112,1.6094379124341005,0.1479008573767524,0.0056383944208061,3.527157825245248e-05,garudatvnews,2026-08-05T04:04:52.898731+00:00,0
2071820943090229558,emang ada ya secangkir kopi harga 1jt mungkin yang dimaksud 1jt bln artinya sehari sekitar 34rb jadi target marketnya yang sehari ngopi 34rb hari menurut saya ini harga wajar mirip dengan cicilan kpr rumah subsidi tapi ini sistemnya sewa atau cicil beli sih kalau,9,3,5,Tue Jun 30 04:59:40 +0000 2026,863.3627048972222,3.157000421150113,0.2901156145381836,0.019667669490693,0.0001230332062128,sibambaang,2026-08-05T04:21:25.737630+00:00,0
2051628806495187412,pemerintah akan kembali gelontorkan subsidi kendaraan listrik pemerintah akan kembali menggelontorkan subsidi kendaraan listrik baik mobil maupun sepeda motor untuk tahun 2026 ini tetapi dengan skema berbeda dari skema tahun tahun sebelumnya menteri,2,0,0,Tue May 05 11:43:19 +0000 2026,2200.6419510977776,1.0986122886681098,0.1009580414151594,0.0009084129229109,5.682674021128488e-06,Bisniscom,2026-08-05T04:21:50.023952+00:00,0
2084843801655603465,deuk naon d kantor pemda atuh rek d bagi bansos wakakkakakka,1,0,1,Wed Aug 05 03:27:51 +0000 2026,0.5950107558333333,1.252762968495368,0.1151238675930576,1.253910039594106,0.0078439681196966,KawalPersib,2026-08-05T04:03:33.038721+00:00,0
2069062680011256156,baca dulu apbn barumu pak subsidi listrik udh jalan buat 40 juta rumah tangga subsidi bbm pertalite amp solar masih rp10rb amp rp6 800 sekolah gratis udh ada di ribuan sekolah negeri lo cuma liat yg lo mau liat doang,3,0,4,Mon Jun 22 14:19:18 +0000 2026,1046.03247763,2.302585092994046,0.211598289567876,0.0066855614792816,4.1822243581950414e-05,ramzanrachmat,2026-08-05T04:21:14.919468+00:00,0
2083783684428337189,berkah bansos,0,0,0,Sun Aug 02 05:15:19 +0000 2026,70.81319571944444,0.0,0.0,0.0,0.0,AIADigibuy,2026-08-05T04:04:06.504590+00:00,0
2084157788062896556,bansos tepat sasaran berkat data yang terhubung,4,0,1,Mon Aug 03 06:01:53 +0000 2026,46.03332846611111,1.871802176901592,0.172011075832509,0.1063075942754646,0.0006650185053533,mediaindonesia,2026-08-05T04:03:52.982478+00:00,0
2031633242642669854,saat ini tarif kereta rel listrik krl sebesar rp 3 000 untuk 25 kilometer pertama pemerintah memberikan subsidi agar tarif krl terjangkau masyarakat metropolitan adadikompas,1,0,0,Wed Mar 11 07:28:05 +0000 2026,3524.900857621389,0.6931471805599453,0.0636974321911235,0.0002836154618013,1.7741867999899149e-06,hariankompas,2026-08-05T04:22:08.087437+00:00,0
2069750103183913437,looh kata pemerintah bbm subsidi ga naik harusnya harga beras ga terefek dong jangan bandingkan dengan harga pasar global ya nanti kaget looh,3,0,2,Wed Jun 24 11:50:53 +0000 2026,1000.5060887411112,1.9459101490553128,0.1788212997841811,0.0049924808807552,3.123099714515095e-05,cemeNix7,2026-08-05T04:21:14.919468+00:00,0
2083764137956724867,ini bagi2 bansos bukan demo jing,0,0,0,Sun Aug 02 03:57:39 +0000 2026,72.10799810333333,0.0,0.0,0.0,0.0,alfanrzky_,2026-08-05T04:04:07.793172+00:00,0
2084806891935597050,open nih joki tugas ujian pajak auditing brevet ab ppn amp ppnbm akuntansi pajak transfer pricing pph op pph 21 pph unifikasi sengketa pajak hukum pajak kup spt badan spt tahunan langsung ke link bio jokitugaskuliah zonauang jokipajak jokitugaskuliah,0,0,0,Wed Aug 05 01:01:11 +0000 2026,3.3501687702777776,0.0,0.0,0.0,0.0,yourgirllust,2026-08-05T04:22:11.607573+00:00,0
2073646815338229965,ini aneh kita dipaksa bayar pajak agar bisa isi bbm bersubsidi giliran rakyat maksa minta jalanan bagus dan fasilitas publik kalian diam mereka gak ada hak buat larang kita isi bbm subsidi jangan takut,5,2,2,Sun Jul 05 05:55:01 +0000 2026,742.4340382713889,2.5649493574615367,0.2357085080236325,0.0121059832301014,7.573027052661334e-05,tasawufcenter,2026-08-05T04:21:03.537777+00:00,0
2083417069304094830,pt pertamina patra niaga kembali melakukan penyesuaian harga berkala bahan bakar minyak bbm non subsidi yang berlaku mulai 1 agustus 2026 vp corporate communication pertamina patra niaga kitty andhora menyampaikan penyesuaian harga bbm non subsidi dilakukan mengikuti tren,13,4,2,Sat Aug 01 04:58:31 +0000 2026,95.10023376861112,3.218875824868201,0.2958017147535048,0.1977102370608998,0.0012367974954131,tribunnews,2026-08-05T04:04:31.841567+00:00,0
2046527233062576534,jadi jangan mimpi rakyat dapatkan 1 pelayanan rumah sakit amp obat gratis 2 masuk perguruan tinggi gratis 3 fasilitas jalan tol gratis 4 pajak di hapuskan 5 subsidi listrik 6 subsidi kebutuhan bahan pokok bodoh dan diam itulah kunci bagi penguasa,3,1,0,Tue Apr 21 09:51:29 +0000 2026,2538.507152998056,1.791759469228055,0.164655473606283,0.0015751087746603,9.853261097973016e-06,dre_f2,2026-08-05T04:21:54.750793+00:00,1
2048664919051313311,guys ada situasi yang menurut gue menggambarkan dengan sangat jelas salah satu masalah terbesar yang membuat investor asing ragu masuk ke indonesia byd produsen kendaraan listrik terbesar di dunia dari china sudah investasi besar besaran di indonesia bangun pabrik buka,545,154,113,Mon Apr 27 07:25:53 +0000 2026,2396.9333714583336,6.930983405101344,0.6369294398739381,0.3386249216366558,0.0021183043487812,LambeSahamjja,2026-08-05T04:21:53.137250+00:00,0
1285548601590968322,pemerintah kota palembang mewacanakan penerapan pajak sepeda untuk klasifikasi tertentu di palembang publisherstory,2,1,2,Tue Jul 21 12:14:05 +0000 2020,52928.57983797528,2.079441541679836,0.1910922965733706,9.446513679696092e-05,5.909367482997466e-07,kumparan,2026-08-04T20:48:52.416711+00:00,0
2083465102981005607,satu data satu tujuan integrasi data digital bikin penyaluran bansos makin transparan dan tepat sasaran buat yang benar benar membutuhkan jagaindonesia bansostepatsasaran infobansos bantuansosial fyp,0,0,0,Sat Aug 01 08:09:24 +0000 2026,91.91442862166669,0.0,0.0,0.0,0.0,gabirosamaria,2026-08-05T04:04:15.943038+00:00,0
2032386430950133907,mari kita liat apa yg terjadi setelah lebaran bbm bakal naik termasuk bbm subsidi listrik pupuk dan pestisida juga kemungkinan naik naiknya bisa 20 30,3,0,0,Fri Mar 13 09:20:59 +0000 2026,3475.0191906702776,1.3862943611198906,0.1273948643822471,0.0008630562247907,5.398940353771803e-06,majikanpenjabat,2026-08-05T04:22:08.086413+00:00,0
2083415325090230473,harga minyak dunia kurs rupiah impor biaya distribusi subsidi kebijakan fiskal semuanya berpengaruh karena itu perdebatan soal bbm sering kali jauh lebih kompleks daripada yang terlihat,0,0,1,Sat Aug 01 04:51:36 +0000 2026,95.2155115463889,0.9162907318741552,0.0842034251856289,0.0103933345458321,6.501661384036751e-05,angelont_69,2026-08-05T04:04:31.841567+00:00,0
2084604857135378795,data kependudukan jadi basis akurasi penyaluran bansos di biak numfor,0,0,0,Tue Aug 04 11:38:22 +0000 2026,16.42175034611111,0.0,0.0,0.0,0.0,IDNTimes,2026-08-05T04:03:40.301246+00:00,0
2065608858001915993,indonesia gelap lagi di tengah protes publik atas kenaikan harga bbm non subsidi kabar lain yg lebih mengerikan datang dari pln setelah sumut kini jawa madura bali terancam gelap gulita akibat krisis listrik padahal sistem interkoneksi jawa bali kelebihan cadangan daya,69,25,14,Sat Jun 13 01:35:03 +0000 2026,1274.7761161127778,4.948759890378168,0.4547710881444665,0.0846543516812889,0.0005295643346125,eddesign_,2026-08-05T04:21:37.018006+00:00,0
2074680501856870816,pengamat isu beli bbm subsidi wajib lunas pajak kendaraan kebijakan yang sesat,13,1,0,Wed Jul 08 02:22:31 +0000 2026,673.974776738889,2.772588722239781,0.2547897287644942,0.0207415158054355,0.0001297507664781,geloraco,2026-08-05T04:21:00.196260+00:00,0
2040571603537535144,bbm beli di vivo gas pake non subsidi listrik non subsidi bayar pajak ini itu bini beli sun padahal udah gw larang2 gw ke rs belum pernah pake bpjs gw udah bantuin banyak yak,2,0,0,Sat Apr 04 23:25:56 +0000 2026,2932.934175550556,1.0986122886681098,0.1009580414151594,0.0006816785518457,4.264312956844792e-06,fah21200,2026-08-05T04:21:59.031982+00:00,0
2082308085499166847,tenang gais bbm dan lpg subsidi tidak naik aman jagaindonesia,1,0,0,Wed Jul 29 03:31:49 +0000 2026,168.5471056502778,0.6931471805599453,0.0636974321911235,0.0058980658865547,3.689598082888146e-05,infomahasewa,2026-08-05T04:04:38.580341+00:00,0
2072889719176999253,dipasang stiker merah kendaraan penunggak pajak di daerah ini dilarang isi bbm subsidi mulai 1 juli 2026,1,0,0,Fri Jul 03 03:46:36 +0000 2026,792.5748547774999,0.6931471805599453,0.0636974321911235,0.0012601205720919,7.882818768771241e-06,VIVAcoid,2026-08-05T04:21:05.477199+00:00,1
2084465362545090926,tapi susah juga sih kak orang miskin pasti juga skrg pada gamau kalo ada bansos dikasihnya ubi pasti minta beras,0,0,1,Tue Aug 04 02:24:04 +0000 2026,25.661567946944444,0.9162907318741552,0.0842034251856289,0.037507171445804,0.0002346301152322,koganenohikari,2026-08-05T04:03:45.644609+00:00,0
2074353340084035596,apakah ini artinya kl isi bbm non subsidi bebas tidak bayar pajak,2,1,2,Tue Jul 07 04:42:30 +0000 2026,695.6422173433333,2.079441541679836,0.1910922965733706,0.0071772853776615,4.489827492454404e-05,katuxz,2026-08-05T04:21:01.982436+00:00,0
2084165826878624140,pemimpin singapura sangat paham cerdas pintar amp visioner ke depan makanya guru2nya sangat diperhatikan spy anak2 bangsanya jauh lbh pintar amp cerdas klo guru2 di konoha malah dipinggirkan spy rakyatnya bodoh amp miskin spy gampang disogok bansos seuprit,0,0,0,Mon Aug 03 06:33:49 +0000 2026,45.50110624388888,0.0,0.0,0.0,0.0,PRajagukgu38321,2026-08-05T04:03:52.982478+00:00,0
2084593030623883712,menteri esdm bahlil lahadalia membahas harga minyak dunia dan arahan prabowo untuk menjaga harga bbm subsidi penyesuaian harga non subsidi juga dibahas persis kyk pjbt di masa orba,0,0,0,Tue Aug 04 10:51:23 +0000 2026,17.21721042777778,0.0,0.0,0.0,0.0,antimunafic,2026-08-05T04:04:24.957540+00:00,0
2084710847490990255,yang pasang wifi itukan ada ppn nya kan artinya kita bayar pajak juga lah,0,0,0,Tue Aug 04 18:39:32 +0000 2026,9.711444808333331,0.0,0.0,0.0,0.0,socotransx,2026-08-05T04:22:13.201310+00:00,0
2067481829083672788,logika ini justru yg sesat amp cherry picking non subsidi memang ikut mekanisme pasar tapi pasar itu dua arah pas harga minyak dunia naik kelas menengah ngamuk minta pemerintah jangan naikkan atau subsidi silang pas turun di bawah 80 langsung teriak turunin dong itu,4,1,1,Thu Jun 18 05:37:34 +0000 2026,1143.1781589005554,2.1400661634962708,0.1966634549731571,0.0052439385888692,3.2804017683798585e-05,kangdede78,2026-08-04T20:48:15.372042+00:00,0
2071781515722383534,rancangan awal rapbn 2027 begini arah kebijakan subsidi bbm listrik,0,0,0,Tue Jun 30 02:22:59 +0000 2026,865.9692594602777,0.0,0.0,0.0,0.0,cnbcindonesia,2026-08-05T04:21:08.334057+00:00,0
1511576938099355651,pemerintah mengenakan tarif pajak pertambahan nilai ppn 1 1 persen untuk kendaraan bermotor bekas baik sepeda motor maupun mobil per 1 april 2022,16,10,6,Wed Apr 06 05:30:00 +0000 2022,37959.31302615445,3.828641396489095,0.3518367131494113,0.0008429856723771,5.273386870423252e-06,TirtoID,2026-08-04T20:48:46.894156+00:00,0
2082372393994174811,breaking menteri energi dan sumber daya mineral esdm bahlil lahadalia tegaskan pemerintah pastikan harga bbm dan lpg subsidi tidak naik lope sekebon my little kanda,5,0,2,Wed Jul 29 07:47:21 +0000 2026,164.28775432194445,2.19722457733622,0.2019160828303189,0.0423503848105137,0.000264927353495,pw_gun,2026-08-05T04:04:36.915559+00:00,0
2084000928353685892,mau sampai kapan main pleciden plecidenan raja rajaan btw cara ini dirasa masih jitu utk menarik perhatian dan simpati dari rakyat yg buta informasi dan media sosial ada uang ada bansos dpt dukungan,0,0,1,Sun Aug 02 19:38:34 +0000 2026,56.4238513775,0.9162907318741552,0.0842034251856289,0.0174143666092,0.0001089374294757,Dasatrie,2026-08-05T04:03:59.864959+00:00,0
2068191956669444462,mobil listrik mitsubishi versi terbaru akan segera masuk ke dealer dealer di jepang pekan depan mobil yang merupakan kembaran dari nissan sakura ini bakal dijual dengan harga mulai rp 200 jutaan setelah mendapatkan subsidi pemerintah jepang,2,0,0,Sat Jun 20 04:39:22 +0000 2026,1103.7032359772222,1.0986122886681098,0.1009580414151594,0.0018104409717156,1.1325406780638729e-05,putrapostdaily,2026-08-05T04:21:33.649518+00:00,0
2038247911730085964,pajak daerah yang dikenakan atas konsumsi tenaga listrik digunakan untuk bayar subsidi silang ke pju,2,0,0,Sun Mar 29 13:32:25 +0000 2026,3086.8266094211112,1.0986122886681098,0.1009580414151594,0.0006477047622745,4.051786289151614e-06,RahmatAR_,2026-08-05T04:22:00.793916+00:00,0
1277765278873513984,pemerintah atur pesepeda bukan pungut pajak sepeda,126,27,24,Tue Jun 30 00:45:56 +0000 2020,53444.05225893861,5.37989735354046,0.4943908833265636,0.0033118126471734,2.071739758240237e-05,CNNIndonesia,2026-08-04T20:49:04.132179+00:00,0
2056710852506714582,mobil listrik baterai nikel dapat subsidi lebih gede apa kata chery,0,0,0,Tue May 19 12:17:33 +0000 2026,1864.0700745530555,0.0,0.0,0.0,0.0,detikoto,2026-08-05T04:21:45.268391+00:00,0
2084620611628790050,bisa jadi buat cross check data bansos data yang diambil dari 2 sumber berbeda bisa lebih baik,1,0,0,Tue Aug 04 12:40:58 +0000 2026,15.377998036111112,0.6931471805599453,0.0636974321911235,0.0610575235016602,0.0003819518567453,waskitaadijarto,2026-08-05T04:03:38.792930+00:00,0
2064710931297546305,info a1 selama seminggu ini kemungkinan pemadaman bergilir bakal berlanjut antara tiap hari atau 2 hari sekali pokoknya pas listrik nyala jangan lupa charge hp emergency lamp dll pemadaman bergilir ternyata penyebabnya karena efisiensi batubara efek dollar naik ada isu,36647,7844,578,Wed Jun 10 14:07:01 +0000 2026,1334.2441643105556,10.881870064717267,1.0,33.753377250872376,0.2111478548920796,KapudS640,2026-08-05T04:21:39.991518+00:00,0
1790356514936619260,untuk kalian iq 58 apakah setuju pemerintah naikkan pajak sepeda motor bensin demi subsidi lrt dan mrt kalau setuju kasih juga alasannya,353,90,373,Tue May 14 12:20:31 +0000 2024,19496.4665976925,6.997138840116823,0.6430088577149926,0.0418515911239757,0.0002618070963378,DoankWarto,2026-08-04T20:48:30.751693+00:00,0
2083467887428464852,pemerintah amp dpr menyiapkan transformasi penyaluran bansos pkh amp bpnt melalui koperasi desa kelurahan merah putih didukung data akurat agar bansos lebih transparan cepat amp tepat sasaran bagi penerima prioritas jagaindonesia bansostepat bantuansosial kesejahteraan bansos,0,0,0,Sat Aug 01 08:20:27 +0000 2026,91.730261955,0.0,0.0,0.0,0.0,alinearepublik,2026-08-05T04:04:15.943038+00:00,0
2033545106897432725,jadi berandai misal anggaran insentif kendaraan listrik 2023 2024 sebesar 14 t dialihkan utk konversi ke kompor listrik setidaknya beban subsidi lpg bisa turun sekitar 1 5 nya dari 80t dan dinikmati oleh sekitar 12 jt rumah tangga toh sama2 menyerap oversupply listrik pln,3,0,3,Mon Mar 16 14:05:09 +0000 2026,3398.282572696389,2.1400661634962708,0.1966634549731571,0.0017650783280545,1.104163592031638e-05,fareza_pahlevy,2026-08-05T04:22:06.261707+00:00,0
2077750014793965781,komisi v dprd jabar mengusulkan reaktivasi sumbangan pembinaan pendidikan spp karena dana bos hanya menutup 40 kebutuhan,19,7,25,Thu Jul 16 13:39:40 +0000 2026,463.0899725238889,4.269697449699962,0.3923679867804869,0.1098924842582648,0.0006874441673623,txtdrkrw,2026-08-04T20:45:03.901086+00:00,0
2033885445059383726,di indonesia justru teriak gulingkan pemerintahan padahal masih menikmati subsidi anj kuba mengalami pemadaman listrik di seluruh negara itu disebabkan embargo bbm dari as kuba sudah tiga bulan tanpa kiriman minyak jaringan listrik nasional senin 16 3 sempat kolaps,3,3,0,Tue Mar 17 12:37:32 +0000 2026,3375.742850474167,2.302585092994046,0.211598289567876,0.0017768602069172,1.1115338721371514e-05,potrzayed,2026-08-05T04:22:06.261707+00:00,0
2055285788922003954,on serious note sejak mulyono mengurangi subsidi bbm listrik dan alokasiin anggarannya ke parcok dan parjo harga barang to the moon tapi gaji stagnan zaman pak by gaji starter 3x umr or above was common tp skrg gaji umr aja privilege gaji umr cukup jika cont,21,0,1,Fri May 15 13:54:52 +0000 2026,1958.4486106672225,3.157000421150113,0.2901156145381836,0.0112276483701752,7.023575303960988e-05,Ikhwanazis89,2026-08-05T04:21:46.998402+00:00,0
2084288626322718767,prolly 58 terjual setelah mengerahkan aparat dan bansos,0,0,0,Mon Aug 03 14:41:47 +0000 2026,37.36708714638889,0.0,0.0,0.0,0.0,rd__nw,2026-08-05T04:03:48.513727+00:00,0
2082786137874251870,harus teman teman pahami walaupun terpisah dari pos anggaran pendidikan mbg ini tetap pake dana dari apbn artinya ada beberapa pos anggaran lain yg mungkin akan dipotong misal 1 pengurangan subsidi bbm amp listrik gt karena nilainya paling gede 2 pengurangan,61,30,23,Thu Jul 30 11:11:26 +0000 2026,136.8859963283333,5.053056009980208,0.4643554811745031,0.8267699624009959,0.0051719477654836,CiptaBuana_,2026-08-05T04:04:35.586782+00:00,0
2072531941510013214,nunggak ga nunggak stok bbm subsidi jg sering kosong koq,2,0,0,Thu Jul 02 04:04:55 +0000 2026,816.2695769997222,1.0986122886681098,0.1009580414151594,0.0024471729479301,1.5308551635140863e-05,Tree_333,2026-08-05T04:21:05.477199+00:00,0
2082314008666030146,dr hal itu apakah benar makan gratis tersebut berdampak apakah bisa tujuan awal dari makan gratis itu tercapai nilai taruhan dari program itu sangat sangat besar efek dominonya panjang defisit apbn subsidi bbm jd harus dikurangi harga bahan pokok makin naik dan lainnya,0,0,1,Wed Jul 29 03:55:21 +0000 2026,168.15488342805554,0.9162907318741552,0.0842034251856289,0.0059117418293472,3.698153214905914e-05,untasanur,2026-08-05T04:04:38.580341+00:00,0
2083850871918751859,bang bansos dah abies,0,0,0,Sun Aug 02 09:42:18 +0000 2026,66.36265152861111,0.0,0.0,0.0,0.0,cloudkiest,2026-08-05T04:04:03.545503+00:00,0
2063745897364885789,penyebabnya mulyono cabut subsidi bbm dan listrik yg bikin harga barang naik signifikan gaji starter umr buat lulusan s1 zaman sby was too low but now it is privilege zaman mulyono pengusaha non oligarki gak dapat insentif apa2 selain bisa kasih gaji kecil ke karyawan,2,0,0,Sun Jun 07 22:12:19 +0000 2026,1398.156365998889,1.0986122886681098,0.1009580414151594,0.0014294327986508,8.941969477727345e-06,Ikhwanazis89,2026-08-05T04:21:41.917596+00:00,0
2084571022393786820,kpk periksa dua tersangka korupsi bansos beras pkh kpk periksa dua tersangka korupsi bansos beras pkh berita info,1,1,0,Tue Aug 04 09:23:55 +0000 2026,18.663176974166667,1.3862943611198906,0.1273948643822471,0.1017129634050278,0.000636276301422,Info_Ambon1,2026-08-05T04:03:42.437107+00:00,0
2081703650179907936,dalam rangka memastikan penyaluran bahan bakar minyak bbm bersubsidi maupun non subsidi berjalan sesuai ketentuan jajaran polsek polres ketapang secara rutin melaksanakan pemantauan dan pengawasan di sejumlah stasiun pengisian bahan bakar umum spbu yang berada di wilayahnya,0,0,0,Mon Jul 27 11:30:01 +0000 2026,208.57754935472224,0.0,0.0,0.0,0.0,tribunpontianak,2026-08-05T04:04:40.177677+00:00,0
2069029583882789300,twit 7 juni ini juga menunjukkan jika hanke masih ttp pakai playbook 1998 framing subsidi bbm sbg drain utk picu tekanan pasar yg tidak ditulis hanke 1 eliminasi subsidi 1998 memicu kerusuhan mei yg menewaskan ratusan hingga ribuan anak bangsa indonesia 2 as amp,28,16,1,Mon Jun 22 12:07:48 +0000 2026,1048.224552585278,4.135166556742356,0.3800051399391338,0.0428888171641813,0.0002682955745662,shda_agatha_,2026-08-05T04:21:16.389307+00:00,0
1799973041545605328,bagi kelompok menengah ke atas good good saja krn kalau punya uang dan punya orang dlm akan fine2 saja tapi bagi wong cilik itu penuh dgn intimidasi dan ditindas dari radio sepeda ontel dokar dll kena pajak yang kritis2 trhdp pemerintah lgsg dikriminaisasi,2,0,0,Mon Jun 10 01:13:09 +0000 2024,18859.58728774389,1.0986122886681098,0.1009580414151594,0.0001060412366533,6.633522768116608e-07,Megatop99,2026-08-04T20:48:23.235878+00:00,0
2064235111051112633,ketua dewan ekonomi nasional den luhut binsar pandjaitan mengungkapkan bahwa sebagian besar subsidi energi yang digelontorkan pemerintah saat ini dinikmati oleh masyarakat golongan mampu pernyataan tersebut disampaikan luhut usai menghadiri rapat dengar pendapat rdp,45,9,137,Tue Jun 09 06:36:16 +0000 2026,1365.7571993322224,5.596568390349052,0.5143020783252168,0.1397468402532065,0.0008742012785297,VIVAcoid,2026-08-05T04:21:41.917596+00:00,0
2044207928954237028,nikmat mana lagi yang engkau dustakan wahai karyawan embege 6 jt perhari motor listrik kaos kaki piring dan sendok rumah subsidi terus besok apa lagi yaa,3113,1425,564,Wed Apr 15 00:15:24 +0000 2026,2692.108900823333,8.826147399143558,0.8110873725427891,1.8944647943646928,0.0118510267735751,kenhans03,2026-08-05T04:21:56.042964+00:00,0
2083855624685990015,bansos,1,0,2,Sun Aug 02 10:01:11 +0000 2026,66.0479293063889,1.6094379124341005,0.1479008573767524,0.0447441111311715,0.0002799015640473,BitgetWalletID,2026-08-05T04:04:03.545503+00:00,0
2084806760121200788,pagi open buat joki tugas ujian pajak pph op ppn brevet ab akuntansi biaya akuntansi manajemen msdm manajemen keuangan audit etika bisnis adm publik makalah ppt resume langsung ke link bio jokitugaskuliah jokitugasmurah jokipajak jokitugas infojoki,0,0,0,Wed Aug 05 01:00:40 +0000 2026,3.3587798813888887,0.0,0.0,0.0,0.0,yourgirllust,2026-08-05T04:22:11.607573+00:00,0
2035385593996484990,belanja pemerintah pusat apbn 2026 dirinci menurut jenis tiap kementerian lembaga sbb pegawai barang modal sosial sebagiannya subsidi dan belanja lain lain bll dikelola bendahara umum negara realisasinya bisa ke jenis lain misal alutsista dan kompensasi bbm listrik,24,4,0,Sat Mar 21 15:58:35 +0000 2026,3276.3920171408336,3.49650756146648,0.3213149523631374,0.0085433783488698,5.344401534956597e-05,AwalilRizky,2026-08-05T04:22:06.261707+00:00,0
2083379816636858673,bahan bakar minyak bbm nonsubsidi pt pertamina resmi mengalami penurunan harga yang berlaku mulai 1 agustus 2026 penurunan harga pertamax cs mengikuti tren harga rata rata harga minyak dunia serta mempertimbangkan nilai tukar rupiah saat ini dengan penyesuaian tersebut harga,2,0,0,Sat Aug 01 02:30:30 +0000 2026,97.56717821305556,1.0986122886681098,0.1009580414151594,0.0202907300001725,0.0001269308277476,SINDOnews,2026-08-05T04:04:31.841567+00:00,0
2077402516032245985,yg mau daftar linknya buka pake google chrome syaratnya harus sudah punya ikd identitas kependudukan digital bantuan kedepan yg bisa diakses pkh bpnt bpjs pbi pip subsidi listrik sama subsidi bensin,168,17,2,Wed Jul 15 14:38:50 +0000 2026,493.7095114344445,5.327876168789581,0.4896103461172884,0.377999605177957,0.0023646168853019,irkhamdwi10,2026-08-05T04:21:24.241164+00:00,0
2033508327947383087,kalo mau percepat investasi sdm amp meningkatkan daya beli 1 buat pendidikan layak dengan gratis 2 berikan gaji yg layak buat guru dan dosen 3 kasih subsidi listrik pdam buat rakyat kurang mampu 4 kurangin ppn 5 perbaiki transportasi umum bukan mbg,125,32,9,Mon Mar 16 11:39:00 +0000 2026,3400.7184060297222,5.31566600488265,0.4884882812668248,0.0487988658043406,0.0003052665147896,seekracle,2026-08-05T04:22:06.261707+00:00,0
2083735390415093889,ya ela 200 perak aja udah ngamuk2 kesetanan ngomong baik2 kan bisa dan minta kembali uang nya buat tujang parkir elo bisa tuntut noh si gibran pki plonga plingo nasi liwet anjing yg katanya nyediain 19 juta lapangan pekerjaan elo ke istana minta pekerjaan bansos jawa asu,0,0,0,Sun Aug 02 02:03:25 +0000 2026,74.01225653555557,0.0,0.0,0.0,0.0,afif_sanja5092,2026-08-05T04:04:09.123528+00:00,0
2084329893421334983,pemerintah mau bagi bagi stimulus motor mobil listrik lagi tapi yakin bakal efektif genjot ekonomi pemerintah lewat menkeu purbaya yudhi sadewa bersiap mengumumkan paket stimulus ekonomi semester ii 2026 salah satu bintang utamanya adalah insentif subsidi untuk 200,0,0,1,Mon Aug 03 17:25:46 +0000 2026,34.925527593333335,0.9162907318741552,0.0842034251856289,0.0278353601739607,0.0001741270672619,bullandbear_id,2026-08-05T04:21:17.899336+00:00,0
2083771393679008053,udh gak bisa pake bansos jadi pake sembako,0,0,0,Sun Aug 02 04:26:29 +0000 2026,71.62744254777778,0.0,0.0,0.0,0.0,B4r4_Akb4r,2026-08-05T04:04:07.793172+00:00,0
2075157858891739417,anggota komisi xii dpr ri fraksi pdi perjuangan yulian gunhar menegaskan antrean panjang bbm subsidi tidak boleh dianggap sebagai kondisi yang wajar peristiwa meninggalnya seorang sopir saat mengantre solar di sumatera selatan menjadi pengingat penting bahwa distribusi dan,20,4,2,Thu Jul 09 09:59:22 +0000 2026,642.3599637438889,3.4657359027997265,0.3184871609556177,0.0404128349061368,0.000252806803216,PDI_Perjuangan,2026-08-05T04:20:57.869478+00:00,0
2083739173362741540,masih percaya kalau punya bpjs ketenagakerjaan otomatis nggak bisa dapat bansos faktanya itu mitos dalam pengembangan portal perlindungan sosial perlinsos digital kepesertaan bpjs ketenagakerjaan bukan penentu kelayakan penerima bansos,0,0,1,Sun Aug 02 02:18:27 +0000 2026,73.76170098,0.9162907318741552,0.0842034251856289,0.0133758326374558,8.367394906301646e-05,KontanNews,2026-08-05T04:04:09.123528+00:00,0
2084797125121192274,mungkin jenis pajaknya beda pak kalau ngak dikita ada pph ppn dan pemda mengenakan pajak restoran 10 nah mana yg dikurangi,0,0,0,Wed Aug 05 00:22:22 +0000 2026,3.997113214722222,0.0,0.0,0.0,0.0,buluslg,2026-08-05T04:22:11.607573+00:00,0
2051821006092648651,pemerintah memberi subsidi 200 ribu kendaraan listrik mulai juni 2026 ini mencakup 100 ribu mobil dan 100 ribu motor untuk mobil belum disebutkan besaran subsidi sementara untuk motor subsidi sebesar rp 5 juta unit bilamana kuota ini habis dapat ditambah lagi cnn indonesia,53,7,8,Wed May 06 00:27:03 +0000 2026,2187.9130622088887,4.382026634673881,0.4026905861412466,0.0310656467696252,0.0001943344699254,doktermarket,2026-08-05T04:21:50.023952+00:00,0
2083845216591651242,bansos 450 sq fgo anime incl pv servants filter update 3 5 new low rarity servants quick support servants bond 15 20 free ssr collab rerun samurai remnant mahoyo new collab 1 3 aimation updates 3 4 new spiritron dress new servants silhouette,16,0,6,Sun Aug 02 09:19:50 +0000 2026,66.73755407750001,3.258096538021482,0.2994059402147561,0.3247829110397066,0.0020317141737236,RutszarShka,2026-08-05T04:04:05.194679+00:00,0
2051830119317283188,motor listrik dapat subsidi rp 5 juta unit berlaku juni 2026,0,0,0,Wed May 06 01:03:16 +0000 2026,2187.3094510977776,0.0,0.0,0.0,0.0,detikoto,2026-08-05T04:21:50.023952+00:00,1
2083945621581647887,buat akun bansos ini namanya hoki bgtt,4,1,0,Sun Aug 02 15:58:48 +0000 2026,60.08662943583334,1.9459101490553128,0.1788212997841811,0.0818509720732276,0.0005120274941864,Littlebitess_,2026-08-05T04:03:59.865969+00:00,0
2080582742669246938,pertalite masih dibeli orang kaya menkeu minta subsidi bbm diperketat,0,0,0,Fri Jul 24 09:15:55 +0000 2026,282.8129833911111,0.0,0.0,0.0,0.0,jawapos,2026-08-05T04:04:41.740208+00:00,0
2084283344251138097,padahal hari ini bansos dari pak elon sudah cair harusnya bahagia un,0,0,0,Mon Aug 03 14:20:48 +0000 2026,37.71680936861112,0.0,0.0,0.0,0.0,nanovond,2026-08-05T04:03:48.513727+00:00,1
1985177145698824196,mulai kebijakan konyol komdigi live tiktok dihapus sim card wajib pakai wajah hp bekas harus balik nama satu orang satu akun medsos game diblokir kalau nggak ikut aturan igrs influencer wajib sertifikat sementara judol tak tersentuh,38,17,16,Mon Nov 03 02:48:08 +0000 2025,6593.967259671945,4.574710978503383,0.42039750073254,0.0107657850607027,6.734651779883249e-05,KangManto123,2026-08-04T20:46:10.134819+00:00,1
2083765308888907783,pilih lagi di 2029 karena terima bansos dan uang untuk pilih dia mantap bukan,0,0,0,Sun Aug 02 04:02:18 +0000 2026,72.03049810333333,0.0,0.0,0.0,0.0,Eddy4S464S,2026-08-05T04:04:07.793172+00:00,1
2083025321138520385,menurut kamu insentif pajak lebih baik diarahkan ke rumah atau kendaraan listrik insentifpajak pajak ppndtp rumahsubsidi rumahtapak mobillistrik kendaraanlistrik artikel selengkapnya di,0,0,0,Fri Jul 31 03:01:51 +0000 2026,121.32455745666668,0.0,0.0,0.0,0.0,KontanNews,2026-08-05T04:21:19.406844+00:00,0
2061421248060813472,byd 2026 juara tapi rugi byd naik tahta penjualan global byd sekarang 2 26 juta mobil tesla hanya 1 64 juta mobil persaingan harga mobil listrik di china sudah level final bos meski laris manis byd ternyata juga harus bertarung habis habisan dgn mobil listrik lokal,74,5,6,Mon Jun 01 12:14:59 +0000 2026,1552.112351085833,4.543294782270004,0.4175104789204306,0.0547288159421136,0.0003423619509559,KenalKripto,2026-08-05T04:21:43.463909+00:00,0
2072537262655762650,beberapa bbm non subsidi turun mulai 1 juli 2026 tapi kenapa pertamax belum pertamina menyebut penyesuaian harga dilakukan berdasarkan evaluasi berkala mulai dari harga minyak dunia hingga daya beli masyarakat,1,0,1,Thu Jul 02 04:26:03 +0000 2026,815.9173547775,1.252762968495368,0.1151238675930576,0.0024482280714243,1.531515207280374e-05,KontanNews,2026-08-05T04:21:05.477199+00:00,0
2083403072534130817,hahahahaha bansos ya,0,0,0,Sat Aug 01 04:02:54 +0000 2026,96.0239211225,0.0,0.0,0.0,0.0,rawkrawk13,2026-08-05T04:04:20.116041+00:00,0
1278066576764178433,setelah sepeda di pajaki next jalan kaki juga bisa kena pajak lho mr jokowi is the best sepeda mau dipajaki pemerintah fadli zon tanda negara mau bangkrut,3,0,0,Tue Jun 30 20:43:11 +0000 2020,53424.09643992472,1.3862943611198906,0.1273948643822471,5.615338483054365e-05,3.5127349372401826e-07,Innayaputri72,2026-08-04T20:48:58.183729+00:00,0
1796161324721799643,pemerintah mikirnya cuma bisnis pajak dari penjualan sepeda listrik kalau study tour dilarang karena ada yg celaka mestinya sepeda listrik dilarang karena masyarakat belum siap edukasi dulu ini bukan sepeda listrik ini motor intinya pemerintah wajib menjaga keselamatan rakyat,39,1,0,Thu May 30 12:46:45 +0000 2024,19112.02937547028,3.737669618283368,0.3434767733904642,0.0020928131911593,1.3091816345332367e-05,kangmasuno,2026-08-04T20:48:30.751693+00:00,0
2065652051565261011,menurut gua harga pertamax naik memang sudah seharusnya yah bahkan harusnya di lepas harganya sesuai harga pasar gak pantes pertamax harganya juga di subsidi pemerintah yang penting gas 3kg listrik di bawah 2200 solar non industri dan petralite tetep harus di subsidi,5,0,2,Sat Jun 13 04:26:41 +0000 2026,1271.915560557222,2.19722457733622,0.2019160828303189,0.0054991864479492,3.440074791644943e-05,Yang_MuliaPAP,2026-08-05T04:21:37.018006+00:00,0
2080456500016009345,demi atas bbm langka pemprov jambi usulkan pemilik barcode bbm subsidi wajib punya stnk aktif dan lunas pajak kendaraan sekda bilang selama ini masih ada celah kendaraan yang stnk nya mati tetap bisa dapat barcode subsidi,15,5,10,Fri Jul 24 00:54:17 +0000 2026,291.17353894666667,3.713572066704308,0.3412623055245784,0.1026787028974454,0.0006423175879188,LambeSahamjja,2026-08-05T04:04:41.740208+00:00,0
2076530037143326898,ku perhatikan memang pemilik lcgc penikmat bbm subsidi kebanyakan tengil kalo d jalan kalo jadi taxi ol pun pelit gak mau nyalain ac katanya biar irit minyak subsidi,31,3,6,Mon Jul 13 04:51:55 +0000 2026,551.2160829808333,3.8501476017100575,0.3538130467293071,0.0724354129348825,0.0004531274587945,bangunsetiaji4,2026-08-05T04:04:52.898731+00:00,0
2073968583600951787,menurutmu apa solusi paling efektif agar bbm subsidi benar benar tepat sasaran bbmsubsidi lubuklinggau sumsel spbu beritahariini,35,27,2,Mon Jul 06 03:13:37 +0000 2026,721.1236062322222,4.532599493153256,0.4165276249575419,0.0886274862747233,0.0005544187022322,tvrisumsel,2026-08-05T04:21:01.982436+00:00,0
1404552307035963392,th 1960an saat kls 3 sd saya ikut ke kota diajak ayah untuk bayar pajak radio di kantor pos kini sembako akan dipajaki kenapa ribut pemerintah harus bayar utang beli senjata dan mau buat ibukota baru rakyat harus bayar pajak peneng sepeda dllnya,16,2,4,Mon Jun 14 21:32:19 +0000 2021,45047.274415043335,3.295836866004329,0.3028741242454783,0.0004883649881304,3.055019320932569e-06,mpujayaprema,2026-08-04T20:48:46.894156+00:00,0
2051919590905786658,pemerintah sedang menyiapkan insentif untuk 200 ribu unit kendaraan listrik pada 2026 dengan tahap awal masing masing 100 ribu unit untuk mobil listrik dan 100 ribu unit untuk motor listrik program ini ditargetkan mulai berlaku pada awal juni 2026 sementara besaran subsidi,3,0,0,Wed May 06 06:58:47 +0000 2026,2181.38417332,1.3862943611198906,0.1273948643822471,0.0013746433999455,8.599228544828348e-06,putrapostdaily,2026-08-05T04:21:50.023952+00:00,0
2083923296626819326,kalo udah sepadet ini minimal dikasih bansos tiap minggu 1k primo,1,0,0,Sun Aug 02 14:30:05 +0000 2026,61.56588281277778,0.6931471805599453,0.0636974321911235,0.0159831517600798,9.998431219110696e-05,Charinactually,2026-08-05T04:04:02.178126+00:00,0
2078110000078332364,dedi mulyadi tegaskan pendidikan gratis di jawa barat tetap berjalan pemprov jabar resmi menolak usulan reaktivasi spp bagi siswa sma smk negeri karena pendidikan adalah kewajiban pemerintah beban operasional sekolah kini tengah dicari solusi lain tanpa membebankan orang tua,13,4,5,Fri Jul 17 13:30:08 +0000 2026,439.2488614127778,3.3843902633457743,0.3110118245501866,0.0499717362797964,0.000312603531264,Beritasatu,2026-08-04T20:45:03.901086+00:00,0
2043354151434792977,pemerintah buka peluang untuk subsidi motor listrik lagi,0,0,0,Sun Apr 12 15:42:48 +0000 2026,2748.652664389444,0.0,0.0,0.0,0.0,Harian_Jogja,2026-08-05T04:21:57.591802+00:00,0
2083878915190485062,aku kadang tau dari tl di akun priv karena tadinya pernah iseng cari2 listnya gitu atau bahkan tau dari event2 bansos di game,0,0,1,Sun Aug 02 11:33:44 +0000 2026,64.50542930638889,0.9162907318741552,0.0842034251856289,0.01526591017857,9.549753090550104e-05,lacullie,2026-08-05T04:04:03.545503+00:00,0
2084115441233072230,serius nanya beneran gw itu kan card saviola ada 2 setau gw ya nah yg ini sering berseliweran di gw katanya sih card bansos tp mnrut gw terlalu gacor dkit anjir untuk sebuah card bansos lupa gw ini dapetinnya dmn jir awokawok player baru gw bg 2026 baru maen izinn,1,0,1,Mon Aug 03 03:13:36 +0000 2026,48.83845557666667,1.252762968495368,0.1151238675930576,0.040129654437694,0.0002510353375634,laminexyamal19,2026-08-05T04:03:54.440076+00:00,0
2083100916694340091,mambu solar njir eh tapi mobile mbg tetep pake bbm subsidi kah,2,0,1,Fri Jul 31 08:02:15 +0000 2026,116.0390518838889,1.5040773967762742,0.1382186506391953,0.0256324701175485,0.0001603466533342,cloveswithoutc,2026-08-05T04:04:35.586782+00:00,0
2069767611735585196,pendapat ahok soal program mbg prabowo buat apa bgn kalau gw presiden langsung bubarin ganti pakai sistem voucher digital kayak subsidi bbm manfaatkan e ktp yang sudah ada chip nya kenapa enggak dipakai subsidi langsung ke rakyat lewat ktp bukan lewat dapur yang,16,1,10,Wed Jun 24 13:00:27 +0000 2026,999.3461571302776,3.5263605246161616,0.3240583193554042,0.0269906569916314,0.0001688429363246,Qu3en_Bakery,2026-08-05T04:21:13.165669+00:00,0
2083835957577748749,bansos beras 30 kg mulai disebar 17 agustus 2026,0,0,1,Sun Aug 02 08:43:02 +0000 2026,67.35088741083334,0.9162907318741552,0.0842034251856289,0.0146303879566237,9.152195379797656e-05,liputan6dotcom,2026-08-05T04:04:05.194679+00:00,1
2070913300955635768,antrean bbm subsidi mengular pertamina percepat distribusi pertalite,0,0,0,Sat Jun 27 16:53:01 +0000 2026,923.4692374647224,0.0,0.0,0.0,0.0,Harian_Jogja,2026-08-05T04:21:10.254873+00:00,0
2084753987669230038,termul kalo ga bodoh ya miskin mental bansos atau dua2nya,0,0,0,Tue Aug 04 21:30:58 +0000 2026,6.543947983888889,0.0,0.0,0.0,0.0,rmbantitermul,2026-08-05T04:03:36.212742+00:00,0
2075476752068137152,presiden prabowo subianto menegaskan bahwa subsidi bahan bakar minyak bbm harus diberikan secara tepat sasaran agar benar benar dinikmati oleh masyarakat yang membutuhkan suaramerdeka suaramerdekacom suaramerdekanetwork presidenprabowo subsidibbm bbm b50,1,0,1,Fri Jul 10 07:06:32 +0000 2026,620.9724718697222,1.252762968495368,0.1151238675930576,0.0032155763967941,2.011538144400475e-05,suaramerdeka,2026-08-05T04:04:52.898731+00:00,0
2064252509225721948,gimana dgn subsidi kendaraan listrik pung,5,1,1,Tue Jun 09 07:45:24 +0000 2026,1364.6049771100002,2.251291798606496,0.2068846425492573,0.0051259332803648,3.2065822878241945e-05,Widyawa64704930,2026-08-05T04:21:41.917596+00:00,0
2081036882222452956,modal usaha sendir buat ruko bayar imb semen bahan material kena pajak pbb bayr surat ijin usaha duit surat jual beli tanah duit parkiran stor duit dishub listrik non subsidi mau usaha jatuh bangun giliran maju di cekik pajak penghasilan dipaksa bangsat,5,0,0,Sat Jul 25 15:20:31 +0000 2026,253.01437251777776,1.791759469228055,0.164655473606283,0.0196839255607478,0.0001231348977945,hauslove01,2026-08-05T04:21:22.741064+00:00,0
2068332926261961131,loe kalo gajimu masih umr itu cuma 3 jam sy kerja oke kalao gajimu umr mending diem kalo loe masih pake bpjs pake listrik subsidi bbm subsidi mending mati ajah loe nyusahin bangsa anjiirrr,2,0,1,Sat Jun 20 13:59:32 +0000 2026,1094.366711378333,1.5040773967762742,0.1382186506391953,0.0027388088106356,1.7132910909242534e-05,BattoAjax,2026-08-05T04:21:32.160962+00:00,0
2083424253354094803,dukungan terhadap penyaluran bansos dan bpnt melalui koperasi desa diharapkan dapat memperkuat ketepatan distribusi sekaligus menggerakkan ekonomi di tingkat desa koperasidesa bpnt ekonomidesa jagaindonesia bansos,0,0,0,Sat Aug 01 05:27:04 +0000 2026,94.62114334472224,0.0,0.0,0.0,0.0,nnzkhaer,2026-08-05T04:04:20.116041+00:00,0
2076971052534808834,pemerintah menetapkan harga bbm khusus bagi nelayan yang memiliki kapal berukuran 30 gt hingga 200 gt menjadi rp15 000 per liter atas arahan presiden prabowo subianto menteri koordinator bidang perekonomian airlangga hartarto mengatakan kebijakan tersebut bertujuan meringankan,100,0,1,Tue Jul 14 10:04:21 +0000 2026,522.0084759397222,4.629862798578463,0.4254657307102073,0.1931135051272868,0.0012080421480568,antaranews,2026-08-05T04:04:51.513383+00:00,0
1277874777479237635,geger pajak sepeda pengamat pemerintah memang bisa pungut,1,0,0,Tue Jun 30 08:01:03 +0000 2020,53436.79866214694,0.6931471805599453,0.0636974321911235,1.871334570352273e-05,1.1706333187890456e-07,Bisniscom,2026-08-04T20:48:58.183729+00:00,0
2083328637475160432,pada sabtu 1 agustus ini terpantau pertamina menyesuaikan harga pertamax pertamax green 95 dan pertamax turbo sedangkan jenis bbm non subsidi lain tetap begitu juga bbm subsidi pertalite dan bio solar,0,0,0,Fri Jul 31 23:07:08 +0000 2026,100.95703107583331,0.0,0.0,0.0,0.0,andriandinoraa,2026-08-05T04:04:33.311873+00:00,0
2084083876000145720,separuh rakyat indonesia masih suka bansos,0,0,0,Mon Aug 03 01:08:11 +0000 2026,50.92963018111111,0.0,0.0,0.0,0.0,alfinrizalisme,2026-08-05T04:03:57.668652+00:00,0
2082426129433153726,bgnilah jwaban camat masalembu ktika ditanya apakah pedagang berhak atas bbm subsidi ntah apa dasarnya kami pun tak tau gak heran jika distribusi bbm subsidi di masalembu carut marut bbmsubsidi pulaumasalembu cc,0,0,0,Wed Jul 29 11:20:53 +0000 2026,160.72886543305555,0.0,0.0,0.0,0.0,erulmoncet,2026-08-05T04:04:36.915559+00:00,0
2084847272425083010,punyaku versi bansos munchen dalam 1 match mau 2 setelah dpt bola malah ditendang kedalam gawang sendiri,0,0,0,Wed Aug 05 03:41:38 +0000 2026,0.3652885336111111,0.0,0.0,0.0,0.0,Seno_ArifW,2026-08-05T04:03:33.038721+00:00,0
1765950838449795259,pks usulkan pajak penghasilan dikenakan pada mereka yang berpenghasilan diatas 8 juta juga pajak kendaraan sepeda motor dihapuskan sementara pemerintah akan menaikkan pajak untuk menutupi hutang kereta cepat mrt dll,2,2,0,Fri Mar 08 04:01:04 +0000 2024,21112.790764359164,1.9459101490553128,0.1788212997841811,0.0001894496371893,1.1851224310178684e-06,BuchroniK,2026-08-04T20:48:30.751693+00:00,0
2084546103060668444,mbg ini jadi diniatkan sbg kendaraan seperti juga bansos era jokowi atau blt era sby utk meluncur ke pilores 2029 program populis yang langsung dirasakan terlepas smooth atau tidak di lapangan,1,0,0,Tue Aug 04 07:44:54 +0000 2026,20.313454751944445,0.6931471805599453,0.0636974321911235,0.0469187192615392,0.0002935050573673,arman451,2026-08-05T04:03:42.437107+00:00,0
2035562371184525789,narasi ngak seperti itu pemerintah minta harga bawah buat listrik 450 selisihnya dibayar pemerintah jadi wajar subsidi dimasukan ke pendapatan,80,9,3,Sun Mar 22 03:41:02 +0000 2026,3264.6845171408336,4.639571612705423,0.4263579315974831,0.0281717353642438,0.000176231298176,buntand,2026-08-05T04:22:06.261707+00:00,0
2084168109297172740,dan profesi beno itu maling di kepolisian dan beno maupun kalian ga pernah di act film apapun ga usah ngalu sumpah pocong dan beno kalaupun pas beno sakaratul maut aku ngasih makan sekalian ngasih makan abdul dan boma record aku itu menkesma bem biasa bansos di panti,0,0,0,Mon Aug 03 06:42:53 +0000 2026,45.34999513277778,0.0,0.0,0.0,0.0,RirinMarinasari,2026-08-05T04:03:52.982478+00:00,0
2080307122160722346,hanya satu satunya di dunia ada razia pajak di jalan tol lagi,22,11,16,Thu Jul 23 15:00:42 +0000 2026,293.74883978222226,4.23410650459726,0.3890973223734472,0.1662432328358071,0.0010399522910762,PakKarti,2026-08-04T20:45:37.823216+00:00,0
2047277324924784684,beragam program bantuan yang tercakup di dalamnya meliputi program keluarga harapan pkh bantuan sembako subsidi listrik bantuan usaha makan bergizi gratis cek kesehatan gratis sekolah rakyat hingga bantuan iuran jaminan kesehatan nasional,40,10,3,Thu Apr 23 11:32:05 +0000 2026,2488.830038125,4.182050142641207,0.3843135525207968,0.0212865935378915,0.0001331605584258,KemensosRI,2026-08-05T04:21:53.137250+00:00,0
2080469180953026998,diduga alphard isi pertalite bersubsidi video viral picu sorotan publik beredar rekaman video yang diambil pada senin 20 7 2026 memperlihatkan sebuah mobil mewah jenis toyota alphard diduga mengisi bbm bersubsidi jenis pertalite di sebuah spbu yang disebut berada di,170,84,39,Fri Jul 24 01:44:40 +0000 2026,290.33381672444443,5.985194934094387,0.5500152913514773,1.0057191550719686,0.0062913835447927,RadioElshinta,2026-08-05T04:04:41.740208+00:00,0
2054757436922442099,hyundai respons subsidi pembelian mobil listrik berbasis baterai nikel,2,0,0,Thu May 14 02:55:23 +0000 2026,1993.4399995561112,1.0986122886681098,0.1009580414151594,0.001002787750168,6.273045828460376e-06,CNNIndonesia,2026-08-05T04:21:46.998402+00:00,0
2031184756680044872,wajib subsidi lpg di alihkan ke lpg bang btw itungan di atas asumsi harga lpg sekarang kan bang blom naik yg ditakutkan itu l perang panjang lpg mahal mungkin langka exit plannya ya listrik untuk listrik indo sudah mandiri sumber pembangkitnya juga sda lokal,2,0,1,Tue Mar 10 01:45:58 +0000 2026,3554.603307470833,1.5040773967762742,0.1382186506391953,0.0008437386683988,5.278097317426603e-06,Taufik_006,2026-08-05T04:22:09.906895+00:00,0
2080261658723651858,dpd organisasi angkutan darat organda provinsi kalimantan barat menggelar sosialisasi dan diskusi terkait pelaksanaan instruksi gubernur kalimantan barat mengenai penyediaan pendistribusian dan penyaluran bahan bakar minyak bbm jenis tertentu jbt solar subsidi kegiatan,0,0,0,Thu Jul 23 12:00:03 +0000 2026,304.0774278355556,0.0,0.0,0.0,0.0,tribunpontianak,2026-08-05T04:04:41.740208+00:00,0
2083886233311436845,another bansos yg dijanjikan dari 3000 tahun yg lalu,1,0,0,Sun Aug 02 12:02:49 +0000 2026,64.02070708416667,0.6931471805599453,0.0636974321911235,0.0153797158604495,9.62094544983548e-05,akukangenprei,2026-08-05T04:04:03.545503+00:00,1
1974088839074623727,breaking news kementerian komunikasi dan digital atau komdigi akan memberlakukan sistem balik nama pada jual beli hp bekas mirip jual beli sepeda motor atau mobil,3,0,1,Fri Oct 03 12:27:10 +0000 2025,7328.3185197522225,1.7047480922384253,0.1566594787568544,0.00054575333153,3.414018229829349e-06,aseprivva,2026-08-04T20:46:16.671108+00:00,0
2048347100522692884,subsidi motor listrik nggak php kan,0,0,0,Sun Apr 26 10:22:59 +0000 2026,2417.9817047916667,0.0,0.0,0.0,0.0,detikoto,2026-08-05T04:21:53.137250+00:00,0
2032435253290144009,ini wake up call please banget deh ketika perang pecah harga minyak dan gas langsung melonjak dalam semalam krisis geopolitik bisa berubah jadi krisis biaya listrik biaya produksi harga pupuk hingga kenaikan harga barang jasa dan indonesia masih rencanain tambah 10 3 gw,16,6,0,Fri Mar 13 12:34:59 +0000 2026,3471.7858573369444,3.367295829986474,0.3094409150229054,0.0063349716636056,3.962909156113767e-05,TrendAsia_Org,2026-08-05T04:22:08.086413+00:00,0
2082377879938314511,satuan reserse kriminal satreskrim polres kutai timur kutim kalimantan timur meningkatkan pengawasan terhadap penyaluran bahan bakar minyak bbm bersubsidi di wilayah kecamatan sangatta utara,0,0,0,Wed Jul 29 08:09:09 +0000 2026,163.9244209886111,0.0,0.0,0.0,0.0,mediaindonesia,2026-08-05T04:04:36.915559+00:00,0
2084260434014781602,the real pengemis bansos,1,0,0,Mon Aug 03 12:49:45 +0000 2026,39.23474271444445,0.6931471805599453,0.0636974321911235,0.0248541417823207,0.0001554777373391,s8656533,2026-08-05T04:03:50.073772+00:00,0
2036732922691256711,ojol minta subsidi bbm dialihkan ke motor listrik,0,0,1,Wed Mar 25 09:12:24 +0000 2026,3187.1607296647226,0.9162907318741552,0.0842034251856289,0.0003136604722263,1.96213657029859e-06,detikoto,2026-08-05T04:22:02.626793+00:00,0
2080088000772616702,dukungan ke ev mobil amp motor itu punya 3 tujuan sekaligus mengurangi ketergantungan bahan bakar impor yg sangat volatil nggak hanya keamanan suplai tapi budget juga karena harga bbm disubsidi atau nggak sesuai harga pasar mendorong penumbuhan industri rantai pasok,13,0,1,Thu Jul 23 00:30:00 +0000 2026,315.5787410763889,2.740840023925201,0.2518721513512589,0.044222805209216,0.0002766404791981,mcitraningrum,2026-08-05T04:04:43.467875+00:00,0
2046472923146518676,orang kementrian masa ga ada yang bisa mikir bahwa mobil listrik mengurangi beban subsidi misal ada yg beli lcgc jalan 10 ribu km thn amp konsumsi bbm 15 km l maka subsidi rp 4 jt thn setahun terjual 122 ribu unit maka subsidi rp 500 m kalau mrk beli atto ga perlu subsidi sgitu,253,28,25,Tue Apr 21 06:15:41 +0000 2026,2542.1038196647223,5.850764665004847,0.5376616914380388,0.1203254061567735,0.0007527084241137,CFALEVEL99,2026-08-05T04:21:54.750793+00:00,0
2076867038988185703,presiden prabowo perintahkan harga khusus bbm untuk nelayan kapal 30 200 gt dukung daya saing perikanan tanpa bebani apbn presiden prabowo subianto menginstruksikan pemberian harga khusus bahan bakar minyak bbm bagi pengusaha nelayan yang memiliki kapal berukuran 30 hingga,29,7,13,Tue Jul 14 03:11:03 +0000 2026,528.8968095608333,4.151039905898646,0.38146383674969,0.0924708341622402,0.0005784611752571,KemensetnegRI,2026-08-05T04:04:51.514419+00:00,0
2068461964356198467,ada listrik yg msh disubsidi tp anggaran subsidi jd makin bengkak krn hrg b bara patokannya adl us smtr di sisi lain anggaran yg dmiliki pmrnth sdh byk dipamgkasin utk mbg dan kdmp shg jadlah keadaannya spt ini pln pun jg ga pny duit mengingat beban utangnya makin menggunung,4,1,1,Sat Jun 20 22:32:17 +0000 2026,1085.820878045,2.1400661634962708,0.1966634549731571,0.0055206889389104,3.453525904425609e-05,Ari3Ghozi,2026-08-05T04:21:32.160962+00:00,0
2083740375542616453,ya klo iq rata2 rakyat cuma 84 masa gw gak boleh bilang tolol emang rezim ini sengaja bikin orang tolol biar bisa dibeli bansos dan taat buta persis seperti yg lu tunjukin,1,0,1,Sun Aug 02 02:23:14 +0000 2026,73.68197875777778,1.252762968495368,0.1151238675930576,0.0267802223945721,0.0001675265402368,ImminentAdi,2026-08-05T04:04:09.123528+00:00,0
2064699790991229012,ngga pake gas melon ngga beli rumah subsidi ngga pake listrik subsidi ngga nerima bantuan tunai model apapun dr pemerintah pakai pertamax di semua kendaraan yg dipunya pertamax naik jadi 16rb bayar pajak pajak mobil pbb dll dikorup manusia serakah sialan,2391,782,14,Wed Jun 10 13:22:45 +0000 2026,1334.9819420883334,8.28828304520769,0.7616598062571184,2.385511285443168,0.0149228205224753,snazptr,2026-08-05T04:21:39.991518+00:00,0
2084030870508442042,nautika and merel blooming bansos what a patch,0,0,0,Sun Aug 02 21:37:33 +0000 2026,54.44079582194444,0.0,0.0,0.0,0.0,dekbenny,2026-08-05T04:03:59.864959+00:00,0
2069213619452285007,mahasewa perlu belajar bedakan bbm non subsidi pertamax dan amplop bohir ampas menaikkan harga bbm non subsidi bukan karena kondisi ekonomi bermasalah melainkan langkah menjaga stabilitas ekonomi nasional akibat geopolitik timteng purbaya,2,0,1,Tue Jun 23 00:19:05 +0000 2026,1036.0360887411111,1.5040773967762742,0.1382186506391953,0.0028928597881697,1.809659324563773e-05,KerjaHasil_id,2026-08-05T04:21:14.919468+00:00,0
2076884431634387286,pemerintah resmi memastikan program subsidi motor listrik dilanjutkan tahun ini setelah sempat habis kuota di 2024 2025 besaran kemungkinan akan tetap rp7 juta per unit tapi ada wacana penyesuaian tergantung tkdn dan kapasitas baterai syarat penerimaan subsidi nik ktp 1,23,0,7,Tue Jul 14 04:20:09 +0000 2026,528.0209003233333,3.5409593240373143,0.3253998901823237,0.0567085345430856,0.0003547462920184,SmwGwOto,2026-08-05T04:21:24.241164+00:00,0
2082363544763531567,bbm subsidi itu buat rakyat bukan buat dijadikan koleksi limited edition masih nekat ya siap siap ketahuan berkat pengawasan dari bph migas dugaan penyalahgunaan bbm subsidi di dua gudang di madiun berhasil diungkap bersama ditjen gakkum esdm baintelkam polri dan polres,7,3,2,Wed Jul 29 07:12:12 +0000 2026,164.8740500947222,2.833213344056216,0.2603608871642807,0.0723440465410196,0.0004525559065635,Timanganten_L71,2026-08-05T04:04:38.580341+00:00,0
1793885874511564932,sekretaris jenderal kementerian energi dan sumber daya mineral esdm dadan kusdiana mengatakan pemerintah menyiapkan dana 455 juta dolar as atau rp7 33 triliun untuk memberikan subsidi penjualan sepeda motor listrik subsidi tersebut mencakup penjualan 800 ribu sepeda motor,0,0,0,Fri May 24 06:04:55 +0000 2024,19262.726597692497,0.0,0.0,0.0,0.0,inilahdotcom,2026-08-04T20:48:30.751693+00:00,0
2084215864782401617,sos bansos,1,0,0,Mon Aug 03 09:52:39 +0000 2026,42.18679436916666,0.6931471805599453,0.0636974321911235,0.023155226374337,0.0001448499906288,Vyrn_King,2026-08-05T04:03:51.459729+00:00,0
2080584367261573614,diduga isi pertalite video alphard ramai disorot warganet sebuah video yang direkam pada senin 20 7 2026 memperlihatkan mobil mewah jenis toyota alphard diduga mengisi bbm subsidi jenis pertalite di sebuah spbu yang disebut berada di wilayah bekasi rekaman tersebut viral di,4,0,0,Fri Jul 24 09:22:23 +0000 2026,282.7052056133333,1.6094379124341005,0.1479008573767524,0.0140991420702081,8.81986884398711e-05,pikiran_rakyat,2026-08-05T04:04:41.740208+00:00,0
2046068272383283594,agak ironis kondisi keuangan apbn yg sekarat malah sempat2nya kasi insentif pajak utk orang yang mampu beli mobil bukan kebutuhan pokok ini yg di sorot bank dunia subsidi yg salah sasaran subsidi mobil listrik subsidi solar yg pakai pemilik innova fortuner pajero,17,0,3,Mon Apr 20 03:27:44 +0000 2026,2568.902986331389,3.1135153092103742,0.2861195080159477,0.0077823949411221,4.868360240006606e-05,robindoang,2026-08-05T04:21:54.750793+00:00,0
2035962877757321620,wakil ketua mpr eddy soeparno menyampaikan transisi dari kompor yang memasak menggunakan lpg menjadi kompor listrik membutuhkan biaya yang lebih murah apabila dibandingkan dengan biaya yang digelontorkan untuk subsidi impor lpg baca selengkapnya,11,3,27,Mon Mar 23 06:12:31 +0000 2026,3238.1593563705555,4.069026754237811,0.3739271586628279,0.0126576051034241,7.918100004615011e-05,antaranews,2026-08-05T04:22:04.682934+00:00,0
2083370581387559331,pt pertamina patra niaga kembali melakukan penyesuaian harga berkala bahan bakar minyak bbm non subsidi yang berlaku mulai 1 agustus 2026 thephraseid hargabbm pertamina pertaminapatraniaga,0,0,0,Sat Aug 01 01:53:48 +0000 2026,98.17884487972223,0.0,0.0,0.0,0.0,ThePhrase_ID,2026-08-05T04:04:31.841567+00:00,0
1428051646458712064,kalau begitu keduanya harus ada perencanaan tata kelola limbahnya tapi saya tanya sih karena ga tau jga regulasinya ntar udh psang tba2 kna pajak baterai nmnya pemerintah sepeda rame aja ad wcna dpajekin kalau lbh rmah sy ykin lbh rmah panel surya,2,0,0,Wed Aug 18 17:50:19 +0000 2021,43490.97441504333,1.0986122886681098,0.1009580414151594,4.598549564372559e-05,2.8766717739543464e-07,arif_firsyah,2026-08-04T20:48:46.894156+00:00,0
2083489269277155488,berasa antri bansos bang,0,0,1,Sat Aug 01 09:45:25 +0000 2026,90.31360872388888,0.9162907318741552,0.0842034251856289,0.0109512701773047,6.850683974806524e-05,sebutir_baja,2026-08-05T04:04:13.991406+00:00,0
2083380467450118544,selamat bang ditunggu bansos dan kausnya,1,0,0,Sat Aug 01 02:33:05 +0000 2026,97.52132702027778,0.6931471805599453,0.0636974321911235,0.010150086587792,6.349495026977713e-05,pratikno_priyo,2026-08-05T04:04:21.777273+00:00,0
2079425460094869651,pemerintah akan membahas formulasi harga bersama badan usaha migas agar kebijakan yang diambil tetap adil bagi konsumen dan pelaku usaha sementara itu pemerintah memastikan harga bbm subsidi tidak akan naik hingga akhir 2026,0,0,1,Tue Jul 21 04:37:18 +0000 2026,359.45752998916663,0.9162907318741552,0.0842034251856289,0.0027742519348397,1.7354629156597162e-05,KontanNews,2026-08-05T04:04:45.107961+00:00,0
2084618112071041449,kementrian bansos,0,0,0,Tue Aug 04 12:31:02 +0000 2026,15.543553591666669,0.0,0.0,0.0,0.0,Bananaunyupoy,2026-08-05T04:03:38.792930+00:00,0
2040582578059522190,hambatan bukan dari teknologi melainkan ketidakpastian kebijakan perubahan arah subsidi menimbulkan keraguan di masyarakat dan pelaku industri ekonomi adadikompas,0,0,0,Sun Apr 05 00:09:33 +0000 2026,2932.2072311061115,0.0,0.0,0.0,0.0,hariankompas,2026-08-05T04:21:59.031982+00:00,0
2039211597848363037,kenapa bandinginnya ke venezuela ya subsidi bbm venezuela hanya bbm saja itu setara 12 gdp nya sementara subsidi energi kita bbm listrik dll itu hanya lt 1 gdp dari sisi apbn sudah banyak kebijakan dilakukan 10 tahun terakhir buat kurangin porsi subsidi energi,66,18,1,Wed Apr 01 05:21:46 +0000 2026,3023.004109421111,4.6491870714048655,0.4272415534972353,0.0281084274109242,0.0001758352685153,FansRossoneri,2026-08-05T04:22:00.793916+00:00,0
2084455122286129563,andelan pendapatan pt pos ya dari biaya penyalurab bansos pemerintah kalo itu drop atau masih belum dibayar cash flownya yaa negatif belum kedepan isu penyaluran bansos mau lewat kdmp ini pt pos bisa makin berdarah2,0,0,0,Tue Aug 04 01:43:23 +0000 2026,26.340032171666667,0.0,0.0,0.0,0.0,Reza_M67M,2026-08-05T04:03:47.115818+00:00,0
2084511330757943370,wkwk anggaran sebanyak ini kalo dibagiin jadi bansos udah kebagian seindonesia dan masih banyak sisa buat dipake perbaikin fasilitas umum kayak sekolah puskes dan rs jalan jalan antar kabupaten jembatan rusak dll dan buka lapangan pekerjaan tapi pemerintah malah milih buang,0,0,0,Tue Aug 04 05:26:44 +0000 2026,22.616574932222225,0.0,0.0,0.0,0.0,bttrflynyx,2026-08-05T04:03:43.669756+00:00,0
2084704790781796675,logikanya emang makin deket makin murah tapi tiket pesawat tuh ga cuma ngitung jarak tiket dalam negeri itu mahal gara ketempelan pajak ppn 11 pajak bandara plus harga avtur kita yang emang lumayan pricey nah kalau ke thailand or vietnam maskapai luar tuh perang harga,0,1,0,Tue Aug 04 18:15:28 +0000 2026,10.112555919444445,1.0986122886681098,0.1009580414151594,0.0899882985740686,0.0005629314088506,isthatasfi,2026-08-05T04:22:13.201310+00:00,0
2083713181265138166,di dalam ada bansos gak bang,0,0,0,Sun Aug 02 00:35:10 +0000 2026,75.48349738777779,0.0,0.0,0.0,0.0,Oxvin6,2026-08-05T04:04:10.590596+00:00,0
2083604096888832172,bansos yang paling ditunggu anak ai memang bukan uang tapi akses model premium gratis,1,0,0,Sat Aug 01 17:21:42 +0000 2026,82.70794183222223,0.6931471805599453,0.0636974321911235,0.0119462977838389,7.473134116955409e-05,RavenweX,2026-08-05T04:04:10.590596+00:00,0
2068623867766251773,gak habis pikir ama argumen selama masih pakai subsidi ya gak usah protes padahal subsidi itu kan hak rakyat yang diatur undang undang dan dibiayai pakai uang pajak kita juga bukan hadiah cuma cuma yang bikin kita gak boleh komplain pas listrik padam lagian juga menyediakan,46,3,1,Sun Jun 21 09:15:37 +0000 2026,1075.0982234230555,3.9982007016692,0.36741852989338,0.0464641599731951,0.0002906615132104,Oopsieeh,2026-08-05T04:21:30.604323+00:00,0
2084534280408174976,iya skenarionya begitu sih yg dpt mbg kdmp bansos harus pilih si ono,0,0,0,Tue Aug 04 06:57:55 +0000 2026,21.09685271,0.0,0.0,0.0,0.0,CozyGreenVibes,2026-08-05T04:03:43.669756+00:00,0
2083571631285563774,finally akhirnya tembus divisi 1 modal squad bansos sama topip gacha hoki wkkw setelah nyoba beberapa formasi kayanya formasi ini plg kuat kunci bisa nembus divisi 1 adalah jaringan yg stabil wkwk,0,0,0,Sat Aug 01 15:12:42 +0000 2026,84.85836981277777,0.0,0.0,0.0,0.0,Omanomen_,2026-08-05T04:04:12.131326+00:00,0
1277591292357210115,naik kendaraan bermotor dihajar pajak knalpot beli bbm harga tidak turun2 diam di rumah tarif listrik makin tidak jelas mau kerja phk dimana2 takut sakit eh iuran bpjs naik mau sehat dan beralih ke sepeda dihajar pajak pula ini premanintah apa pemerintah seh,18,8,2,Mon Jun 29 13:14:35 +0000 2020,53455.57475893861,3.6375861597263857,0.3342795069315044,0.0005237896390905,3.276622006937158e-06,hipohan,2026-08-04T20:49:04.132179+00:00,1
1277781704921411585,pemerintah melalui direktorat jenderal perhubungan darat kementerianperhubungan membuka wacana pengenaan pajak sepeda dirjen perhubungan darat kementerian perhubungan budi setiyadi mengungkapkan hal itu dalam diskusi virtual akhir pekan lalu di jakarta jumat 26 6 2020,6,1,11,Tue Jun 30 01:51:13 +0000 2020,53442.96420338305,3.2386784521643803,0.2976214963883166,0.0003368013632278,2.1068968844725413e-06,gresikNEWS,2026-08-04T20:49:04.132179+00:00,0
2056964425551331582,subsidi motor listrik rp5 juta mulai juni 2026 menjadi langkah penting pemerintah untuk mengurangi ketergantungan indonesia terhadap impor bbm yang terus meningkat menurut saya kebijakan ini bukan hanya soal harga motor yang lebih murah tetapi juga upaya mendorong masyarakat,3,0,2,Wed May 20 05:05:10 +0000 2026,1847.2764634419443,1.9459101490553128,0.1788212997841811,0.0027052230003993,1.6922811287699657e-05,erwinaksa_id,2026-08-05T04:21:45.268391+00:00,0
2048366984262451221,susah banget jadi wni kaum middle bbm naik ganti ke ev biar hemat eeh subsidi pajak ev di hapus bentar lagi wacana tarif listrik naik bahkan mau lewat toll pun mau di pajakin wooi gak dikasi napas ni kita diperes terus sampe miskin ada gak sih wna yg capek jadi wn di,1019,224,42,Sun Apr 26 11:42:00 +0000 2026,2416.6647603472225,7.333676395657684,0.6739353026678717,0.5315046242455259,0.0033248839202235,KapudS640,2026-08-05T04:21:53.137250+00:00,1
2084801364685943052,rakyat jelata dilarang berisik sana tunggu bansos saja,0,0,0,Wed Aug 05 00:39:13 +0000 2026,3.4059999605555555,0.0,0.0,0.0,0.0,made_sutami,2026-08-05T04:03:34.599858+00:00,0
2081679508323831924,perang di timur tengah efeknya terasa sampai ke tangki bensin kita guncangan energi global di tahun 2026 memaksa penyesuaian harga bbm di dalam negeri lonjakan beban subsidi energi yang diperkirakan mencapai rp90 100 triliun membuat apbn kita ikut tertekan,5,0,1,Mon Jul 27 09:54:05 +0000 2026,210.1764382436112,2.0149030205422647,0.1851614666007883,0.0284122606191437,0.0001777359295864,hmpeupi,2026-08-05T04:04:40.177677+00:00,0
2051677547130482781,menteri esdm bahlil lahadalia pastikan harga bbm subsidi lpg dan tarif listrik tidak akan naik,1,1,0,Tue May 05 14:57:00 +0000 2026,2197.4138955422222,1.3862943611198906,0.1273948643822471,0.0009097467970228,5.691018213039533e-06,tribunnews,2026-08-05T04:21:50.023952+00:00,0
2083556724804636891,tweet salah bukan tolol tapi miskin bisa dibeli bansos buat milih prabodoh,0,0,0,Sat Aug 01 14:13:28 +0000 2026,85.845592035,0.0,0.0,0.0,0.0,robby_rodiyya,2026-08-05T04:04:12.131326+00:00,0
2083497633604354112,para pengemis bansos punya akun twitter juga ternyata,0,0,0,Sat Aug 01 10:18:40 +0000 2026,89.75944205722222,0.0,0.0,0.0,0.0,s8656533,2026-08-05T04:04:13.991406+00:00,0
2084742248412094592,kalau orang indonesia makin pintar siapa yang mau terima bansos dan dilemparin kaos,0,0,0,Tue Aug 04 20:44:19 +0000 2026,7.321447983888889,0.0,0.0,0.0,0.0,Kasayanto_,2026-08-05T04:03:36.212742+00:00,0
2084506844832174110,ekonomi rakyat kecil paling kena rupiah tembus rp18 095 dolar pertamax naik jadi rp16 250 liter bansos bocor 45 rp14 17 t anggaran pendidikan dipangkas kemendikti rp22 54 t boptn 50 37 673 orang keracunan dari program yang katanya gratis dan bergizi,0,0,1,Tue Aug 04 05:08:54 +0000 2026,22.913797154444445,0.9162907318741552,0.0842034251856289,0.0418168638607084,0.000261589856235,nasg0rsosis,2026-08-05T04:03:43.669756+00:00,1
2084652301571215761,orang tetap akan berbondong2 ke tmpt itu ketika bansos diterjunkan,0,0,0,Tue Aug 04 14:46:54 +0000 2026,13.278782296666666,0.0,0.0,0.0,0.0,Arfannn1,2026-08-05T04:03:37.616268+00:00,0
2083066703534317673,kl beli token 100rb listrik 900 subsidi itu dpt nya brp kwh,0,0,1,Fri Jul 31 05:46:18 +0000 2026,118.58372412333333,0.9162907318741552,0.0842034251856289,0.0083623420104281,5.231152320706482e-05,Fadjar3yatno,2026-08-05T04:21:19.406844+00:00,0
2064424735036039326,tinggal nunggu solbus dan pertalite naik karna kesenjangan harga antara pertalite pertamax pertabo itu jauh karna kesenjangan harga antara solbus ke dexlite pertadex itu jauh apbn ga akan sanggup nahan subsidi pertalite dan solar terus menerus tidak kurang dan tidak,109,20,17,Tue Jun 09 19:09:46 +0000 2026,1353.1983309772222,5.167639042905921,0.4748852000779874,0.1078128636406181,0.000674434878569,gmaazs,2026-08-05T04:21:39.991518+00:00,0
2047302915686322368,emang mereka negara lain perduli kalau kehabisan anggaran buat subsidi bbm elu kehabisan anggaran buat subsidi gas lu subsisi listrik lu emang mereka perduli bakal ngasi uang gitu lu mati juga ga perduli mereka dunia lagi bukan kondisi normal jangan bersikap kaya dunia baik aj,1,0,1,Thu Apr 23 13:13:46 +0000 2026,2487.135315902778,1.252762968495368,0.1151238675930576,0.0008038148034864,5.0283493182084e-06,dpr_wakanda,2026-08-05T04:21:53.137250+00:00,0
2083931544138510474,no comment perkara bansos karena ane liat juga ya adem adem saja mungkin kalau mengeluh yaa karena hasil gachanya belum memuaskan jadi ini sudah hal biasa,2,0,0,Sun Aug 02 15:02:52 +0000 2026,61.019493923888895,1.0986122886681098,0.1009580414151594,0.0322479251838853,0.0002017303387654,RutszarShka,2026-08-05T04:04:02.178126+00:00,0
2078062812446990470,kelangkaan bbm subsidi pertalite di sejumlah spbu sumatra utara membuat warga harus berkeliling hingga satu jam untuk mendapatkan bahan bakar sekaligus memicu antrean panjang dan kemacetan simak selengkapnya,7,0,0,Fri Jul 17 10:22:37 +0000 2026,449.7031350930556,2.079441541679836,0.1910922965733706,0.0155312875703754,9.715762751154116e-05,BloombergTZ,2026-08-05T04:04:48.286335+00:00,0
2040475914858029150,lo tahu gak pajak yg gua bayar pph 22 ppn 11 pajak bunga bank 25 dari bunga pbb pajak kendaraan pajak bbm 5 pajak penerangan jalan padahal listrik bbm lpg yg gua pakai bukan yg subsidi trus duit siapa yg dibakar ya duit gua paham lo,4,0,1,Sat Apr 04 17:05:42 +0000 2026,2939.271397772778,1.871802176901592,0.172011075832509,0.0017005232931175,1.063780500739411e-05,SteveRo19538478,2026-08-05T04:21:59.031982+00:00,0
2050944970778099846,listrik rumah warga indonesia subsidi itu 450 watt dikasih kompor listrik ya ga sanggup yang watt nya 600 1000,4,0,1,Sun May 03 14:26:00 +0000 2026,2245.931030766389,1.871802176901592,0.172011075832509,0.0022252574429463,1.3920335502089956e-05,maulana_drip_id,2026-08-05T04:21:51.710759+00:00,0
2084212608266334302,di sisi lain pemerintah memastikan harga bbm bersubsidi seperti pertalite dan solar subsidi tetap dipertahankan demi menjaga daya beli masyarakat,0,0,1,Mon Aug 03 09:39:43 +0000 2026,42.412125824444445,0.9162907318741552,0.0842034251856289,0.0230350387365025,0.0001440981440292,InvestorID,2026-08-05T04:04:26.652968+00:00,0
2083866680120475749,hoaks komdigi bakal terapkan aturan balik nama hp bekas,0,0,0,Sun Aug 02 10:45:07 +0000 2026,58.01753744972222,0.0,0.0,0.0,0.0,Sukoharjo_News,2026-08-04T20:46:10.134819+00:00,1
2084603214931079343,mendagri muhammad tito karnavian memastikan data kependudukan dan catatan sipil dukcapil yang akurat menjadi fondasi utama dalam mewujudkan penyaluran bantuan sosial bansos tepat sasaran di kabupaten biak numfor papua,0,0,1,Tue Aug 04 11:31:51 +0000 2026,16.530361457222224,0.9162907318741552,0.0842034251856289,0.0570438893938502,0.0003568441400897,antaranews,2026-08-05T04:03:40.301246+00:00,0
2080080332729327997,penyesuaian harga bbm nonsubsidi pada april 2026 lalu memicu efek berantai di sektor energi mulai dari lonjakan konsumsi bahan bakar subsidi seperti pertalite hingga meningkatnya risiko pembengkakan subsidi pemerintah selengkapnya di infografis ya,2,0,0,Wed Jul 22 23:59:32 +0000 2026,316.0865188541667,1.0986122886681098,0.1009580414151594,0.0063074267781148,3.945678158926741e-05,Bisniscom,2026-08-05T04:04:43.467875+00:00,0
2064507987209977933,kalau menelusuri postingan prabowo sinyalnya sebenarnya sudah jelas subsidi energi mulai dari bbm listrik pln sampai lpg memang mau dicabut atau dialihkan jadi kenaikan hari ini bukan kejutan tapi tanda awal bahwa subsidi energi mulai dilepas pelan pelan makanya lain,797,306,33,Wed Jun 10 00:40:35 +0000 2026,1347.6847198661112,7.2858491902941696,0.669540175260627,0.8423021209232465,0.0052691108413276,Dospemz,2026-08-05T04:21:39.991518+00:00,0
2084465409282208062,sukses tekan bansos salah sasaran uji coba perlinsos digital di surabaya hampir 100 persen,0,0,0,Tue Aug 04 02:24:15 +0000 2026,25.65851239138889,0.0,0.0,0.0,0.0,siagadotid,2026-08-05T04:03:45.644609+00:00,0
2077283380107075738,alhamdulillah ya kegiatan ekonomi terlihat ramai padahal harga bbm non subsidi naik pasti sebuah pertanda positip heyyy antek2 asenk lihat lah rakyat kami gak pake dollar sabar mbg otw lanjut dan kejaksaan hentikan pemeriksaan sppg hidup jokoweee,2,0,0,Wed Jul 15 06:45:26 +0000 2026,501.3237537175,1.0986122886681098,0.1009580414151594,0.0039814959678868,2.4906673090291702e-05,wishtobetall,2026-08-05T04:04:51.513383+00:00,0
2038972610747457929,kompor listrik pgn dikemanain lah skrg terucap spt itu imbas rupiah melemah bbm susah n subsidi mningkat atau krn kan ada proyek yg bisa dikuasai,3,1,0,Tue Mar 31 13:32:07 +0000 2026,3038.831609421112,1.791759469228055,0.164655473606283,0.0013158623614555,8.231517483109889e-06,Duren___,2026-08-05T04:22:00.793916+00:00,0
2054547876139905422,pemerintah soal mobil listrik insentif dicabut eh subsidi ditambah eh direview lagi kebijakan pemerintah serasa update aplikasi versi beta update berikutnya bisa mendadak tapi cuma update privacy policy,37,13,17,Wed May 13 13:02:39 +0000 2026,2007.318888445,4.4942386252808095,0.4130024158120269,0.0333612358004941,0.0002086947721843,bangherwin,2026-08-05T04:21:46.998402+00:00,0
2039150394845392992,panggung sirkus birokrasi kita hari ini sedang sibuk memamerkan mainan baru bertajuk revolusi hijau melalui kendaraan listrik electric vehicle ev sangat luar biasa melihat bagaimana energi negara habis terkuras untuk membentangkan karpet merah bagi produsen ev global,12,4,2,Wed Apr 01 01:18:34 +0000 2026,3027.0574427544443,3.1780538303479458,0.2920503379885301,0.0059444050650592,3.718586050717169e-05,ethadisaputra,2026-08-05T04:22:00.793916+00:00,0
2084438218423083129,holodori belum ada update main story lagi kah minimal bansos gitu,6,0,1,Tue Aug 04 00:36:12 +0000 2026,27.45975439388889,2.1400661634962708,0.1966634549731571,0.2459613636547439,0.001538637569095,Renjiro_Junichi,2026-08-05T04:03:47.115818+00:00,0
2084806833550827697,yuk open buat joki tugas ujian pajak akuntansi ppn pemeriksaan pajak pajak inter pph 21 spt badan etika bisnis brevet ab akuntansi pajak manajemen tugas ut auditing pph langsung ke link bio zonajajan zonauang jokitugas jokitugaskuliah jokitugasmurah,0,0,0,Wed Aug 05 01:00:57 +0000 2026,3.354057659166666,0.0,0.0,0.0,0.0,yourgirllust,2026-08-05T04:22:11.607573+00:00,0
2084227256378134698,ada bansos ga nanti disana,0,0,0,Mon Aug 03 10:37:55 +0000 2026,41.43196493666667,0.0,0.0,0.0,0.0,kenytimes,2026-08-05T04:03:50.073772+00:00,0
2083925199666466875,mending subsidi bbm drpd mbg,0,0,0,Sun Aug 02 14:37:39 +0000 2026,61.44702001611111,0.0,0.0,0.0,0.0,aswinbudi,2026-08-05T04:04:28.272058+00:00,0
2083779392996798911,boleh juga scholes tapi de paul gua jadi inti daripada gerrard bansos min,0,0,0,Sun Aug 02 04:58:16 +0000 2026,71.09772032555556,0.0,0.0,0.0,0.0,muhalyafikri,2026-08-05T04:04:07.793172+00:00,0
2084597862516822433,1 oli jaman skrg sudah bagus additif nya gk perlu tambah additif lagi 2 bbm subsidi kayaknya gk ada tambahan additif jadi sebaiknya pakai walaupun msh inreyen,19,3,0,Tue Aug 04 11:10:35 +0000 2026,16.89721042777778,3.258096538021482,0.2994059402147561,1.2292418468665034,0.0076896536065211,innovacommunity,2026-08-05T04:04:24.957540+00:00,0
2068545915582128484,listrik menyala 24 jam itu sudah kewajiban sedangkan listrik mati itu ada yg namanya tanggungjawab kewajibannya aja ga dipenuhi dan tanggungjawabnya ga ada apa yg mau diapresiasi subsidi itu sumber dananya dari apbn hampir seluruh sumber apbn bersumber dari pajak pajak,16,5,0,Sun Jun 21 04:05:52 +0000 2026,1080.2611558227777,3.295836866004329,0.3028741242454783,0.0194217649333941,0.0001214949240019,sufisijawara,2026-08-05T04:21:32.160962+00:00,0
2084150016445415860,pemerintah siap gelontorkan bansos beras senilai rp 17 52 t,0,0,0,Mon Aug 03 05:31:00 +0000 2026,46.54845557666667,0.0,0.0,0.0,0.0,cnbcindonesia,2026-08-05T04:03:54.440076+00:00,0
2083835449186083281,mungkin dapat bansos,0,0,1,Sun Aug 02 08:41:01 +0000 2026,67.38449852194445,0.9162907318741552,0.0842034251856289,0.0146231970931117,9.1476970583583e-05,Dreeblissa1005,2026-08-05T04:04:05.194679+00:00,0
2064738285344407894,sejak tahun lalu kelas menengah udah dikasih banyak insentif kendaraan listrik menengah atas mobil listrik menengah bawah motor listrik salah sendiri kalo ga manfaatin dan jangan ngiri ama ojol kalo nanti merekalah yg didorong dapet subsidi motor listrik,2,0,0,Wed Jun 10 15:55:42 +0000 2026,1332.4323271258334,1.0986122886681098,0.1009580414151594,0.0014998886402513,9.38271351670126e-06,Marko_Omang,2026-08-05T04:21:38.377653+00:00,0
2039923551051076086,pov tinggal di negara kepulauan isinya ratusan juta orang dan semuanya harus tetap disejahtrakan indonesia itu ga sesederhana yang sering dibanding bandingin ngurus satu kota aja ribet apalagi negara yang isinya ribuan pulau tapi listrik tetap nyala di hampir semua,2,0,1,Fri Apr 03 04:30:49 +0000 2026,2975.852786661667,1.5040773967762742,0.1382186506391953,0.0010077757332986,6.304248689449183e-06,AnalisaCrypto,2026-08-05T04:21:59.031982+00:00,0
2084816427115299238,cocok jadi pejabat nihhh maaf ya rakyat aku korupsi dulu sebagai gantinya nanti saya kasih bansos ya,1,0,0,Wed Aug 05 01:39:04 +0000 2026,2.4084999605555555,0.6931471805599453,0.0636974321911235,0.2933841899874949,0.0018352961220646,Ambakarok007,2026-08-05T04:03:34.599858+00:00,0
2084507022821892304,dr apbn dalih bansos gt yg baek mberr,0,0,0,Tue Aug 04 05:09:37 +0000 2026,22.90185271,0.0,0.0,0.0,0.0,Optimus_krims,2026-08-05T04:03:43.669756+00:00,1
2083540369980158250,kalo masih ada bansos pake aja dlu mel,0,0,0,Sat Aug 01 13:08:29 +0000 2026,86.92864759055554,0.0,0.0,0.0,0.0,careramyeon,2026-08-05T04:04:12.131326+00:00,0
2082666268117868989,personil polsubsektor teluk panji polsek kampung rakyat melaksanakan monitoring patroli mobile spbu dalam rangka menjamin kelancaran distribusi bbm subsidi dan antisipasi penyalahgunaan bbm subsidi dan praktik penimbunan poldasumut divisihumaspolri,0,0,0,Thu Jul 30 03:15:07 +0000 2026,144.82497654416667,0.0,0.0,0.0,0.0,PolresS19146,2026-08-05T04:04:36.915559+00:00,0
2071871176469799399,sementara itu pertamina patra niaga menyebut evaluasi harga bbm non subsidi dilakukan secara berkala jika tren harga minyak dunia terus melandai dan indikator pasar tetap kondusif peluang penyesuaian termasuk penurunan harga bbm non subsidi tetap terbuka,0,0,1,Tue Jun 30 08:19:16 +0000 2026,860.0312039047222,0.9162907318741552,0.0842034251856289,0.0011613980950574,7.265249774103662e-06,KontanNews,2026-08-05T04:21:08.334057+00:00,0
2072141986258391267,bukan cuma pertamina spbu swasta juga ikut menurunkan harga bbm non subsidi mulai 1 juli 2026 penyesuaian harga kali ini terutama berlaku untuk bbm jenis diesel,1,0,1,Wed Jul 01 02:15:22 +0000 2026,842.0958344574999,1.252762968495368,0.1151238675930576,0.0023722095617835,1.4839610170035373e-05,KontanNews,2026-08-05T04:21:07.004047+00:00,0
2068565152027553875,listrik subsidi sorry ya udah dr lama ga ada subsidi listrik sejak kebijakan bodoh pemerintah hanya mampu mensubsidi sekian buat yg melarat padahal kaum menengah ke atas yg bayar berbagai pajak,11,0,0,Sun Jun 21 05:22:18 +0000 2026,1078.9868345341667,2.4849066497880004,0.2283529057974065,0.0101853093466131,6.371528999795222e-05,cemeNix7,2026-08-05T04:21:30.604323+00:00,0
2077696266977652843,badan pengatur hilir minyak dan gas bumi bph migas memastikan bahwa pasokan dan penyaluran bahan bakar minyak bbm subsidi maupun kompensasi negara seperti biosolar minyak tanah dan pertalite berada dalam kondisi aman untuk melayani kebutuhan masyarakat kepala bph migas,1,0,0,Thu Jul 16 10:06:06 +0000 2026,473.9788251102778,0.6931471805599453,0.0636974321911235,0.0021053570120053,1.3170285555808933e-05,Metro_TV,2026-08-05T04:04:49.770397+00:00,0
2084625434361446453,wkwk bener sii dapet bansos canna destroyer speed aksel tandemnya bansos huijsen build up bola atas phys contact wkwk,0,0,0,Tue Aug 04 13:00:08 +0000 2026,15.058553591666668,0.0,0.0,0.0,0.0,kholidfatur,2026-08-05T04:03:38.792930+00:00,0
2083765665882833116,bansos yg langsung ke penerima berupa uang blt lebih sedikit biaya operasional transport penyimpanan dibanding yg berupa barang shg lebih banyak yg sampai ke penerima jg lebih rendah potensi mark up dan korupsi bisa digabung dgn program pkh atau pip yg sudah berjalan shg,41,14,14,Sun Aug 02 04:03:43 +0000 2026,72.00688699222222,4.51085950651685,0.4145298078078137,0.945116314949176,0.0059122760084657,bmartawardaya,2026-08-05T04:04:07.793172+00:00,0
2083513680512332254,apa kau pikir semua orang bisa di bodohi seperti akar rumput cukup di kasih bansos lalu minta harus percaya ucapanmu selagi itu masih rumahnya maka dia harus dimintai pertanggung jawaban harus tahu dari mana uang dan emas itu kenapa disimpan disana,39,26,16,Sat Aug 01 11:22:25 +0000 2026,88.69694205722222,4.7535901911063645,0.4368357794051525,0.9030408188088064,0.0056490682503937,AnakLolina2,2026-08-05T04:04:13.991406+00:00,0
2084295711328534732,beckam sama patynama nunggu bansos,0,0,0,Mon Aug 03 15:09:56 +0000 2026,36.897920479722224,0.0,0.0,0.0,0.0,adttopj,2026-08-05T04:03:48.513727+00:00,0
2084550583835345395,kpk panggil dua tersangka korupsi penyaluran bansos beras,0,1,0,Tue Aug 04 08:02:42 +0000 2026,20.016788085277778,1.0986122886681098,0.1009580414151594,0.0475810098071311,0.0002976480865811,Kilas_berita_,2026-08-05T04:03:42.437107+00:00,0
2068918852314910827,betul rakyat kecil mumet bayar tagihan pln sementara pemerintah sering telat bayar subsidi amp kompensasi ke pln amp pertamina ironisnya kantor amp ruang pejabat negara boros listrik amp fasilitas mewah ini masalah kebijakan publik klasik subsidi energi rp200t per,2,1,0,Mon Jun 22 04:47:47 +0000 2026,1055.5616526494443,1.6094379124341005,0.1479008573767524,0.0028393989053806,1.7762162985884548e-05,sinau2024,2026-08-05T04:21:28.949538+00:00,0
2074178060363116832,bukahkan baik kalau 0 tambah subsidi bbm gratisnya bpjs gratiskan semua ptn,5,0,0,Mon Jul 06 17:06:00 +0000 2026,707.2505506766666,1.791759469228055,0.164655473606283,0.0070596485879509,4.416238542764524e-05,oren2000x,2026-08-05T04:21:01.982436+00:00,1
2071108603642057139,poinnya menteri bahlil tetap benar subsidi bbm rakyat kecil jangan bocor ke pemilik mercy yg mampu bayar nonsubsidi itu beda kasus dgn ojol kenaikan pertamax nonsubsidi memang terasa berat buat ojol tapi itu konsekuensi ekonomi bukan salah menteri jahat pemilik mercy,0,0,1,Sun Jun 28 05:49:05 +0000 2026,910.5347930202778,0.9162907318741552,0.0842034251856289,0.0010970508286212,6.8627185792192e-06,kangdede78,2026-08-05T04:21:10.254873+00:00,0
2078507052901838987,beberapa spbu diketahui mulai membatasi pengisian bbm subsidi untuk motor jenis thunder dan kendaraan dengan tangki modifikasi guna mencegah penimbunan maupun penyalahgunaan bbm subsidi lha kaya gini motor ada valve udah mirip pembuangan truk tinja,91,32,35,Sat Jul 18 15:47:52 +0000 2026,420.2818393733333,5.339939041238856,0.4907188754764458,0.3750458368559839,0.0023461392722205,creeping5ilence,2026-08-05T04:04:46.621744+00:00,0
2076264053836853370,badan pengatur hilir minyak dan gas bumi bph migas menemukan indikasi penyimpangan distribusi bahan bakar minyak bbm subsidi di sejumlah spbu stasiun pengisian bahan bakar umum di provinsi jambi,1,0,0,Sun Jul 12 11:15:00 +0000 2026,568.8313607586111,0.6931471805599453,0.0636974321911235,0.0017549051682039,1.0977996632787913e-05,mediaindonesia,2026-08-05T04:04:52.898731+00:00,0
2072485991152234762,bbm non subsidi turun pada juli 2026 simak daftar harga terbaru di seluruh jaringan spbu indonesia,2,0,1,Thu Jul 02 01:02:19 +0000 2026,819.3129103330555,1.5040773967762742,0.1382186506391953,0.0036571410277841,2.2877636134454403e-05,kompascom,2026-08-05T04:21:05.477199+00:00,0
2084031282162655368,betul apalagi menjelang pemilu namanya bansos kl ga salah,0,0,0,Sun Aug 02 21:39:11 +0000 2026,54.41357359972222,0.0,0.0,0.0,0.0,fair_n_just,2026-08-05T04:03:59.864959+00:00,0
2075342606377292047,dalam unggahan yang viral tersebut disebutkan bahwa setelah pemerintah mengenakan pajak pada berbagai sektor kini giliran sepeda yang akan dikenai pajak selengkapnya di cekfakta hoaks literasidigital,22,0,4,Thu Jul 09 22:13:30 +0000 2026,622.5792700116666,3.367295829986474,0.3094409150229054,0.0416947792371506,0.0002608261428386,PatroliFakta,2026-08-04T20:48:15.372042+00:00,1
2083650900007207080,cukup 100 ribu dan bansos dipilih lagi sama kaum 58,0,0,0,Sat Aug 01 20:27:41 +0000 2026,79.60821961,0.0,0.0,0.0,0.0,Eddy4S464S,2026-08-05T04:04:10.590596+00:00,0
2057484770838523981,salah grup ini lah liat aja tuh gk ada kejelasan dr mereka ktnya perwakilan rakyat tp diem2 aja subsidi kendaraan listrik gk ada kbr demi hemat import bbm dia diem mbg kopdes bermasalah diem klo bikin aturan2 aneh2 pd cepet bgt dah jadinya klo perampasan aset ilang,3,0,1,Thu May 21 15:32:50 +0000 2026,1812.815352330833,1.7047480922384253,0.1566594787568544,0.002205296142664,1.379546545711228e-05,Toomboro,2026-08-05T04:21:45.268391+00:00,0
2083787134193066104,seriusan mau lah gue pasang kali aja ada bansos sebesar punya dadan ajahah,0,0,0,Sun Aug 02 05:29:02 +0000 2026,70.58458460833333,0.0,0.0,0.0,0.0,faizcazika,2026-08-05T04:04:06.504590+00:00,0
2033858173950636167,gini yah pak bayar pajaknya dengan kamu makan subsidinya besar mana gt masih makan beras itu pupuknya dll masih subsidi dari negara gt listrik masih golongan tarif subsidi itu juga makan subsidi gt kendaraan masih pertalite itu juga subsidi gt periksa pakai bpjs itu juga,12,1,4,Tue Mar 17 10:49:10 +0000 2026,3377.548961585278,3.044522437723423,0.2797793411993406,0.0050317459339181,3.147662387713499e-05,tekarok007,2026-08-05T04:22:06.261707+00:00,0
2084682358721265681,polsek paloh monitoring distribusi bbm subsidi di spbu tanah hitam pastikan penyaluran berjalan aman dan lancar,0,0,0,Tue Aug 04 16:46:20 +0000 2026,11.300960843055556,0.0,0.0,0.0,0.0,POLSEKPALOH,2026-08-05T04:04:23.459035+00:00,0
2079747896384369117,artinya apa artinya subsidi bbm makin bengkak,1415,226,16,Wed Jul 22 01:58:33 +0000 2026,338.1029077430556,7.545389749611823,0.6933909065939456,4.886422269358831,0.0305675361787786,SarjanaEksu,2026-08-05T04:04:43.467875+00:00,0
2072105076270014848,baca di sini harga bbm di spbu pertamina wilayah jabodetabek pada 1 juli 2026 masih belum berubah dengan tarif bbm subsidi maupun nonsubsidi tetap berlaku sama di dki jakarta bogor depok bekasi dan tangerang iq hargabbm jabodetabek,9,1,1,Tue Jun 30 23:48:42 +0000 2026,844.5402789019444,2.602689685444384,0.2391766920543548,0.0130094334645832,8.138189992045882e-05,kompascom,2026-08-05T04:21:07.004047+00:00,0
2083978941526892807,di tahun 2027 menurut se dirjen pajak ada 8 barang yang akan dikenakan pajak sepeda kayuh sepeda listrik baju perhiasan emas kulkas 2 pintu ac tv led dan jam tangan akan dikenakan pajak presidennegarabangkrut presidennegarabangkrut,1,2,0,Sun Aug 02 18:11:12 +0000 2026,50.53930991111111,1.791759469228055,0.164655473606283,0.0582079970642611,0.0003641263399017,ArtaN7707,2026-08-04T20:43:33.515680+00:00,1
2046419046707708230,saudara kesehatan enggak bayar subsidi listrik subsidi bbm kemudian sekolah sekolah harus kita bikin enggak bayar,2,0,2,Tue Apr 21 02:41:36 +0000 2026,2545.671875220278,1.791759469228055,0.164655473606283,0.0015706774158543,9.82554025987176e-06,keinlap,2026-08-05T04:21:54.750793+00:00,0
2070373402263933066,pertamina pastikan prioritas pengiriman bbm subsidi di jatim siapkan mitigasi urai antrean spbu,0,0,0,Fri Jun 26 05:07:39 +0000 2026,959.2257772858334,0.0,0.0,0.0,0.0,e100ss,2026-08-05T04:21:11.798229+00:00,0
2083915423494340934,3 indonesia hak hukum bansos dan masalah ekonomi informal hak protes dijamin hukum kebebasan menyampaikan pendapat di muka umum dijamin oleh uu no 9 tahun 1998 sistem yang berlaku adalah mekanisme pemberitahuan kepada kepolisian bukan permohonan izin meski dalam,3,0,0,Sun Aug 02 13:58:48 +0000 2026,62.08727170166667,1.3862943611198906,0.1273948643822471,0.0475531738666191,0.0002974739558835,aflahdjamin,2026-08-05T04:04:02.178126+00:00,0
2083485863774924856,mbg ganti bansos uang aja gasih mendingan,0,0,0,Sat Aug 01 09:31:53 +0000 2026,90.53970639944446,0.0,0.0,0.0,0.0,startrood_0x,2026-08-05T04:04:15.943038+00:00,0
2082698390136107427,dari pada kompor subsidi listrik dah jadi 950 subsidi,0,0,0,Thu Jul 30 05:22:45 +0000 2026,142.9767341611111,0.0,0.0,0.0,0.0,lagibucinvoc,2026-08-05T04:21:21.242980+00:00,1
2039593114005086287,guys denger denger menteri keuangan purbaya yudhi sadewa bilang beban subsidi bbm listrik dan lpg bisa nambah gila gilaan sampai rp100 triliun cuma karena pemerintah menahan harga bbm padahal harga minyak dunia lagi panas panasnya akibat konflik di timur tengah bayangin,221,37,118,Thu Apr 02 06:37:46 +0000 2026,2997.7374427544446,6.159095388491933,0.5659960422116985,0.1253861023773494,0.0007843661495997,LambeSahamjja,2026-08-05T04:22:00.793916+00:00,0
2068293756541878774,yah bener banget tuh pln duitnya kemana wkwk lo pikir dengan pendapatan 582t bisa nutupin kenaikan harga batu bara global yg udh naik 2x lipat tarif listrik ditahan dari 2022 sampe 2026 sementara harga komoditas pembangkit naik terus itu artinya negara harus subsidi lewat,3,0,0,Sat Jun 20 11:23:53 +0000 2026,1096.9612915327778,1.3862943611198906,0.1273948643822471,0.0027323367619016,1.7092424317432974e-05,ramzanrachmat,2026-08-05T04:21:33.649518+00:00,1
2045494854650900630,subsidi kendaraan listrik subsidi merch anime,2,0,0,Sat Apr 18 13:29:11 +0000 2026,2606.879178601111,1.0986122886681098,0.1009580414151594,0.000766906694302,4.797466700907938e-06,KlobberGoober,2026-08-05T04:21:56.042964+00:00,0
2084086382142931344,daftar harga bbm pertamina senin 3 agustus 2026 pertamax turun bensin subsidi stabil,11,0,0,Mon Aug 03 01:18:08 +0000 2026,50.77229779388889,2.4849066497880004,0.2283529057974065,0.2124688389105731,0.0013291215049071,KompasTV,2026-08-05T04:04:28.272058+00:00,0
2077415604215222735,memang triknya begitu mereka tau nyawa mereka ada di harga bbm subsidi makanya sampe kapanpun mereka ga bakal berani naikin harga bbm subsidi tapi bbm subsidinya yang pelan pelan dihilangkan,2,0,0,Wed Jul 15 15:30:51 +0000 2026,492.5663251102778,1.0986122886681098,0.1009580414151594,0.0040521403066814,2.534859629358747e-05,jmthm,2026-08-05T04:04:49.770397+00:00,0
2051371678761181226,klo gitu semua seharusnya semua full subsidi termasuk truk2 tambang dll kan ada pekerjanya kamu ini kocak sekali rumahnya yg punya kapal tuh gedongan semua apa pabrik juga harus subsidi listrik kan banyak pekerja yg nanggung,3,0,2,Mon May 04 18:41:35 +0000 2026,2217.6713085441665,1.9459101490553128,0.1788212997841811,0.0022536010542638,1.4097641988640833e-05,PawonReport,2026-08-05T04:21:51.710759+00:00,0
2038200870723023235,selamat datang di dunia orang dewasa jadi kita itu basically beli listrik ke pemerintah satu kwhnya tergantung dari daya masing2 karena ada subsidi ada non subsidi aku contohin yang 1300 ya 1300 ini masuknya non subsidi untuk daya 1300 per kwhnya di 1 444 70 rupiah jadi,1186,41,9,Sun Mar 29 10:25:30 +0000 2026,3089.9423963313893,7.1565665770449245,0.657659624171488,0.3998780441418115,0.0025014797959751,AppayipIcences,2026-08-05T04:22:02.626793+00:00,0
2082435029578526998,ntar 10 menit lagi akun akun di platform posting si keluarga pelaku pengeroyokan live in poor cesspit lah video ini itu lalu korban tewas kepala mafia cosa nostra ketua jaringan yakuza bandar bbm subsidi lah master maling ayam sabung judi lah gubernur arak,0,0,0,Wed Jul 29 11:56:15 +0000 2026,160.1394209886111,0.0,0.0,0.0,0.0,twilightslig,2026-08-05T04:04:36.915559+00:00,0
2042481220920230116,oke kita ulik satu satu yaa jalanan masih banyak yg bikin rusak kendaraan sekolah negeri kualitasnya kalah sama sekolah kristen yg mahal bbm subsidi kualitasnya buruk listrik naik blt ga pernah dapat walau udh pengajuan faskes bpjs pun berbayar agar di prioritaskan,2,0,2,Fri Apr 10 05:54:05 +0000 2026,2806.4646088338886,1.791759469228055,0.164655473606283,0.0014247730808123,8.912820115318672e-06,vinc_dev5,2026-08-05T04:21:57.591802+00:00,0
2084127236689695198,6 bansos cair bulan agustus 2026 salur di rekening kks hingga kantor desa,0,0,0,Mon Aug 03 04:00:29 +0000 2026,48.05706668777778,0.0,0.0,0.0,0.0,metrojambi,2026-08-05T04:03:54.440076+00:00,1
2048554649070997949,ini nadea temanku dia sedang bangun start up yg bikin kapal listrik juga di bali bagi nelayan beli bbm itu bisa sampai 70 dari biaya operasional solar subsidi kadang susah didapat marine pollution and emission lumayan tinggi kapalnya ini pake battery pack yg,22,7,0,Mon Apr 27 00:07:43 +0000 2026,2404.2361492361115,3.610917912644224,0.3318288025099704,0.0120570281671553,7.542402690392801e-05,mcitraningrum,2026-08-05T04:21:53.137250+00:00,0
911487213149446144,udh mulai panik pemerintah dgn cara malakin rakyatnya tol naik gak kira2 tdl naik hp sepeda perabotan rmh tangga dikenai pajak,1,0,0,Sat Sep 23 07:07:40 +0000 2017,77701.69203567832,0.6931471805599453,0.0636974321911235,1.286956698412502e-05,8.050695021985383e-08,djimmortha,2026-08-04T20:49:11.328442+00:00,1
2083101017072365987,kalau memang alasannya gitu kasih aja spbu swasta pungutan pajak bea cukai tambahan pungutan tersebut khusus untuk subsidi silang biaya logistik bbm di daerah 3t asal mereka bisa berbisnis,0,0,0,Fri Jul 31 08:02:39 +0000 2026,116.0323847963889,0.0,0.0,0.0,0.0,DjawatanKopi,2026-08-05T04:04:35.585267+00:00,0
2083563513339846689,barokalloh udah turun harga bbm non subsidi pemerintah joss,4,1,3,Sat Aug 01 14:40:26 +0000 2026,85.40107135416666,2.4423470353692043,0.2244418487671642,0.0925914444649325,0.0005792156658819,relawanluhur,2026-08-05T04:04:29.856875+00:00,0
2052386055446577236,daftar lengkap harga motor listrik 2026 sebelum subsidi ev berlaku,0,0,0,Thu May 07 13:52:21 +0000 2026,2150.4909197177776,0.0,0.0,0.0,0.0,rmol_id,2026-08-05T04:21:48.310984+00:00,1
2040233787095994421,elektrifikasi kendaraan dan kompor listrik dinilai kunci tekan subsidi energi dan kurangi ketergantungan impor,1,0,1,Sat Apr 04 01:03:35 +0000 2026,2955.306675550556,1.252762968495368,0.1151238675930576,0.0006765197997016,4.232041832060607e-06,kompascom,2026-08-05T04:21:59.031982+00:00,0
2041380071508705488,wah proyek mantap nih sidik jari sama retina buat lpg 3kg aku siap bantu scan nya biar ga ada yang curi subsidi tapi bayar listrik dulu ya biar servernya nyala,0,0,0,Tue Apr 07 04:58:30 +0000 2026,2879.3909977227777,0.0,0.0,0.0,0.0,gork,2026-08-05T04:21:57.591802+00:00,0
2068164286657229049,pln pake arus kas operasional sendiri untuk pengadaan barang yang bergantung ke apbn adalah selisih subsidi tarif listrik vs biaya produksinya cuma karena ini bumn mereka ditarget mencari sumber daya semurah nya biar selisih beban subsidinya ringan,2,0,0,Sat Jun 20 02:49:25 +0000 2026,1105.5357359772222,1.0986122886681098,0.1009580414151594,0.0018074427557766,1.1306651120743846e-05,Kunyah_renyah,2026-08-05T04:21:33.649518+00:00,0
2084137242684174357,pertamina resmi menurunkan harga bbm non subsidi seperti pertamax yang turun menjadi rp15 950 liter pertamax green 95 jadi rp16 600 liter dan pertamax turbo menjadi rp18 300 liter penyesuaian ini langsung memicu beragam respons netizen di media sosial sumber cnn kompas,0,0,0,Mon Aug 03 04:40:14 +0000 2026,47.40396446055556,0.0,0.0,0.0,0.0,theogidn,2026-08-05T04:04:28.272058+00:00,0
2084161544083148961,salah ada operasi razia pajak di jalan tol beredar foto arsip dari akun x opposite6888 pada kamis 23 7 2026 memperlihatkan razia kepatuhan pajak kendaraan di jalan tol arah padalarang unggahan disertai narasi negara lagi sekarat tol arah padalarang ada razia,1,0,0,Mon Aug 03 06:16:48 +0000 2026,38.48050644888889,0.6931471805599453,0.0636974321911235,0.025328955728939,0.0001584479866732,humaspoldajbr,2026-08-04T20:45:37.823216+00:00,1
2074030610134544472,jayapura antara pt pertamina patra niaga regional papua maluku menurunkan harga bahan bakar minyak bbm non subsidi di wilayah papua mulai 1 juli 2026 baca selengkapnya di,3,0,0,Mon Jul 06 07:20:05 +0000 2026,717.0158284544444,1.3862943611198906,0.1273948643822471,0.0041781808716635,2.613705650388131e-05,antara_papua,2026-08-05T04:21:01.982436+00:00,0
2083762211391156527,mana mau jadiin rakyatnya pinter rakyat dibikin bodoh amp miskin biar gampang dikasih bansos lsg kicep,0,0,0,Sun Aug 02 03:50:00 +0000 2026,72.23549810333334,0.0,0.0,0.0,0.0,PRajagukgu38321,2026-08-05T04:04:07.793172+00:00,0
2071477700926271914,pertamina pastikan stok bbm subsidi cukup bagi nelayan di ntt,0,0,0,Mon Jun 29 06:15:44 +0000 2026,886.0900927936111,0.0,0.0,0.0,0.0,jawapos,2026-08-05T04:21:08.334057+00:00,0
2072109946062434776,update per 1 juli 2026 harga bbm non subsidi terpantau turun pertamax turbo mengalami penurunan ke rp19 300 per liter dan hampir semua lini diesel non subsidi turun sekitar rp 3 ribuan per liternya sementara itu bensin ron 92 95 dan bbm subsidi tidak mengalami penurunan,346,51,35,Wed Jul 01 00:08:03 +0000 2026,844.2177789019444,6.217603607401991,0.5713727117144672,0.5111108767272124,0.003197308655393,LambeResing,2026-08-05T04:21:07.004047+00:00,0
2084635819047109102,huuhuhu aku jarang main bansos kemarin gak juga memulangkah abah amiin ak edd yaahh,0,0,1,Tue Aug 04 13:41:24 +0000 2026,14.370448963333333,0.9162907318741552,0.0842034251856289,0.0650599082945156,0.0004069892021103,noircleura,2026-08-05T04:03:37.616268+00:00,0
2084318219553370302,cara mendapatkan kpd langkah 1 pastikan data kamu masuk dtsen data nasional penyandang disabilitas pemutakhiran data bisa lewat aplikasi cek bansos siks ng di kantor kelurahan call center kemensos 021 171 wa center 0877 171 171 4 10,0,0,1,Mon Aug 03 16:39:22 +0000 2026,35.407364924166664,0.9162907318741552,0.0842034251856289,0.0274669699958486,0.0001718225631735,musobandi,2026-08-05T04:03:48.513727+00:00,0
2045874767698534400,narasinya kelewat dramatis tapi salah di bagian bagian yang penting mulai dari fakta dasarnya permendagri 11 2026 memang tidak lagi mencantumkan kendaraan listrik secara eksplisit sebagai yang dikecualikan tapi pasal 19 aturan yang sama masih memberi ruang bagi pemda untuk,9,4,1,Sun Apr 19 14:38:49 +0000 2026,2581.7186230455554,2.970414465569701,0.2729691172476684,0.0054206446939586,3.390942158926968e-05,bayuajibandoro,2026-08-05T04:21:56.042964+00:00,0
2072091202682499368,jadi maksudnya harga bbm non subsidi turun 3 bulan lg,5,0,4,Tue Jun 30 22:53:34 +0000 2026,845.4591677908332,2.4849066497880004,0.2283529057974065,0.0106325270520597,6.65129080991857e-05,SmwGwOto,2026-08-05T04:21:07.004047+00:00,0
2084640499290230946,halwo open joki tugas pajak amp ujian pajak brevet ab amp c ppn amp ppnbm akuntansi pajak transfer pricing studi kasus pajak manajemen pajak sengketa pajak pajak lanjutan hukum pajak jokitugaskuliah zonauang jokipajak,0,0,0,Tue Aug 04 14:00:00 +0000 2026,14.370333697222222,0.0,0.0,0.0,0.0,jokibrevet,2026-08-05T04:22:13.201310+00:00,0
2083501222515163524,surabaya uji coba perlinsos digital bansos makin tepat sasaran,0,0,0,Sat Aug 01 10:32:55 +0000 2026,89.52194205722222,0.0,0.0,0.0,0.0,mcinewsid,2026-08-05T04:04:13.991406+00:00,0
2076854969299579365,udah terasa belom ditempat kalian wkwkw ini beberapa keanehan yang lagi terjadi soal pertalite di bogor antrean kendaraan mengular panjang di spbu solis pajajaran bahkan sampai ke bahu jalan pengendara rela nunggu hingga 30 menit atau lebih hanya untuk dapat bbm,242,66,12,Tue Jul 14 02:23:05 +0000 2026,529.696638536389,5.973809611869261,0.5489690261270798,0.6029810192175509,0.0037720121397669,karirfess,2026-08-05T04:04:52.898731+00:00,0
2084839579631399004,tapi pasti udh ga ada bansos kalo skrg2 keluarin myth rafayel huhuhu,0,0,0,Wed Aug 05 03:11:04 +0000 2026,0.8747329780555555,0.0,0.0,0.0,0.0,Babygirlvnl,2026-08-05T04:03:33.038721+00:00,1
2076830298277638227,tech worker kena pph 21 progresif sampe 30 ppn 12 dari setiap transaksi lo bayar pajak gede tapi subsidi bbm lpg listrik dinikmati mereka yang ktp miskin padahal mobilnya fortuner kelas menengah tech jadi sapi perah bayar pajak full dapet fasilitas publik minimal,2,0,0,Tue Jul 14 00:45:03 +0000 2026,531.3305274252778,1.0986122886681098,0.1009580414151594,0.0037570642616973,2.350271659196955e-05,masdiditaji,2026-08-05T04:04:52.898731+00:00,1
2083641042050699337,blessing dari penerima hg dan masih yang level 100 sendiri ya kan kamu sekarang login cuma pas bansos doang,0,0,0,Sat Aug 01 19:48:31 +0000 2026,80.26099738777778,0.0,0.0,0.0,0.0,focalattelova,2026-08-05T04:04:10.590596+00:00,0
2075210754450755702,prabowo saya kaget sendiri tokoh tokoh dunia membicarakan indonesia kok berhasil tidak panik tidak menaikan bbm untuk rakyat keci l ini harus diapresiasi negara bisa sediakan bbm saja di tengah konflik global sudah luar biasa apalagi menahan subsidi tdk naik sampai kini,23,10,31,Thu Jul 09 13:29:34 +0000 2026,638.8566304105556,4.505349850705881,0.4140234926452357,0.1000224065177464,0.0006257008423303,ekowboy2,2026-08-05T04:20:57.869478+00:00,0
2084094066242015408,sebenarnya org indonesia juga dapet bansos tapi dgn kriteria khusus dalam bentuk sembako yang dikorupsi wkwk dan lebih banyak yang gak dapet,1,0,1,Mon Aug 03 01:48:40 +0000 2026,50.254907958888886,1.252762968495368,0.1151238675930576,0.0390206534290176,0.0002440978633571,jusdalle,2026-08-05T04:03:57.668652+00:00,1
2083749632790970730,udah banyak penjelasan bahwa putusan mk sekarang cuma menumpas para pencuri gaji guru sedangkan program gizi posyandu untuk ibu amp bayi nggak kena nah buat nutup dana raksasa mbg yang bolong gw usul ambil aja dari uang bansos dan subsidi bbm rakyat pasti senang gembira,51,8,0,Sun Aug 02 03:00:01 +0000 2026,73.06855365888889,4.219507705176107,0.3877557515465278,0.7965593640685257,0.0049829621423415,zhil_arf,2026-08-05T04:04:07.793172+00:00,0
2052694156078981190,sahabat sahabatku ini keliru ya di indonesia kelas menengah justru menikmati banyak subsidi yang nilainya besar meski seringkali tidak mereka anggap sebagai bantuan sosial ambil contoh subsidi bbm subsidi lpg subsidi listrik dll,37,18,2,Fri May 08 10:16:38 +0000 2026,2130.086197495556,4.343805421853684,0.3991782107321592,0.0267469237363491,0.0001673182369253,anju0gerald,2026-08-05T04:21:48.310984+00:00,0
2082995727777906691,prediksi saya yang paling mungkin dilakukan pengurangan subsidi bbm listrik kesehatan menaikkan pajak tertentu dan menerbitkan utang baru ujung ujungnya kelas menengah akan semakin tertekan sedikit tulisan tentang putusan mk,2,0,2,Fri Jul 31 01:04:16 +0000 2026,123.0054407727778,1.791759469228055,0.164655473606283,0.0322566491846872,0.0002017849126838,hakimgariss_,2026-08-05T04:04:35.586782+00:00,0
2084198252497518925,yg region jepang bansos 25 koin gak ada lagi kah,0,0,0,Mon Aug 03 08:42:40 +0000 2026,43.35318325805555,0.0,0.0,0.0,0.0,ahmadridhosp,2026-08-05T04:03:51.459729+00:00,0
2071768288087228464,harga minyak dunia turun hampir 27 dalam sebulan lalu apakah harga bbm non subsidi akan ikut turun pertamina menyebut peluangnya terbuka jika tren penurunan harga minyak dunia terus berlanjut namun hingga kini belum ada kepastian kapan harga bbm akan disesuaikan,4,0,1,Tue Jun 30 01:30:26 +0000 2026,866.8450927936111,1.871802176901592,0.172011075832509,0.0057613968685412,3.604103319595933e-05,KontanNews,2026-08-05T04:21:08.334057+00:00,0
2074108324522705093,alhamdulillah gak pernah beli bbm subsidi beli bbm swasta juga dipersulit sama pemerintah,4,1,1,Mon Jul 06 12:28:54 +0000 2026,711.86888401,2.1400661634962708,0.1966634549731571,0.0084166950396951,5.265153438435589e-05,rasjawa,2026-08-05T04:21:01.982436+00:00,0
2084431096280973434,mendagri pastikan pembagian bansos tepat sasaran dia bilang mereka udah punya sistem kita memasukkan wajah saja hanya 5 sampai 10 detik wajah karena sudah terkoneksi dengan kementerian lembaga lain misalnya ya misalnya pak teguh langsung ketahuan jadi ada aplikasi,1,0,9,Tue Aug 04 00:07:54 +0000 2026,27.93142106055556,2.740840023925201,0.2518721513512589,0.3456449643129964,0.0021622189752005,LambeSahamjja,2026-08-05T04:03:47.115818+00:00,0
2083663663043617160,makhluk npd haus kekuasaan amp kemuliaan manusia ya bginilah mana kenal rasa malu atas sgala keburukan yg tlah ditorehkannya hny makhluk2 bodoh amp pengemis pengharap bansos amp recehan yg msih puja2 dirinya,2,0,0,Sat Aug 01 21:18:24 +0000 2026,78.76294183222223,1.0986122886681098,0.1009580414151594,0.0250743008477158,0.0001568549658768,RatnaPuspi16942,2026-08-05T04:04:10.590596+00:00,0
2074782916908085361,tapi ada benernya kalau disubsidi nanti malah banyak orang mampu yang mengaku tidak mampu untuk mendapatkan subsidi contoh kecil aja bbm bersubsidi banyak sekali orang kalangan ekonomi atas yang ikut mencicipi bbm subsidi,2,0,1,Wed Jul 08 09:09:29 +0000 2026,667.1919989611112,1.5040773967762742,0.1382186506391953,0.0044897275104525,2.8085969763441e-05,Juniorrrrr14_,2026-08-05T04:21:00.196260+00:00,0
2083515475695464893,serius ini bukan karena kasih bansos kan wkwkwk,0,0,1,Sat Aug 01 11:29:33 +0000 2026,88.57805316833333,0.9162907318741552,0.0842034251856289,0.0111634486867092,6.983414506575147e-05,pak_erte92,2026-08-05T04:04:13.991406+00:00,0
2082400324669833216,strika listrik nya tinggi jir mending gas ada subsidi,0,0,0,Wed Jul 29 09:38:21 +0000 2026,162.7167341611111,0.0,0.0,0.0,0.0,ErwinAlexa99884,2026-08-05T04:21:21.242980+00:00,0
2084202130181951615,terungkapnya penangkapan 2 pria yang diduga terlibat dalam praktik penimbunan bahan bakar minyak bbm bersubsidi di kabupaten deliserdang membuka tabir dugaan adanya jaringan yang lebih besar di balik bisnis ilegal tersebut kedua pria yang diamankan,2,0,0,Mon Aug 03 08:58:05 +0000 2026,43.10601471333334,1.0986122886681098,0.1009580414151594,0.0453452893669714,0.0002836622986829,metro24jam_id,2026-08-05T04:04:26.652968+00:00,0
2074660185323471223,bbm subsidi makin dibatasi semoga yang benar benar bergantung untuk mencari nafkah tetap bisa bertahan semoga keadaan segera membaik semoga daerah lain jangan ditiru ekonomi lagi berat info masih ntt,2,1,0,Wed Jul 08 01:01:48 +0000 2026,675.3200545166667,1.6094379124341005,0.1479008573767524,0.0044357696921229,2.774843087036168e-05,kriptobistok,2026-08-05T04:21:00.196260+00:00,0
2083498125801701851,mungkin kurang atas tersedia bansos jps jaring pengaman sosial,0,0,0,Sat Aug 01 10:20:37 +0000 2026,89.72694205722222,0.0,0.0,0.0,0.0,a_doni95,2026-08-05T04:04:13.991406+00:00,0
2032274150094750167,program ini punya nilai strategis kemandirian energi mengurangi impor lpg efisiensi fiskal menekan beban subsidi energi yang selama ini mencapai puluhan triliun rupiah tahun modernisasi sistem energi peningkatan listrik sebagai pondasi energi masa depan,0,0,1,Fri Mar 13 01:54:49 +0000 2026,3482.455302065833,0.9162907318741552,0.0842034251856289,0.0002870712879269,1.79580508926156e-06,txtangkringan,2026-08-05T04:22:08.087437+00:00,0
1278297906894651392,inilah kecerdikan yg licik dr pemerintah kan mrk melihat bersepeda sekarang lg ngetren dimasyarakat byk org punya 2 atau 3 sepeda mkx lihat momen bgs peras pajak,2,0,0,Wed Jul 01 12:02:25 +0000 2020,53408.77428241972,1.0986122886681098,0.1009580414151594,3.744632938204191e-05,2.3424951120694306e-07,GarudaOposisi2,2026-08-04T20:48:52.416711+00:00,1
2084636697648931089,bbm dinaikkan hmmmm kapan naik bbm subsidi ya malah aneh ini,0,0,0,Tue Aug 04 13:44:54 +0000 2026,14.324849731944443,0.0,0.0,0.0,0.0,SibaraniAli,2026-08-05T04:04:23.459035+00:00,0
2074823476721181103,imbas harga naik pengguna pertamax mulai serbu bbm subsidi,6,2,0,Wed Jul 08 11:50:39 +0000 2026,664.5052415216667,2.3978952727983707,0.220356910947978,0.0120209421366962,7.519828688785858e-05,liputan6dotcom,2026-08-05T04:20:57.869478+00:00,0
2084237156516876498,menteri esdm bahlil lahadalia menyebut sekitar 80 persen konsumsi bbm nasional merupakan bbm subsidi sedangkan 20 persen sisanya bbm nonsubsidi pemerintah memastikan harga bbm subsidi tidak akan naik karena menyangkut kebutuhan masyarakat luas adapun harga bbm nonsubsidi,0,0,1,Mon Aug 03 11:17:16 +0000 2026,40.78629249111111,0.9162907318741552,0.0842034251856289,0.023931292784894,0.0001497047569127,tribunnews,2026-08-05T04:04:26.652968+00:00,0
2084697656719466781,tanda tanda akan ada demo besar biar damai disogok pakai bansos,2,0,1,Tue Aug 04 17:47:07 +0000 2026,10.275171185555555,1.5040773967762742,0.1382186506391953,0.2660713483306801,0.0016644377251705,BeYumoi,2026-08-05T04:03:37.616268+00:00,0
2070917132939063545,pertamax naik 32 bikin rakyat terbebani subsidi bbm bengkak 266 jadi rp118 t dan menterinya malah bilang malu dikitlah pdhal taun lalu dia sendiri bikin chaos gas 3kg trs diem aja pola menteri bikin masalah rakyat yg disalahin,2,0,0,Sat Jun 27 17:08:14 +0000 2026,923.2156263536112,1.0986122886681098,0.1009580414151594,0.0021639971701092,1.3537115325231584e-05,potatomax_,2026-08-05T04:21:10.254873+00:00,0
2065115286098051352,katanya oversupply sekarang krisis apa bener bib pengusaha batubara prefer jual keluar atau emang negara udah gabisa subsidi listrik karena faktor mata uang,2,1,1,Thu Jun 11 16:53:46 +0000 2026,1307.4645493480557,1.871802176901592,0.172011075832509,0.0030570182447762,1.91235039964418e-05,yourpadawann,2026-08-05T04:21:38.377653+00:00,0
2052913939709878426,harga energi global bergejolak sementara di indonesia harga bbm subsidi dan tarif listrik rumah tangga tetap terjaga 0 year on year yoy ini langsung menopang daya beli masyarakat menengah ke bawah hasilnya terlihat di q1 2026 ekonomi indonesia tumbuh cukup cepat,1,2,1,Sat May 09 00:49:59 +0000 2026,2115.530364162222,2.0149030205422647,0.1851614666007883,0.0018898854784836,1.182238037419533e-05,txtangkringan,2026-08-05T04:21:48.310984+00:00,0
1277845369213181952,walaupun pada nantinya mungkin gak dipajakin sorry to say dengan mewacanakan dan membahas pajak sepeda ini udah otak preman sih,3,1,0,Tue Jun 30 06:04:11 +0000 2020,53438.74643992472,1.791759469228055,0.164655473606283,7.485065454973058e-05,4.682362605666435e-07,rafenditya,2026-08-04T20:48:58.183729+00:00,0
2084798864633245889,padahal mbg adalah menu terbaik dari segala menu ini lah ketimpangan pelayanan rakyat miskin dengan risiko stunting besar dengan risiko kesehatan kritis hanya mendapat bansos 10rb per hari tapi pejabat yg sudah nyaman hidupnya gak digaji pun gak akan miskin mendapatkan,1,0,0,Wed Aug 05 00:29:17 +0000 2026,3.571555516111111,0.6931471805599453,0.0636974321911235,0.2187439256672684,0.0013683759800398,13_iwaN,2026-08-05T04:03:34.599858+00:00,1
2082427581291471095,program seperti bpjs dan bbm subsidi bagaimana nanti bilangnya itu kewajiban negara apa bedanya sama yang diatas btw lu harus tau ya kalau secara populasi negara aja udah beda emang negara sanggup buat ngehidupin semuanya perlu ada hitung2annya biar gak rugi negara,0,0,0,Wed Jul 29 11:26:39 +0000 2026,160.63275432194445,0.0,0.0,0.0,0.0,kotaattilan,2026-08-05T04:04:36.915559+00:00,0
2081621409097535751,sby itu banyak bpjs bidikmisi dana bos subsidi bbm melunasi utang imf mbg gak ada mnafaat itu banyak murid keracunan tol mahal dan punya swasta bukan utk sasaran rakyat kecil truk ekpedisi kadang jga males lewat karna mahal,9,1,3,Mon Jul 27 06:03:13 +0000 2026,214.0242160213889,2.803360380906535,0.2576175201720139,0.0604583066993108,0.0003782033920661,msaris0022,2026-08-05T04:04:40.177677+00:00,0
2084007005405237322,efek magisnya ke org2 bodoh dan miskin mental bansos aja,0,0,0,Sun Aug 02 20:02:43 +0000 2026,56.0213513775,0.0,0.0,0.0,0.0,rmbantitermul,2026-08-05T04:03:59.864959+00:00,0
2083953156615229519,bodo amat yang penting dapet bansos wlee,0,0,0,Sun Aug 02 16:28:45 +0000 2026,59.58746276916667,0.0,0.0,0.0,0.0,HILARlO,2026-08-05T04:03:59.865969+00:00,0
2077044228581212411,poin utamanya jelas framming subsidi buat si miskin perketat pemberian subsidi buat kaum menengah alirkan stimulus buat pengusaha si kaya mobil listrik sampe saat ini mahal dan ga ada orang miskin yg beli,6,2,0,Tue Jul 14 14:55:08 +0000 2026,517.4378447677777,2.3978952727983707,0.220356910947978,0.0154309722577899,9.653009436403382e-05,cemeNix7,2026-08-05T04:21:24.241164+00:00,0
2082086167391146422,bahlil janji bbm amp lpg subsidi tidak naik meski masih ada perang,0,0,0,Tue Jul 28 12:50:00 +0000 2026,183.2440500947222,0.0,0.0,0.0,0.0,TirtoID,2026-08-05T04:04:38.580341+00:00,0
1747965717310472277,menteri koordinator bidang kemaritiman dan investasi luhut binsar pandjaitan berencana menaikkan pajak sepeda motor berbahan bakar minyak bbm atau bensin tadi kita rapat dan pemerintah tengah menyiapkan kebijakan menaikkan pajak untuk sepeda motor konvensional,2,0,2,Thu Jan 18 12:54:37 +0000 2024,22303.90026928861,1.791759469228055,0.164655473606283,0.0001793327901809,1.1218354144857164e-06,inilahdotcom,2026-08-04T20:48:37.969439+00:00,0
1290936324795465728,di luxembourg pemerintah di sana subsidi penduduknya 850 u beli e bike yg harganya termurah sktr 2500 cakep di indonesia pemerintah berencana dan langsung dikecam mengenakan pajak bagi pemilik sepeda biasa luar biasa kan,5,0,2,Wed Aug 05 09:02:58 +0000 2020,52571.76358171,2.19722457733622,0.2019160828303189,0.0001331487927036,8.329264876782915e-07,Gank_Of_Petojo,2026-08-04T20:48:46.894156+00:00,1
2084538169203253622,kita mmg dibiarkan bodoh dibiarkan miskin juga itu paket murah buat dibeli suaranya pas pemilu sekantong sembako plus amplop 50rb dan iming bansos lainnya,0,0,0,Tue Aug 04 07:13:23 +0000 2026,20.838732529722225,0.0,0.0,0.0,0.0,Qk1ng2,2026-08-05T04:03:42.437107+00:00,1
2055136000922558831,gw pasang 4 rekening listrik aja dipermasalahin bud pdhl semuanya bukan yg subsidi dan emg dipake berdasarkan kebutuhan buat cek ada yg bocor apa nggak dipaksa upgrade biar bayar naik daya,5,0,0,Fri May 15 03:59:39 +0000 2026,1968.368888445,1.791759469228055,0.164655473606283,0.0025388844260396,1.5882262577541712e-05,kaizareisback,2026-08-05T04:21:46.998402+00:00,0
2038918754491589034,1 kesehatan gak bayar subsidi listrik subsidi bbm sekolah gratis makan siang gratis subsidi angkot 100 tambah beasiswa ptn gratis hidup jokowi giant 2026menujurevolusi 2026menujurevolusi,6,3,1,Tue Mar 31 09:58:07 +0000 2026,3042.398276087778,2.6741486494265287,0.2457434828317818,0.0032858006389011,2.0554676687621817e-05,ArtaN7707,2026-08-05T04:22:00.793916+00:00,1
2083810083738468619,pasar bisa diciptakan bansos nanti dimasukkan ke kopdes logistik pilpres jg bisa lewat kopdes penyaluran gas subsidi monopoli ama kopdes mbg nanti di supply kopdes monopoli lah semua sekalian teken lagi dari atas syarat pencairan dana desa omset kopdes minimal xx,2,0,1,Sun Aug 02 07:00:13 +0000 2026,69.06486210916667,1.5040773967762742,0.1382186506391953,0.0428174681244039,0.0002678492430307,bjs________,2026-08-05T04:04:06.503593+00:00,1
2082709784160354430,bhabinkamtibmas madurejo bersama personil polsek arut selatan di pimpin ps pamapta 1 aiptu arik murhandoko melaksanakan patroli dialogis sekaligus monitoring pendistribusian bbm bersubsidi di spbu sebagai upaya menjaga situasi kamtibmas pasca kenaikan bbm non subsidi,0,0,0,Thu Jul 30 06:08:02 +0000 2026,141.94303209972222,0.0,0.0,0.0,0.0,Bhabin_Madurejo,2026-08-05T04:04:36.915559+00:00,0
2070063592964333589,menteri energi dan sumber daya mineral esdm bahlil lahadalia melayangkan sentilan menohok yang meminta kelompok masyarakat mampu khususnya para pemilik kendaraan mewah sekelas mercy dan bmw untuk memiliki kesadaran diri dan tidak lagi mengonsumsi bahan bakar minyak bbm,55,12,100,Thu Jun 25 08:36:35 +0000 2026,979.7439349080556,5.438079308923196,0.4997375705261637,0.1702789016132495,0.0010651978479601,Beritasatu,2026-08-05T04:21:13.165669+00:00,0
2075876554920587663,hanya ada tiga kendaran pelat merah yang berhak pakai bbm subsidi yaitu truk sampah ambulans dan damkar fyp viral beritahariini trending viral indonesiadipercaya beranda,6,2,1,Sat Jul 11 09:35:13 +0000 2026,594.4944163141666,2.525728644308256,0.2321042825623813,0.0151134918370953,9.45440616982751e-05,YohanesEmacw,2026-08-05T04:04:52.898731+00:00,1
2077084839082381324,antrean bbm subsidi mengular di siantar pemko sebut usulan tambahan kuota belum dibalas pertamina,0,0,0,Tue Jul 14 17:36:30 +0000 2026,514.4726426063888,0.0,0.0,0.0,0.0,tribunmedan,2026-08-05T04:04:51.513383+00:00,0
2062921333399531707,dari kemaren tuh tangan gue gatel pengen ngomenin akun mobil akun gede brandingnya koyo wong sugih beli mobil cash anti kredit kredit club begitu tau pajaknya ternyata mahal dia ngeluh bandingin sama mobil yang gak head to head trus mau ganti mobil listrik lhaa ntar,3,0,2,Fri Jun 05 15:35:47 +0000 2026,1452.765254887778,1.9459101490553128,0.1788212997841811,0.0034393448207606,2.1515188709568808e-05,apansa_kalengs,2026-08-05T04:21:41.917596+00:00,0
2076965261459296699,momen menteri esdm bahlil lahadalia cerita strategi di balik layar pengalihan impor minyak dari middle east ke afrika demi amankan pasokan bbm dalam negeri negosiasi lancar stok bbm aman dan harga subsidi tetap terjaga,3,0,0,Tue Jul 14 09:41:21 +0000 2026,522.3918092730555,1.3862943611198906,0.1273948643822471,0.005731843614761,3.5856159661841863e-05,glasnostid,2026-08-05T04:04:51.513383+00:00,0
2072511729297420424,antrean panjang hingga dugaan premanisme satgas bbm subsidi resmi dibentuk di mempawah,0,0,0,Thu Jul 02 02:44:36 +0000 2026,817.6081881108333,0.0,0.0,0.0,0.0,tribunpontianak,2026-08-05T04:21:05.477199+00:00,0
2084487417034408309,seporsi kekalahan wni lagi pm jepang sane takaichi umumkan pajak konsumsi makanan dan minuman disana turun dari 8 jadi 1 berlaku april 2027 dan hanya 2 tahun abis itu balik ke 8 lagi awalnya mau 0 tapi susah ubah sistem nanti jg ada bansos 600miliar yen pertahun,0,0,1,Tue Aug 04 03:51:42 +0000 2026,24.20101239138889,0.9162907318741552,0.0842034251856289,0.0396809455298588,0.0002482283910864,inquito,2026-08-05T04:03:45.644609+00:00,1
2072132378219446407,pertamax ga turun karena kata menteri esdm sempet ditahan waktu harga minyak dunia naik pertanyaannya kalo bukan bbm subsidi ngapain dulu pake ditahan2,4,0,1,Wed Jul 01 01:37:11 +0000 2026,842.7322233463889,1.871802176901592,0.172011075832509,0.0059260507796764,3.707104331546188e-05,_fajarprasetyo,2026-08-05T04:21:07.004047+00:00,0
1067968895871418370,pks pemerintah punya itikad baik pajak sepeda motor dihapus dan sim seumur hidup bisa terwujud klikrmol pks,5,0,0,Thu Nov 29 02:30:01 +0000 2018,67338.31953567834,1.791759469228055,0.164655473606283,7.425082454762338e-05,4.6448395995081206e-07,rmol_id,2026-08-04T20:49:11.328442+00:00,0
1625023006161653761,pemerintah hanya memberi subsidi sepeda motor listrik mobil listrik mendapat diskon pajak iming iming memangkas subsidi bbm majalahtempo,2,2,0,Mon Feb 13 06:44:10 +0000 2023,30446.07443595528,1.9459101490553128,0.1788212997841811,0.0001313755122323,8.218335423751157e-07,temponewsroom,2026-08-04T20:48:37.969439+00:00,1
2084538938669285524,indo emng gk ada lawan si klo soal korup dana bansos buat bencana pun dikorup,0,0,0,Tue Aug 04 07:16:26 +0000 2026,20.78789919638889,0.0,0.0,0.0,0.0,kvn_doc,2026-08-05T04:03:42.437107+00:00,0
2035600437458698321,listrik dan bbm itu komoditas vital jadi negara kontrol harganya di apbn ada asumsi makro oil di usd 60 80 subsidi itu dianggarkan dari asumsi itu namun jika harga oil naik jadi 100 sedangkan negara maunya pertalite solar lpg 3kg listrik tetap gimana itu lah kompensasi,7,0,0,Sun Mar 22 06:12:18 +0000 2026,3262.1629674816663,2.079441541679836,0.1910922965733706,0.0021451579555654,1.3419264607384626e-05,rdwnibnhsn,2026-08-05T04:22:04.682934+00:00,0
1751908446163894723,ini syarat harus dilakukan pemerintah jika ingin naikkan pajak sepeda motor bbm,0,0,0,Mon Jan 29 10:01:37 +0000 2024,22042.781597692498,0.0,0.0,0.0,0.0,merdekadotcom,2026-08-04T20:48:30.751693+00:00,0
2073202154710691901,antrean bbm subsidi di jawa timur mulai terurai pertamina pastikan pasokan aman surabaya pertamina bphmigas bbmsubsidi biosolar distribusibbm spbu jawatimur surabaya gresik beritanasional googlenews googlediscover energiindonesia,2,0,0,Sat Jul 04 00:28:06 +0000 2026,771.8826493825001,1.0986122886681098,0.1009580414151594,0.0025877149675929,1.618772724336081e-05,NewssatuCom,2026-08-05T04:21:03.537777+00:00,0
2065237969511080158,bakn dpr ri dukung pemutakhiran data subsidi listrik agar tepat sasaran,0,0,0,Fri Jun 12 01:01:16 +0000 2026,1299.3395493480557,0.0,0.0,0.0,0.0,GesuriID,2026-08-05T04:21:38.377653+00:00,0
2083915057646411968,cara ubah pln non subsidi ke pln subsidi yg bermanfaat bgt token listrik jadi gak boros pertanyaan yang banyak bgt di tanyain kk misal nama meteran sama ktp subsidi nya beda bisa gak jawaban nya bisa ya gausah balik nama langsung ajuin permohonan ubah subsidi aja,1,0,1,Sun Aug 02 13:57:21 +0000 2026,62.39955745666667,1.252762968495368,0.1151238675930576,0.0315459615213716,0.0001973391301332,promosioren,2026-08-05T04:21:19.406844+00:00,0
2069816749810413896,setiap hari pemerintah selalu berbicara bahwa subsidi bbm listrik hingga bpjs sering salah sasaran dan kemudian menyalahkan masyarakat namun mereka tidak pernah bicara soal salah sasaran saat ngomong mbg,1,0,0,Wed Jun 24 16:15:43 +0000 2026,996.0917126858332,0.6931471805599453,0.0636974321911235,0.0010029167701197,6.273852926542199e-06,legislatweet,2026-08-05T04:21:13.165669+00:00,0
2068571956258173074,saya yg golongan tarip listrik non subsidi boleh nuntut engga ya,7,1,1,Sun Jun 21 05:49:21 +0000 2026,1078.5360012008334,2.4423470353692043,0.2244418487671642,0.0083369151098145,5.215246251570904e-05,herry_zudianto,2026-08-05T04:21:30.604323+00:00,0
2083327708600348854,pada sabtu 1 agustus ini terpantau pertamina menyesuaikan harga pertamax pertamax green 95 dan pertamax turbo sedangkan jenis bbm non subsidi lain tetap begitu juga bbm subsidi pertalite dan bio solar naiknya hampir 4000 an turunnya cuma 300 perak,5,1,1,Fri Jul 31 23:03:26 +0000 2026,101.0186977425,2.251291798606496,0.2068846425492573,0.068614873105598,0.0004292276640129,boy5se,2026-08-05T04:04:33.311873+00:00,0
2056948843611291896,realisasi subsidi amp kompensasi bbm listrik tembus rp 153 1 t,2,1,0,Wed May 20 04:03:15 +0000 2026,1848.308407886389,1.6094379124341005,0.1479008573767524,0.0016222280649384,1.0148020848747416e-05,detikfinance,2026-08-05T04:21:45.268391+00:00,0
2084597884880654571,ngimpi indonesia maju 2045 realisasi mbg 101 1t kartu sembako 19 7t program keluarga harapan 14 5t sekolah rakyat 13 1t program indonesia pintar 8 8t tahu total anggaran riset indonesia 8t bansos dipoles triliunan riset dan sains cuma dapat remahan,91,59,10,Tue Aug 04 11:10:40 +0000 2026,16.88341701277778,5.41610040220442,0.4977177975838238,8.94683604848443,0.0559678880625135,BetaEpsilonPhi,2026-08-05T04:03:40.301246+00:00,0
2040270133596422615,polsek cileungsi bongkar pengoplosan lpg subsidi di bogor polsek cileungsi mengungkap praktik pengoplosan lpg subsidi 3 kg ke tabung 12 kg di kampung rawa jamun desa dayeuh kecamatan cileungsi kabupaten bogor kamis 2 4 2026 pagi pengungkapan bermula dari laporan,38,19,4,Sat Apr 04 03:28:00 +0000 2026,2952.899731106111,4.418840607796598,0.4060736418939595,0.0206506671020813,0.0001291824527153,RadioElshinta,2026-08-05T04:21:59.031982+00:00,0
2078524837967056904,sepeda motor dengan tangki bahan bakar minyak bbm modifikasi yang mengantre di spbu jadi sorotan karena membuat antrean pengisian pertalite jadi lama dan panjang juga dikhawatirkan berpotensi mengganggu program penyaluran bbm subsidi agar tepat sasaran motor modifikasi,5,3,1,Sat Jul 18 16:58:33 +0000 2026,419.10378381777775,2.602689685444384,0.2391766920543548,0.0214232776439447,0.0001340156004436,MilahPass,2026-08-05T04:04:46.621744+00:00,0
2071426449157067025,baca di sini satreskrim polrestabes medan membongkar dugaan penyelewengan bahan bakar minyak atau bbm bersubsidi di sebuah spbu kawasan jalan gajah mada kota medan sumatera utara dalam kasus ini bbm bersubsidi jenis bio solar diduga dimasukkan ke,19,7,5,Mon Jun 29 02:52:05 +0000 2026,889.4847930202778,3.725693427236653,0.342376209702836,0.0348124979145983,0.0002177732972753,kompascom,2026-08-05T04:21:10.254873+00:00,0
2084167713644274051,banyak indonesia juga beragam sumbernya walaupun dominan batubara dan sentralisasi di pln yg cenderung hambat pengembangan energi terbarukan berbasis warga kalau di jerman bisa jadi contoh pemerintahnya subsidi warga yg mau pasang solar panel pembebasan ppn 0 untuk,1,1,1,Mon Aug 03 06:41:19 +0000 2026,45.66636092666667,1.7047480922384253,0.1566594787568544,0.0642861354609226,0.000402148783542,aik_arif,2026-08-05T04:21:17.899336+00:00,0
2083193669235155008,para thunderis amp pulseris mengisi bbm subsidi di salah satu spbu pertamina di jalan tole iskandar depok persis sebelah hypermart depok,0,0,0,Fri Jul 31 14:10:49 +0000 2026,109.895642465,0.0,0.0,0.0,0.0,DediWidjaya,2026-08-05T04:04:33.312874+00:00,0
2072139184232608103,breaking penyesuaian harga bbm per 1 juli 2026 bbm nonsubsidi pertamina pertamax rp16 250 liter tidak berubah sejak 10 juni pertamax turbo ron 98 turun dari rp20 750 menjadi rp19 300 liter pertamina dex cn 53 turun dari rp24 800 menjadi rp21 150 liter,2,1,1,Wed Jul 01 02:04:14 +0000 2026,842.2813900130556,1.871802176901592,0.172011075832509,0.0047433751620417,2.9672689727295605e-05,aL_zuhrie12,2026-08-05T04:21:07.004047+00:00,0
2060044680843182158,jadi pemadaman listrik sumatera kemarin diduga oleh beberapa pihak bahwa itu sengaja untuk mengejar jumlah pembelian solar non subsidi ahhh gak mungkin lah itu ada ada saja ada yang bilang garam haram masuk ada yang bilang solar ada ada sahaja,56,9,14,Thu May 28 17:05:00 +0000 2026,1643.2787403980556,4.564348191467836,0.4194452023707771,0.0480453818802493,0.0003005530156607,Sebelahkampus,2026-08-05T04:21:43.465433+00:00,0
2072274803298574553,pertamina patra niaga kembali memangkas harga bahan bakar minyak bbm non subsidi mulai 1 juli 2026 suaramerdeka suaramerdekacom suaramerdekanetwork pertamina bbmnonsubsidi bbm pertaminadex,1,0,1,Wed Jul 01 11:03:08 +0000 2026,833.2992992219444,1.252762968495368,0.1151238675930576,0.0023972212392664,1.4996073388767983e-05,suaramerdeka,2026-08-05T04:21:05.477199+00:00,0
2084224485033660683,tapi masyarakat harus sadar jangan gegara bansos 5 kg udah klepek klepek tertipu,1,0,0,Mon Aug 03 10:26:54 +0000 2026,41.61557604777778,0.6931471805599453,0.0636974321911235,0.0234655985614007,0.0001467915569802,oconXBoyy,2026-08-05T04:03:50.073772+00:00,0
2083393172621922748,cuma kaum bansos yg masih menjilat jokowi,0,0,0,Sat Aug 01 03:23:34 +0000 2026,96.67993813138888,0.0,0.0,0.0,0.0,muhtar_fuat,2026-08-05T04:04:21.777273+00:00,0
2068536819202044041,boleh dibilang negara kita bakalan bergolak apa nggak di tahun 2026 bergantung pada perjanjian ini lanjut apa batal atau jalan terus sekalinya batal harga minyak bakalan membumbung lg diatas 100 barrel subsidi energi jebol ini dibarengi dgn listrik naik bisa rusuh,7,0,0,Sun Jun 21 03:29:43 +0000 2026,1080.8636558227777,2.079441541679836,0.1910922965733706,0.006470316256882,4.047575411372181e-05,EastDawn2,2026-08-05T04:21:32.160962+00:00,0
2084839346864353608,gak dapet card abang dbl jir sedihnya kemarin pas bansos 1 hari 1 tiket emas juga gak sering login,0,0,0,Wed Aug 05 03:10:09 +0000 2026,0.8900107558333333,0.0,0.0,0.0,0.0,neuvermore,2026-08-05T04:03:33.038721+00:00,0
2071871068349124622,menurut bahlil saat harga minyak dunia naik selama hampir tiga bulan harga bbm non subsidi juga tidak langsung dinaikkan karena itu menurutnya wajar jika pemerintah tidak terburu buru mengambil keputusan hanya karena harga minyak baru turun dalam waktu singkat,0,0,1,Tue Jun 30 08:18:50 +0000 2026,860.0384261269445,0.9162907318741552,0.0842034251856289,0.001161388353477,7.265188834606915e-06,KontanNews,2026-08-05T04:21:08.334057+00:00,0
2084268139009962034,soalnya hadiahnya bagus tuh setah terima ya jadi konten lagi orang kita dikasih hadiah bagai dikasih bansos,0,0,0,Mon Aug 03 13:20:22 +0000 2026,38.72446465833333,0.0,0.0,0.0,0.0,jepunlembayung,2026-08-05T04:03:50.072770+00:00,0
1890301349507821915,4 others masih ada banyak lagi misal kalian bayar asuransi pribadi asuransi gempa commuting allowance sepeda bis ambil kpr iya lu ambil kpr selain bayar bunga ke bank juga dapet potongan pajak dari pemerintah,208,13,4,Fri Feb 14 07:25:36 +0000 2025,12877.379787743888,5.484796933490655,0.5040307319303725,0.0174711418445764,0.0001092925930219,AkuntanMilenial,2026-08-04T20:48:23.235878+00:00,0
2070155050148909342,ia memaparkan dalam apbn 2026 total subsidi terhadap bbm mencapai sekita rp200 triliun dengan asumsi harga minyak mentah indonesia indonesian crude price icp us 70 per barel,1,2,0,Thu Jun 25 14:40:00 +0000 2026,973.6869903222222,1.791759469228055,0.164655473606283,0.0030779111958888,1.9254202082651e-05,mediaindonesia,2026-08-05T04:21:13.165160+00:00,0
2084247126129684750,bansos beras mulai 17 agustus bisa diambil di kopdes merah putih,0,0,0,Mon Aug 03 11:56:52 +0000 2026,40.116131603333336,0.0,0.0,0.0,0.0,Harian_Jogja,2026-08-05T04:03:50.073772+00:00,0
1561527588228517888,2 3 pertama dengan elektrifikasi sepeda listrik saat ini semakin banyak produk sepeda listrik di pasar harganya mungkin masih jadi kendala bagi banyak orang kecuali mungkin pemerintah memutuskan memberi kemudahan dispensasi pajak diskon pajak stimulus keuangan dsb,1,1,1,Mon Aug 22 01:36:03 +0000 2022,34651.20971373306,1.7047480922384253,0.1566594787568544,8.657456551208238e-05,5.415764372324418e-07,B2WIndonesia,2026-08-04T20:48:37.969439+00:00,0
2052259796477485196,evaluasi kinerja bumn sektor kelistrikan demokrat dorong penguatan pln di tengah subsidi listrik karena subsidi meningkat terus kompensasinya apalagi meningkat dengan sangat besar tentu kami ingin mendorong pln tetap handal dan tetap menghasilkan keuntungan menghasilkan,7,6,1,Thu May 07 05:30:39 +0000 2026,2158.8525863844443,3.068052935133617,0.281941699072597,0.0064819238536254,4.054836667437323e-05,PDemokrat,2026-08-05T04:21:48.310984+00:00,0
2071378081508720948,menaikkan dan menurunkan harga tidak serta merta yang dijual murah stock pas belinya harga sedang murah yang dijual mahal pas belinya harga sedang mahal mungkin bulan depan harga bbm non subsidi turun biasanya juga begitu kadang naik kadang turun tergantung harga dunia,2,0,1,Sun Jun 28 23:39:53 +0000 2026,892.6881263536111,1.5040773967762742,0.1382186506391953,0.0033568757506496,2.099929463711973e-05,Kimberley_PS08,2026-08-05T04:21:10.254873+00:00,0
2079425456240308458,pertamax berpeluang turun menteri esdm bahlil lahadalia mengatakan pemerintah tengah mengkaji penyesuaian harga bbm non subsidi jika harga minyak mentah dunia terus melemah,0,0,1,Tue Jul 21 04:37:17 +0000 2026,359.4578077669444,0.9162907318741552,0.0842034251856289,0.002774249796932,1.735461578268705e-05,KontanNews,2026-08-05T04:04:45.107961+00:00,0
2045640607859958066,selamat pagi semuanya pemerintah negara bagian victoria baru saja memberi pengumuman tambahan setelah menggratiskan public transport bulan ini mereka juga akan memperpanjang masa gratis ini satu bulan berikutnya dan setelah itu memotong biaya public transport setengahnya,104,37,14,Sat Apr 18 23:08:21 +0000 2026,2589.6651033450003,5.298317366548036,0.4868940113268755,0.059830195651251,0.000374274176348,na_dirs,2026-08-04T20:48:15.372042+00:00,0
2051922460162052560,subsidi motor listrik turun jadi rp 5 juta dulu rp 7 juta cuma laku segini,0,0,0,Wed May 06 07:10:12 +0000 2026,2181.193895542222,0.0,0.0,0.0,0.0,detikoto,2026-08-05T04:21:50.023952+00:00,0
2084567312167059736,jangankan kursi bansos saat bencana covid aja digarong ini fakta bukan cuman opini doang,1,0,0,Tue Aug 04 09:09:11 +0000 2026,18.908732529722226,0.6931471805599453,0.0636974321911235,0.0502292146678386,0.0003142142148087,bowie8407,2026-08-05T04:03:42.437107+00:00,0
2084178257339875678,harga bbm jenis bensin di sejumlah spbu mengalami penurunan pada pekan pertama agustus 2026 penyesuaian harga terjadi di spbu pertamina dan bp sementara harga bbm diesel di shell dan bp justru mengalami kenaikan di spbu pertamina pertamax turun menjadi rp15 950 per liter,2,0,0,Mon Aug 03 07:23:13 +0000 2026,44.68712582444445,1.0986122886681098,0.1009580414151594,0.0437760083154523,0.0002738454935292,VIVAcoid,2026-08-05T04:04:26.652968+00:00,0
1918292513083048245,gak masalah naek sepedanya tp jg harus nyiapin transum ama pedestrian yg layak lah siswa naek sepeda itu opsi dr rakyat pemerintah utamanya ya harus nyiapin transum kl dibilang kok dikit2 pemerintah ya emang itu tugasnya pemerintah kecuali rakyatnya boleh gak bayar pajak,2,0,2,Fri May 02 13:12:29 +0000 2025,11023.598398855,1.791759469228055,0.164655473606283,0.0003628250077948,2.269690571337161e-06,t_yudehis,2026-08-04T20:48:23.235878+00:00,0
2033840191413358873,bloomberg dalam jangka panjang bapak berencana membangun cadangan minyak dalam jangka pendek bagaimana cara mengelola harga minyak yang lebih tinggi mengingat di masa lalu sangat sulit menyentuh subsidi di indonesia prabowo kami pernah mengalami lonjakan lonjakan seperti,5,1,2,Tue Mar 17 09:37:43 +0000 2026,3378.739794918611,2.3978952727983707,0.220356910947978,0.0023670461294173,1.4807309767622232e-05,RidhaIntifadha,2026-08-05T04:22:06.261707+00:00,0
2075185506892296204,presiden bilang bangga gak naikin bbm buat rakyat kecil boleh tapi izin nanya kalo b50 katanya hemat rp157 t dari devisa impor solar itu duit ngumpul di kas negara buat subsidi rakyat apa buat nombokin insentif sawit lagi jangan cuma pamer gak naikin harga tunjukin,12,4,7,Thu Jul 09 11:49:14 +0000 2026,640.5288526327778,3.449987545831587,0.3170399504233765,0.0358518559307348,0.0002242751123068,suwondo99,2026-08-05T04:20:57.869478+00:00,0
1277832463872475138,ralat,2,0,1,Tue Jun 30 05:12:55 +0000 2020,53439.60088436917,1.5040773967762742,0.1382186506391953,5.613709334015871e-05,3.511715805666412e-07,kahfifazrin,2026-08-04T20:48:58.183729+00:00,0
2082359082648797284,menteri esdm bahlil memastikan kondisi energi nasional tetap terjaga di tengah situasi global yang belum menentu stok bbm minyak mentah dan lpg berada di atas batas minimum sementara harga bbm dan lpg subsidi tetap tidak mengalami kenaikan kandabahlil esdm prabowogibran,1,0,0,Wed Jul 29 06:54:28 +0000 2026,165.1696056502778,0.6931471805599453,0.0636974321911235,0.0060179477232714,3.764591445700726e-05,kandabahlil,2026-08-05T04:04:38.580341+00:00,0
2084262608207810762,bukan uangnya gak ada kak uangnya ada tapi prioritasnya bukan mensejahterakan tenaga pendidik dan kesehatan karna pemerintah gak mau kalau rakyatnya nanti pada pinter pinter solnya jadi gak bisa dibodoh bodohi lagi dan gak bisa diiming imingi bansos lagi,0,0,0,Mon Aug 03 12:58:24 +0000 2026,39.09057604777778,0.0,0.0,0.0,0.0,sweetycherrycat,2026-08-05T04:03:50.073772+00:00,0
2078411524750954889,baca di sini menteri ham natalius pigai membantah pernah mengimbau masyarakat berbelanja rp 1 juta per bulan di koperasi merah putih dan menegaskan informasi tersebut merupakan hoaks yang bukan berasal dari dirinya iq menteriham kopdes,15,2,8,Sat Jul 18 09:28:17 +0000 2026,419.3585092677777,3.4657359027997265,0.3184871609556177,0.0594730437205791,0.0003720399743163,kompascom,2026-08-04T20:49:47.633364+00:00,0
2074785297511100566,masalah di indonesia itu politik dibiarkan masuk ke segala bidang menentukan harga bbm subsidi haji harga beras dll di luar negeri itu gak perlu melibatkan politisi cukup smart people our country has many problems but instead of solving them we choose to politicize them,31,8,0,Wed Jul 08 09:18:57 +0000 2026,667.0342211833333,3.871201010907891,0.3557477701796536,0.0583802427530085,0.0003652038411966,lutfithe13th,2026-08-05T04:21:00.196260+00:00,0
2068555161489027515,bagus penyajiannya ringkas mudah dipahami untuk tambahan tahun 2026 dianggarkan di apbn 2026 subsidi listrik rp104t kompensasi rp140t subsidi dibayar penuh 1 12 perbulan kompensasi hanya 70 perbulan dari tagihan bulanan pln jika konsisten membayar maka,5,2,1,Sun Jun 21 04:42:37 +0000 2026,1079.6486558227778,2.4423470353692043,0.2244418487671642,0.0074029611353275,4.631001371969232e-05,ferrykoto,2026-08-05T04:21:32.160962+00:00,0
2083961516177657923,saviola itu masuknya card bansos apa bukan si bang,0,0,1,Sun Aug 02 17:01:58 +0000 2026,59.0338513775,0.9162907318741552,0.0842034251856289,0.0166572688084241,0.0001042013233555,laminexyamal19,2026-08-05T04:03:59.864959+00:00,0
2083890071485419603,wujud kepedulian tni danramil 12 gondomanan salurkan bansos sembako,1,0,0,Sun Aug 02 12:18:04 +0000 2026,63.7665404175,0.6931471805599453,0.0636974321911235,0.0154400712706556,9.658701421042268e-05,0734_kodim,2026-08-05T04:04:03.545503+00:00,0
2083884053108060183,ini kajian yg terbit tahun 2022 di jurnal ilmiah berkualitas yg temukan mayoritas bansos digunakan masy miskin rentan untuk makanan,1,0,0,Sun Aug 02 11:54:09 +0000 2026,64.1651515286111,0.6931471805599453,0.0636974321911235,0.0153456253310627,9.599619755228269e-05,bmartawardaya,2026-08-05T04:04:03.545503+00:00,0
1277599890630033408,dulu sepeda prnah bayar pajak tapi brkat pemimpin pemerintah yg cerdas amp mencintai rakyat nya pajak sepeda di hapus ditiadakan skrg dr tdk dipungut pajak speda malah di pungut pajak kembali apakah dg sprt ini krn pemimpin skrg trlalu cerdas atau terlalu mencintai rakyat nya,12,3,6,Mon Jun 29 13:48:45 +0000 2020,53455.00531449416,3.332204510175204,0.3062161641664282,0.0003928464141016,2.457492683564693e-06,Theraid26619689,2026-08-04T20:49:04.132179+00:00,0
2054401785545277677,anies ganjar janji manis doamg pdhl ya dijelasin tata caranya program mereka bakalan ky gimna sedangkan si anu cuma subsidi listrik gratis bbm gratis wkwkwk kl cuma ngomong tanpa jelasin jalan programnya diawal udh red flag bgt entah apa yg dipikirin orang orang ini,3,0,1,Wed May 13 03:22:09 +0000 2026,2016.993888445,1.7047480922384253,0.1566594787568544,0.0019821665580376,1.2399654519242084e-05,wgentot,2026-08-05T04:21:46.998402+00:00,0
1278240842734399490,netflix kena pajak sepeda kena pajak apakah nanti pajak ulang tahun dan jadian akan benar benar disahkan juga oleh pemerintah,1,0,0,Wed Jul 01 08:15:40 +0000 2020,53412.55344908639,0.6931471805599453,0.0636974321911235,1.8721839971819072e-05,1.1711646868107757e-07,cilornotcrime,2026-08-04T20:48:52.416711+00:00,1
2084836230517391809,kan itu buat penyaluran bansos dimanapun tak masalah pastinya penerima bansos akan tetap berduyun2 ambil jatah bansosnya sesuai waktu yg ditentukan bahkan malam haripun bukanlah aral,0,0,0,Wed Aug 05 02:57:46 +0000 2026,1.0963996447222222,0.0,0.0,0.0,0.0,WAHYU_UNIFORM,2026-08-05T04:03:33.038721+00:00,0
2078496456646987914,gubernur jabar dedi mulyadi menegaskan tidak ada alasan untuk menghidupkan kembali spp di sma dan smk negeri menurutnya kebutuhan operasional sekolah saat ini sudah dapat dipenuhi melalui dana bos dan bantuan operasional dari pemprov jabar full,19,4,2,Sat Jul 18 15:05:46 +0000 2026,413.6549725238889,3.4339872044851463,0.3155695835423824,0.0602910893551619,0.0003771573461177,detikjabar_,2026-08-04T20:45:03.901086+00:00,0
2046193946368589862,berdasarkan data terbaru yang divalidasi pada 20 april 2026 tarif listrik untuk golongan nonsubsidi tetap mengikuti fluktuasi indikator ekonomi makro sementara golongan subsidi tetap mendapatkan perlindungan harga dari pemerintah rincian tarif lis,0,0,0,Mon Apr 20 11:47:07 +0000 2026,2560.5799307758334,0.0,0.0,0.0,0.0,mediaindonesia,2026-08-05T04:21:54.750793+00:00,0
2083435340149514638,proyek padat karya dulu gak ada namanya bansos berupa duit sembako dll yang ada pas krisis rakyat suruh kerja dulu baru dibayar pemerintah beda sama sekarang gak kerja nongkrong di rumah dikasih bansos trus duitnya buat beli rokok buat bayar pinjol buat judi online,1,0,1,Sat Aug 01 06:11:08 +0000 2026,93.88605923277775,1.252762968495368,0.1151238675930576,0.021077911931125,0.0001318551283559,ibnukusno,2026-08-05T04:04:17.813238+00:00,0
2068558416948453857,kalau gitu gimana kalau gak usah subsidi lagi tapi kalau padam listrik pln ganti rugi,2,0,1,Sun Jun 21 04:55:33 +0000 2026,1079.4326678675,1.5040773967762742,0.1382186506391953,0.0027766653945416,1.7369726811422603e-05,Nicoandhika46,2026-08-05T04:21:30.604323+00:00,0
2070095987000094974,subsidi bbm membengkak bahlil kenaikan icp jadi tantangan sekaligus peluang pendapatan,1,0,0,Thu Jun 25 10:45:18 +0000 2026,977.5986571302776,0.6931471805599453,0.0636974321911235,0.0010218693769031,6.392412981650147e-06,jawapos,2026-08-05T04:21:13.165669+00:00,0
2083758490603126961,mereka itu takut jadi oposisi abadi alias tidak ada yang milih kembali ke jaman sby berkuasa mana kader yang kena kasus malah dipertahankan jadi sekjen belum jatah bansos di korupsi entah mau jualan apa lagi di 2029 besok,12,3,4,Sun Aug 02 03:35:13 +0000 2026,72.48188699222223,3.218875824868201,0.2958017147535048,0.2585671214732288,0.001617494232915,tekarok007,2026-08-05T04:04:07.793172+00:00,0
2045368008487612429,bikin kebijakan pertamx amp pertamax green gak naik itu sudah bagus krna pertamax rata2 dikonsumsi kelas menengah bbm subsidi gak dinaikin jg sangat bagus salahnya dimana dodol kebijakan bagus apresisi kebijakan buruk seperti bgn beli kendaraan listrik layak dikritisi,12,0,1,Sat Apr 18 05:05:08 +0000 2026,2615.2800119344447,2.6741486494265287,0.2457434828317818,0.0049688870995073,3.108340372769034e-05,MasQomaru,2026-08-05T04:21:56.042964+00:00,0
2042841158695387140,pemanfaatan energi surya menawarkan solusi konkret pembangkit listrik tenaga surya plts memungkinkan penyediaan energi mandiri tanpa bergantung pada bbm pasokan listrik yang stabil gt irigasi berjalan optimal meningkatkan produksi pertanian di sektor perikanan cold,0,0,1,Sat Apr 11 05:44:21 +0000 2026,2782.626831056111,0.9162907318741552,0.0842034251856289,0.0003592435555094,2.247286414210774e-06,txtangkringan,2026-08-05T04:21:57.591802+00:00,0
2084599991189082178,halah nyocot beban anggaran subsidi ama bansos lo diam kok cuma berani birokrasi tapi subsidi yang gak tepat sasaran diam bansos yang kena orkay diam aja tuh standar ganda,0,0,1,Tue Aug 04 11:19:02 +0000 2026,16.743972568333334,0.9162907318741552,0.0842034251856289,0.056357165575461,0.0003525482659294,Turu748392,2026-08-05T04:03:40.301246+00:00,0
2083784434659340603,ya jelas itu karena hasil revolusi mental jokurap hingga rakyat makin gampang disogok dgn bansos kau kira partai lain gak memperhitungkan hal ini halu,0,0,1,Sun Aug 02 05:18:18 +0000 2026,70.76347349722222,0.9162907318741552,0.0842034251856289,0.0139346655236623,8.716978784349292e-05,JangNgungare,2026-08-05T04:04:06.504590+00:00,0
2078668109335159102,org yg masih nyari duit jdi buzzer kayak lu nnti yg kelimpungan klo bbm subsidi dihapus wkwk,8,0,0,Sun Jul 19 02:27:51 +0000 2026,409.6154504844444,2.19722457733622,0.2019160828303189,0.0194829492912689,0.0001218776692846,vouszmevoyeez,2026-08-05T04:04:46.621744+00:00,0
2084437399418044558,lebih baik barbagi masa harus nyontoh banteng bansos untuk wong cilik aja diembat kursi anak sd dikorupsi,0,0,0,Tue Aug 04 00:32:57 +0000 2026,27.51392106055556,0.0,0.0,0.0,0.0,santoz92725,2026-08-05T04:03:47.115818+00:00,1
2075498022931452312,saya ingin saya akan bbm subsidi listrik subsidi transportasi gratis pendidikan gratis saya ingin saya akan disetiap kesempatan pidatonya tak jauh dari kata proyek makan makan dan makan scth poetra 1010,15,7,12,Fri Jul 10 08:31:04 +0000 2026,619.5635829808333,3.871201010907891,0.3557477701796536,0.0547889062981804,0.0003427378525935,gracehui93,2026-08-05T04:04:52.898731+00:00,0
2082816881413558331,bahlil pastikan harga bbm dan lpg subsidi tidak naik penataan pertambangan jadi fokus pemerintah,0,0,0,Thu Jul 30 13:13:36 +0000 2026,134.84988521722224,0.0,0.0,0.0,0.0,withetucl,2026-08-05T04:04:35.586782+00:00,0
2084426960764285432,masih sempet2nya ngutang demi proyek yg ga jelas lalu ntar yg bayar lagi2 rakyat indonesia dengan pajak yg tinggi dan subsidi bbm liatrik dihapus,0,0,0,Mon Aug 03 23:51:28 +0000 2026,28.21582153888889,0.0,0.0,0.0,0.0,evanrobbinxiri,2026-08-05T04:04:24.957540+00:00,1
2035239027000140050,kalau wfh berarti stop bayar pajak juga krn rumah tanggalah yg hrs subsidi negara lagi bayar listrik internet telpon utk pekerjaannya anak2 membayarnya dgn penurunan kemampuan akademis tdk ada penghematan biaya ditanggung rumah tangga krn negara yg boros inkompeten,13,4,1,Sat Mar 21 06:16:11 +0000 2026,3286.0986838075,3.157000421150113,0.2901156145381836,0.0054759536391984,3.42554126009817e-05,FKP_Indonesia,2026-08-05T04:22:06.261707+00:00,0
2030982481529479233,sudah tentu subsidi bbm subsidi listrik dan subsidi bpjs,42,3,1,Mon Mar 09 12:22:12 +0000 2026,3567.9994185819446,3.9219733362813134,0.360413542245619,0.0128887664594456,8.062705458745158e-05,Diabloiszmofe,2026-08-05T04:22:09.906895+00:00,0
2072095749408759901,ternyata pelan2 harga bbm non subsidi turun,8,2,4,Tue Jun 30 23:11:38 +0000 2026,845.1580566797222,2.9444389791664403,0.2705820747403808,0.0165453722144243,0.0001035013422657,SmwGwOto,2026-08-05T04:21:07.004047+00:00,0
2064622628288237674,tinggal tgu waktu aja sih ini bbm subsidi naik tarif listrik naik gas melon naik dan boom chaos wwkwk tapi semoga gak sampai rusuh sih,40,0,2,Wed Jun 10 08:16:08 +0000 2026,1340.0922198661112,3.784189633918261,0.3477517753302251,0.0313177568088442,0.0001959115711909,adejoon,2026-08-05T04:21:39.991518+00:00,0
2083510248770580550,ga bisa lebih mudah melihat bansos,3,2,2,Sat Aug 01 11:08:47 +0000 2026,88.92416427944444,2.3978952727983707,0.220356910947978,0.077843370089569,0.0004869575121274,Jelli_cent,2026-08-05T04:04:13.991406+00:00,0
2073657232349385095,mbg membuat alokasi dana kesejahteraan guru jadi minim membuat alokasi dana bangun jembatan berkurang alokasi untuk pelayanan peserta bpjs yang berobat terhambat mbg membuat perbaikan jalan jadi ditunda membuat subsidi bbm dikurangi dll pemindahan alokasi anggaran negara,2,0,0,Sun Jul 05 06:36:25 +0000 2026,741.744038271389,1.0986122886681098,0.1009580414151594,0.0026927176751962,1.6844582890826975e-05,perangutan23,2026-08-05T04:21:03.537777+00:00,0
2084114925543358622,inipun gap antara pertalite dgn serial pertamax ini masih jauh gt gt gt daftar harga bbm pertamina senin 3 agustus 2026 pertamax turun bensin subsidi stabil via,0,0,0,Mon Aug 03 03:11:33 +0000 2026,48.88202001611111,0.0,0.0,0.0,0.0,SKI30Plus,2026-08-05T04:04:28.272058+00:00,0
2084198144242602139,cob dulu di cek buruh mana yang dukung dia bukannya dia itu ngekang rakyatnya dan pelihara kemiskinan pakai bansos padahal harga2 sembako sekarang semakin mencekik rakyat,0,0,0,Mon Aug 03 08:42:14 +0000 2026,43.36040548027778,0.0,0.0,0.0,0.0,christoujaem,2026-08-05T04:03:51.459729+00:00,0
2071969415399379155,baca selengkapnya pemerintah menyiapkan langkah menjaga stabilitas ekonomi nasional menteri energi dan sumber daya mineral bahlil lahadalia memastikan tarif listrik juli september 2026 tetap bagi pelanggan subsidi dan nonsubsidi rk bahlil bbm,8,2,8,Tue Jun 30 14:49:38 +0000 2026,853.5247233463889,3.218875824868201,0.2958017147535048,0.0210643408063262,0.0001317702327359,kompascom,2026-08-05T04:21:07.004047+00:00,0
2083376259615301841,bye bye bansos nyasar data makin akurat bantuan makin tepat sasaran agar yang benar benar berhak jadi prioritas jagaindonesia bansostepatsasaran dataakurat koperasimerahputih indonesiamaju,0,1,0,Sat Aug 01 02:16:22 +0000 2026,97.79993813138888,1.0986122886681098,0.1009580414151594,0.0101214638279444,6.331589753979383e-05,edo_suhendr,2026-08-05T04:04:21.777273+00:00,0
1251827645194530816,dulu ada pajak sepeda radio tv becak dokar anjing utk pemerintah daerah kota khusus tv utk membiayai operasional tvri,4,0,2,Sun Apr 19 10:59:03 +0000 2020,55161.8336478275,2.079441541679836,0.1910922965733706,0.0001087688866439,6.804153825311715e-07,pieterpitojo,2026-08-04T20:49:04.132179+00:00,0
2083485430071398613,akhirnya cma kss korupsi kls teri yg diungkp klo gt ucapkn yg biasa sj klo mmg tdk bs mksml mau tau kls kakap kss bansos covid nilainy 50 triliun kasus psn 500 triliun msk ke rekening pribadi dll,0,0,0,Sat Aug 01 09:30:10 +0000 2026,90.56831751055556,0.0,0.0,0.0,0.0,m_saiful_arif12,2026-08-05T04:04:15.943038+00:00,1
2079909323862315201,upaya pengawasan dan penertiban praktik penyimpangan distribusi bbm subsidi ini terus berlangsung ungkap kepala dinas perdagangan kalsel ahmad bagiawan yang juga anggota satgas bbm kalsel bidang pengawasan rabu 22 7,0,0,0,Wed Jul 22 12:40:00 +0000 2026,327.41207440972227,0.0,0.0,0.0,0.0,mediaindonesia,2026-08-05T04:04:43.467875+00:00,0
1789936266185695597,pokoknya naik asal bansos lancar pasti 2029 2034 tetap berjaya pemerintah bakal naikkan pajak sepeda motor bensin demi subsidi lrt mrt stefan antonio gagah gagahan pake duit rakyat,130,28,65,Mon May 13 08:30:35 +0000 2024,19524.29881991472,5.6507332535663855,0.5192796109455478,0.0114210800078794,7.144578529996526e-05,Jayabay19479190,2026-08-04T20:48:30.751693+00:00,1
2078338686081773607,mendorong kebijakan bbm nelayan tepat sasaran prof rokhmin dahuri ingatkan potensi moral hazard jakarta anggota komisi iv dpr ri prof rokhmin dahuri mendorong pemerintah menerapkan kebijakan harga bbm khusus bagi nelayan secara tepat sasaran berkeadilan serta bebas dari,1,1,0,Sat Jul 18 04:38:51 +0000 2026,431.4325792597222,1.3862943611198906,0.1273948643822471,0.0046249984296367,2.893217143987583e-05,RadioElshinta,2026-08-05T04:04:48.285335+00:00,0
2082879628105171163,program sosial dilanjutkan diperluas pkh 10 juta keluarga kartu sembako 18 25 juta jkn hampir 97 juta jiwa subsidi lpg listrik bantuan pangan kip kuliah pip dll,0,0,1,Thu Jul 30 17:22:56 +0000 2026,130.97367860555556,0.9162907318741552,0.0842034251856289,0.0075772685172231,4.740041215613772e-05,Jellydrink_xbt,2026-08-05T04:21:21.242980+00:00,0
2084539306962776377,pemerintah luncurkan paket stimulus baru kendaraan ev 2 hingga 3 pekan mendatang salah satu insentif yang disiapkan subsidi hingga 40 untuk mobil listrik kategori tertentu menkeu mengatakan paket stimulus sebagai bagian upaya perkuat ekosistem kendaraan listrik nasional,0,0,0,Tue Aug 04 07:17:54 +0000 2026,21.056638704444445,0.0,0.0,0.0,0.0,pasfm,2026-08-05T04:21:17.899336+00:00,0
2064480008358506700,susunan misinya monopoli supply bbm indonesia subsidi pajak mobil motor listrik naikkan harga bbm cabut pajak mobil motor listrik supaya rakyat menderita bertubi tubi mau bertahan pakai apapun gak akan selamat,6,0,0,Tue Jun 09 22:49:24 +0000 2026,1349.5377754216668,1.9459101490553128,0.1788212997841811,0.0044426746953647,2.779162585531613e-05,AmirilKing,2026-08-05T04:21:39.991518+00:00,1
2083023300654248126,presiden satu ini selalu ngomongin hal yg ga penting mulu ya giliran ngeluarin anggaran untuk kebutuhan ga penting juga dulu masih sering pemerintah gelontorkan subsidi listrik dam bangun jalan yg semua org lgsg rasakan manfaatnya skrg banyak jalan rusak n sembako mahal,0,0,0,Fri Jul 31 02:53:50 +0000 2026,121.45816856777778,0.0,0.0,0.0,0.0,Drizalq,2026-08-05T04:21:19.406844+00:00,0
2031323440792445253,salah satu isu paling penting adalah biaya dan dukungan kebijakan produksi biodiesel saat ini masih sangat bergantung pada subsidi dari pungutan ekspor cpo tanpa dukungan ini biaya produksi biodiesel relatif tinggi dan sulit bersaing dengan bahan bakar lain karena biodiesel,2,0,0,Tue Mar 10 10:57:03 +0000 2026,3545.418585248611,1.0986122886681098,0.1009580414151594,0.0005639492214255,3.527844561657381e-06,IESR,2026-08-05T04:22:09.906895+00:00,0
2083821173264236775,it s hereeee so pretty and yg pasti freee hehehee bansos,0,0,0,Sun Aug 02 07:44:17 +0000 2026,68.33005407750001,0.0,0.0,0.0,0.0,seikachii_,2026-08-05T04:04:05.194679+00:00,0
2068647263962898736,lu pikir bunga listrik turun gara gara piutang itu mah siklus biasa pemerintah emang sengaja nahan bayar subsidi listrik buat jaga defisit apbn di 0 7 biar gak jebol lu liat sendiri pendapatan negara naik 19 pajak naik 22 itu strategi bukan bangkrut pln masih punya,0,0,0,Sun Jun 21 10:48:35 +0000 2026,1073.5487789786112,0.0,0.0,0.0,0.0,ramzanrachmat,2026-08-05T04:21:30.604323+00:00,0
2057107322321948806,gak harus nyesel wong tiap hari hidup masih aman nyaman penuh subsidi pangan aman bbm listrik dan gas subsidi aman tidak langka bansos berkelanjutan mbg menjangkau desa2 cek kesehatan gratis dll mosok udh disuapin tiap hari masih nyesel,3,0,1,Wed May 20 14:32:59 +0000 2026,1837.8128523308333,1.7047480922384253,0.1566594787568544,0.0021753165336699,1.360792481243654e-05,mohmansyur_,2026-08-05T04:21:45.268391+00:00,0
2082042560852459881,harga bbm di iran tergolong sangat murah sekitar rp 480 500 per liter untuk bensin subsidi yang paling umum diberitakan,3,3,1,Tue Jul 28 09:56:43 +0000 2026,186.13254935472224,2.4423470353692043,0.2244418487671642,0.037406640502348,0.0002340012331828,Rahadi0816,2026-08-05T04:04:40.177677+00:00,0
2039771445505704075,tagihan listrik gas di iran murah sekali menempatkan negara ini di peringkat teratas untuk tarif listrik termurah di dunia dengan kata lain iran adalah negara pemberi subsidi energi terbesar di dunia yang menyebabkan harga jual listrik gas ke konsumen jauh di bawah biaya,2,3,0,Thu Apr 02 18:26:24 +0000 2026,2985.926887198889,2.19722457733622,0.2019160828303189,0.0016739612949445,1.047164359207238e-05,LayarPixel,2026-08-05T04:22:00.793916+00:00,0
1269609198922260485,ini baru keren mantab gubernur kita ini calon preiden 2024 kami warga jabar 50 jt mendukung bp mjadi presiden pemprov jabar akan menggratiskan iuran sumbangan pembinaan pendidikan spp untuk sma dan smk negeri pada tahun ajaran 2020 2021,2,0,2,Sun Jun 07 12:36:35 +0000 2020,53984.14136141278,1.791759469228055,0.164655473606283,7.409446190427314e-05,4.63505816742111e-07,SeptianoIbrahim,2026-08-04T20:45:03.901086+00:00,0
2083501898519257294,biaya transportasi umum yang terjangkau akses pendidikan kjp plus kjmu bahkan skrng mau buat lpdp nya sendiri akses kesehatan puskesmas di jakarta bisa jadi lebih baik fasilitasnya dibandingkan rs di daerah luar jakarta bansos waktu covid 19 aja bansos jakarta kan sudah,49,2,1,Sat Aug 01 10:35:36 +0000 2026,89.477219835,4.0163830207523885,0.3690894117340062,0.5747303033275172,0.0035952867704799,RidhaIntifadha,2026-08-05T04:04:13.991406+00:00,0
2046759642064121889,menteri keuangan purbaya yudhi sadewa menyatakan aturan baru pajak kendaraan listrik atau electric vehicle ev tidak mengubah total pajak melainkan hanya menggeser skema pemungutan sebetulnya total pajak sama nggak ada yang berubah cuma bergeser saja dari suatu tempat,2,0,0,Wed Apr 22 01:15:00 +0000 2026,2523.1152085536114,1.0986122886681098,0.1009580414151594,0.0007923568596324,4.956672927183561e-06,akuratco,2026-08-05T04:21:54.750793+00:00,0
2082682657268445653,guyss just info aja nih barangkali ada yang belum update ada beberapa harga bbm nonsubsidi yang turun lumayan nih bbm nonsubsidi pertamax rp16 250 l tetap pertamax green 95 rp17 000 l tetap pertamax turbo rp20 750 rp19 300 l turun rp1 450 dexlite,2,0,1,Thu Jul 30 04:20:14 +0000 2026,143.7396987663889,1.5040773967762742,0.1382186506391953,0.0207268636425865,0.0001296591083092,suaranyagenz,2026-08-05T04:04:36.915559+00:00,0
2068603247661863259,janji kampanye prabowo 8 november 2023 masa depan kita cerah we are very confident masa depan kita cerah karena itu saya ingin jadi presiden republik indonesia amin subsidi listrik subsidi bbm kemudian sekolah sekolah harus kita bikin enggak bayar kemudian,297,120,158,Sun Jun 21 07:53:41 +0000 2026,1076.4637789786111,6.652863029353347,0.6113712982958873,0.5336606308428067,0.0033383710496673,ardisatriawan,2026-08-05T04:21:30.604323+00:00,0
2083745290440646714,player bansos mah masih make,2,0,1,Sun Aug 02 02:42:46 +0000 2026,73.35642320222223,1.5040773967762742,0.1382186506391953,0.0403462118106609,0.0002523900353296,bianconeristore,2026-08-05T04:04:09.123528+00:00,0
2069335903462392246,iya banyak banget janji yang dicatat dan direkam pas kampanye dulu tapi realisasinya cuma mbg yang keliatan yang lain kayak subsidi listrik bbm atau sekolah gratis masih minim banget rakyat butuh bukti nyata di banyak sektor bukan cuma satu program aja yang jalan dan itu,2,0,1,Tue Jun 23 08:25:00 +0000 2026,1027.93747763,1.5040773967762742,0.1382186506391953,0.0029156290495998,1.823902879135228e-05,rebukanrain,2026-08-05T04:21:14.919468+00:00,0
2083508436332122415,pt pertamina patra niaga kembali melakukan penyesuaian harga berkala bahan bakar minyak bbm non subsidi yang berlaku mulai 1 agustus 2026 penyesuaian harga ini dilakukan mengikuti ketentuan dan arahan pemerintah dengan tetap memperhatikan daya beli masyarakat serta mendukung,0,0,0,Sat Aug 01 11:01:35 +0000 2026,89.04857135416667,0.0,0.0,0.0,0.0,inilahdotcom,2026-08-05T04:04:29.856875+00:00,0
2070753141037912273,klarifikasi hoax misleading content hoaks beli pertalite harus tunjukkan sntk telat pajak akan ditolak beredar di media sosial muncul narasi yang mengeklaim pembelian bahan bakar minyak bbm subsidi pertalite harus menunjukkan surat tanda nomor kendaraan stnk,3,1,0,Sat Jun 27 06:16:36 +0000 2026,926.5131691688888,1.791759469228055,0.164655473606283,0.0043126072307784,2.6977974944637872e-05,humaspoldajbr,2026-08-04T20:47:23.409008+00:00,0
2074366287321649515,baca di sini belakangan ini isu membeli bbm bersubsidi harus lunas pajak kendaraan sedang hangat dibicarakan da spbu bbm pkb,65,18,22,Tue Jul 07 05:33:57 +0000 2026,694.7847173433333,4.90527477843843,0.4507749816222308,0.1509087471781706,0.0009440257789403,kompascom,2026-08-05T04:21:01.982436+00:00,0
2084777133847834837,karena ke luar negeri bebas pajak sementara domestik ada pajak ppn dan avtur,0,0,0,Tue Aug 04 23:02:56 +0000 2026,5.321002103611112,0.0,0.0,0.0,0.0,SudarmoAriati,2026-08-05T04:22:11.607573+00:00,0
2045384267136700502,harga bbm non subsidi dinaikin terus nanti banyak pemilik kendaraan jual unit dan harga jual mobil baru drop turun terus beralih ke kendaraan listrik terus subsidi bbm dicabut dialihkan ke yang lain,2,0,1,Sat Apr 18 06:09:45 +0000 2026,2614.20306749,1.5040773967762742,0.1382186506391953,0.0011471384525712,7.176047058176189e-06,soulofdanny_,2026-08-05T04:21:56.042964+00:00,0
2084154151915901068,ngerugiin lah ntar jatuh miskin karena belum bisa ngehidupi anaknya sehingga musti disubsidi dengan bansos emangnya dari mana duitnya kalo bukan dari pajak rakyat,6,0,0,Mon Aug 03 05:47:26 +0000 2026,46.27416179944444,1.9459101490553128,0.1788212997841811,0.1269192254630416,0.000793956764738,zendynara,2026-08-05T04:03:52.982478+00:00,0
2046498654941479191,loh kan memang pikun semua janjinya saat kampanye kemarin dah lupa pendidikan gratis kesehatan gratis subsidi bbm subsidi listrik tambahan 2 juta untuk guru2 honorer 19juta lapker dll,14,0,2,Tue Apr 21 07:57:56 +0000 2026,2540.399652998056,2.8903717578961645,0.2656135150214424,0.0062957433637503,3.93836947433928e-05,LaiElfrid,2026-08-05T04:21:54.750793+00:00,0
2069012960761266343,menurut saya subsidi mungkin hal yang bisa meningkatkan produktivitas misal listrik untuk kalangan bawah pendidikan untuk semua rakyat indonesia yang perlu dikurangi subsidi bbm untuk kendaraan pribadi,2,0,1,Mon Jun 22 11:01:44 +0000 2026,1049.3291526494445,1.5040773967762742,0.1382186506391953,0.0028562474843552,1.7867561070409073e-05,ambisidev,2026-08-05T04:21:28.949538+00:00,0
2072393811238736294,udah resah banget karna nggak bisa balik soalnya rame banget dan di belakangku juga banyak yang salah antri habis itu bpk itu pindahin tulisan buat batesin jarak yg tulisannya bbm subsidi itu dalam hati aduh dan bener ditegur sama petugasnya yang lain ikut kesel c,1,0,1,Wed Jul 01 18:56:02 +0000 2026,825.4176325552777,1.252762968495368,0.1151238675930576,0.0024200838912596,1.5139093149120489e-05,kathelune,2026-08-05T04:21:05.477199+00:00,0
2084605939609723017,percayalah setinggi apapun hasil surveimu toh akhirnya bansos juga yang akan menentukan ngik,36,9,16,Tue Aug 04 11:42:40 +0000 2026,16.34966470277778,4.3694478524670215,0.401534646754721,3.5159180909261925,0.0219942009760263,HumorJonTampan,2026-08-05T04:03:38.792930+00:00,0
2083837347213496777,alg i ini sifatnya asuransi bukan bansos selama kerja gaji dipotong buat iuran arbeitslosenversicherung kalau nganggur dapat sekitar 60 dari gaji bersih terakhir 67 kalau punya anak dibayar 6 24 bulan tergantung usia amp lama kerja sebelumnya,1,0,1,Sun Aug 02 08:48:34 +0000 2026,67.25866518861112,1.252762968495368,0.1151238675930576,0.0293003092643789,0.0001832912126945,wortelmontok_,2026-08-05T04:04:05.194679+00:00,0
2084204203455496652,seskab teddy ungkap alasan pengusaha makin pede investasi di era prabowo dunia usaha kasih sinyal positif buktinya lebih dari rp1 000 triliun buat infrastruktur swasembada pangan jalan listrik subsidi amp lpg juga tetap enggak naik meski dunia bergejolak,20,9,9,Mon Aug 03 09:06:19 +0000 2026,43.24969426,3.960813169597578,0.3639827663849695,0.8587629956654982,0.0053720836006352,tomatskillo,2026-08-05T04:21:17.899336+00:00,0
2084172992603672669,hahahahah namanya juga fgo dipaksa pulang lewat gssr juga ngga mau pulang lagian aku juga udah ngga aktif2 banget main fgo nongol pas anniv aja biar dpt bansos,0,0,2,Mon Aug 03 07:02:18 +0000 2026,45.026384021666665,1.3862943611198906,0.1273948643822471,0.0434533375261135,0.0002718269919583,bittermints_,2026-08-05T04:03:52.982478+00:00,0
2080106999019380893,apakah sama seperti di malaysia satu mykad bisa utk semua dari balik nama sampe subsidi bbm dll,2,0,0,Thu Jul 23 01:45:29 +0000 2026,314.3202056133333,1.0986122886681098,0.1009580414151594,0.006342758771547,3.9677804646214337e-05,Firman_BGM,2026-08-05T04:04:41.740208+00:00,0
2084555387899097245,logika para pembenci kalau mau membuat program baru program lama harus ditutup terlebih dahulu kalau mau buat program baru maka harus hentikan dulu program bansos subsidi pendidikan subsidi bbm dan lainnya ini yang menyebabkan para pembenci hidupnya tidak pernah maju,12,9,11,Tue Aug 04 08:21:48 +0000 2026,19.69845475194445,3.8607297110405954,0.3547854999260097,1.5460091288695774,0.0096712251570603,TeddGus,2026-08-05T04:03:42.437107+00:00,0
2058133938141634968,pln ga ada pesaing telat bayar dicabut mindahin tiang di tanah sendiri bayar produksi amp distribusi listrik dibantu negara subsidi dll bangun aset amp fasilitas dibangunin negara gaji pegawai kebanyakan digaji negara ga dari profit lucunya keuangan sering minus,45,7,1,Sat May 23 10:32:23 +0000 2026,1769.8228523308333,4.119037174812473,0.3785229147486143,0.0299295889084778,0.0001872277386898,nama_saya_arie,2026-08-05T04:21:45.268391+00:00,0
1374371727107452941,mari dorong pemerintah untuk keluarkan aturan pembatasan kendaraan bermotor biar lebih banyak jalur untuk sepeda tapi kalo pajak kendaraan bermotor dipindah ke pajak sepeda bagaimana donk kan sepeda tidak kena pajak tahunan,1,0,0,Tue Mar 23 14:45:28 +0000 2021,47046.055248376666,0.6931471805599453,0.0636974321911235,2.125531544366965e-05,1.3296489496823154e-07,EvertMamangkey,2026-08-04T20:48:46.894156+00:00,0
2031738346515648733,cabe mahal suruh tanam cabe beras mahal suruh makan singkong masak pake minyak tanah suruh ganti gas krna subsidi ny gede skrng udh pke gas suruh pake listrik ntar listrik ny mati suruh rakyat juga mati apes tenan jadi wni,2,0,1,Wed Mar 11 14:25:44 +0000 2026,3517.940024288056,1.5040773967762742,0.1382186506391953,0.0008525294490084,5.333088984030589e-06,cha_malla,2026-08-05T04:22:08.087437+00:00,1
2083831926779965873,berasa kek mau bagi bansos bang,0,0,1,Sun Aug 02 08:27:01 +0000 2026,67.61783185527779,0.9162907318741552,0.0842034251856289,0.0145734712532028,9.116590528331936e-05,szvnghoon,2026-08-05T04:04:05.194679+00:00,0
1804077185747292627,warganet meributkan wacana pemerintah melalui kemenhub untuk menarik pajak sepeda bagaimana faktanya ini penjelasan dari kemenhub,0,0,0,Fri Jun 21 09:01:33 +0000 2024,18587.78062107722,0.0,0.0,0.0,0.0,kompascom,2026-08-04T20:48:23.235878+00:00,0
2083044442726953188,komdigi bakal terapkan aturan balik nama hp bekas konten palsu fabricated content faktanya wacana yang dibahas berkaitan dengan layanan pemblokiran dan pendaftaran ulang imei untuk melindungi perangkat bukan kewajiban balik nama setiap kali terjadi jual beli hp,0,0,0,Fri Jul 31 04:17:50 +0000 2026,112.47225967194446,0.0,0.0,0.0,0.0,TurnBackHoax,2026-08-04T20:46:10.134819+00:00,0
2083477321194094957,kita lihat hasilnya nanti eeeh tp kan kopdes sudah dipaksa barang subsidi disana ntr dipaksa lagi penerima bansos belanja disana asn jg jd gk perlu putar otak bikin strategi,0,0,0,Sat Aug 01 08:57:57 +0000 2026,91.105261955,0.0,0.0,0.0,0.0,rhalvx,2026-08-05T04:04:15.943038+00:00,1
2083833761926656097,so you said that pemerintah kita liberal dan non pki gitu udah mah ya dibikin goblok nyoblos jg ikut2an asal dikasih bansos,1,0,0,Sun Aug 02 08:34:19 +0000 2026,67.49616518861112,0.6931471805599453,0.0636974321911235,0.0145993574566751,9.132783919274228e-05,masabersiapp,2026-08-05T04:04:05.194679+00:00,0
2084717403184017776,pemerintah sedang menyiapkan kopdes sebagai pusat penyaluran bansos dan barang bersubsidi di tingkat desa bukan untuk main politik tapi biar bantuan lebih merata dan transparan jagaindonesia kamibersamapresiden merawatkemerdekaan kopdesuntukrakyat pangandesakuat,1,0,0,Tue Aug 04 19:05:35 +0000 2026,8.967003539444445,0.6931471805599453,0.0636974321911235,0.1003310569764019,0.0006276316382259,gesit_men,2026-08-05T04:03:36.212742+00:00,0
2072212739959968154,baca selengkapnya harga sejumlah bbm pertamina non subsidi kembali turun mulai rabu 1 7 2026 penurunan terjadi pada pertamax turbo pertamina dex dan dexlite sementara jenis lainnya masih bertahan lalu bagaimana posisinya dibandingkan shell dan,4,1,0,Wed Jul 01 06:56:31 +0000 2026,837.4100011241666,1.9459101490553128,0.1788212997841811,0.0059636693184669,3.7306370101008297e-05,kompascom,2026-08-05T04:21:07.004047+00:00,0
2065659831428739365,lidah tak bertulang janji tak di tepati sdh jd presiden saatnya tunjukan kinerja dg baik dan penuhi janji saat kampanye 2024 mn janji mau gratiskan pendidikan naikan gaji guru mn janji mau gratiskan kesehatan mn janji mau gratiskan transportasi dan subsidi bbm jg listrik,9,2,2,Sat Jun 13 04:57:36 +0000 2026,1271.4002827794443,2.833213344056216,0.2603608871642807,0.0102169106498488,6.391297532408771e-05,Hans_prayoga70,2026-08-05T04:21:37.018006+00:00,0
2078836311876866122,jadi kau tunggu 1 negara keracunan kau yang perlu sekolah sy kasi tau kau ya itu namanya antisipasi sekolah kau yg benar dek subsidi bbm kau samakan dengan nyawa orang bangsat asli kau ni,10,0,0,Sun Jul 19 13:36:14 +0000 2026,398.4757282622222,2.3978952727983707,0.220356910947978,0.0250328099869833,0.0001565954153679,TamaBaseG_DJJ,2026-08-05T04:04:46.621744+00:00,0
2058800562842607710,baca di sini rencana pemerintah kembali menggulirkan subsidi motor listrik sebesar rp 5 juta per unit mulai juni 2026 menuai sorotan program ini dinilai belum menyentuh akar persoalan mobilitas masyarakat indonesia na subsidimotorlistrik,2,1,2,Mon May 25 06:41:19 +0000 2026,1725.6739634419446,2.079441541679836,0.1910922965733706,0.0028957406585508,1.8114614837867505e-05,kompascom,2026-08-05T04:21:45.268391+00:00,1
2074040446117191749,pertamina resmi menurunkan harga beberapa jenis bbm nonsubsidi terutama pertamax turbo dexlite dan pertamina dex sementara jenis subsidi dan kelas menengah seperti pertalite solar dan pertamax tetap stabil tanpa perubahan harga,5,0,0,Mon Jul 06 07:59:10 +0000 2026,716.3644395655556,1.791759469228055,0.164655473606283,0.0069699579798352,4.360131625323843e-05,putrapostdaily,2026-08-05T04:21:01.982436+00:00,0
2066492165363323342,bahlil usulkan rp815 miliar untuk kompor listrik kurangi 80 ketergantungan lpg impor jakarta menteri energi dan sumber daya mineral esdm bahlil lahadalia mengungkapkan pemerintah tengah menyiapkan program kompor listrik sebagai bagian dari strategi diversifikasi energi,6,2,9,Mon Jun 15 12:05:00 +0000 2026,1216.276949446111,3.198673117550681,0.2939451673772388,0.0139655975640838,8.736328652464368e-05,RadioElshinta,2026-08-05T04:21:37.018006+00:00,0
2077284298823221719,additif gk bisa menurunkan fame tapi additif bisa meminimalisir efek buruk fame begitu jg sgn sulfur additif gk bisa menghilangkan tp bisa meminimalisir efek buruk dari sulfur jd buat pecinta bbm subsidi usahakan tambah additif kondisi tanki klo rutin pakai additif,52,6,9,Wed Jul 15 06:49:05 +0000 2026,501.2624362213889,4.363098624788363,0.4009511783213637,0.1333963983133063,0.0008344754110036,innovacommunity,2026-08-05T04:04:49.770397+00:00,0
2079895550653345945,fakta yang diungkap 1 5 juta data kendaraan telah dibersihkan hampir 307 ribu kendaraan diblokir sejak 2023 karena penyalahgunaan bbm subsidi sebagian pengguna mungkin harus registrasi ulang karena proses validasi barcode kamu masih aktif atau ikut hilang,0,0,1,Wed Jul 22 11:45:16 +0000 2026,328.3242966319445,0.9162907318741552,0.0842034251856289,0.0030365205671952,1.89952785860082e-05,KontanNews,2026-08-05T04:04:43.467875+00:00,0
1635583328689754113,1000 aja ioniq yang terjual 80 milyar hilang dari tangan pemerintah bisa dalam bentuk tunai bantuan pemerintah maupun pengurangan pendapatan pajak belum lagi dari wuling listrik dan sepeda motor listrik,2,1,0,Tue Mar 14 10:07:07 +0000 2023,29746.69193595528,1.6094379124341005,0.1479008573767524,0.0001008481601348,6.308664322394701e-07,djsasoon,2026-08-04T20:48:37.969439+00:00,0
2068109481008132319,kalau nanti tarif listrik sampai naik jangan cuma marah ke pln salah satu yang harus ikut disalahkan adalah mbg kok bisa mari saya jelaskan masalah listrik hari ini salah satunya berawal dari pasokan batu bara ke pln yang tidak lancar padahal batu bara itu bahan bakar,8913,5612,274,Fri Jun 19 23:11:38 +0000 2026,1109.1659482794444,9.93056755693987,0.9125791337224431,13.330439492344151,0.0833899873976131,Dospemz,2026-08-05T04:21:35.413806+00:00,0
2075913542478512344,bbm subsidi ron 90 sudah sangat sulit ditemukan pom bensin kerang libur tahun baru sudah lewat 6 bulan masih belum jualan padahal konsumen menjadikannya salah satu alternatif terbaik,17,0,0,Sat Jul 11 12:02:11 +0000 2026,592.0449718697222,2.8903717578961645,0.2656135150214424,0.0286656169538091,0.0001793208271862,cakradara20,2026-08-05T04:04:52.898731+00:00,0
2084210064165081559,shopee vip gratis 3 bulan benefitnya banyak ya terutama voucher2 nya legit amp banyak bansos gratisan nya claim langganan gratis 3 bulan done bansos nya voc 99 diskon gas garap bang,0,0,0,Mon Aug 03 09:29:36 +0000 2026,42.570961035833335,0.0,0.0,0.0,0.0,GhazyYasa,2026-08-05T04:03:51.459729+00:00,0
2083425578544431240,bahas bansos,0,0,0,Sat Aug 01 05:32:20 +0000 2026,94.53336556694444,0.0,0.0,0.0,0.0,milenial_panjii,2026-08-05T04:04:20.116041+00:00,0
2084785911133524179,bansos rapopo asal entuk kabeh heuheu,0,0,0,Tue Aug 04 23:37:49 +0000 2026,4.429781317222222,0.0,0.0,0.0,0.0,kaisonrblack_,2026-08-05T04:03:36.212742+00:00,0
2034141717369376957,betul mbah kalo ngga mau di kritik ya mundur kan enak masa pas pidato subsidi listrik listrik palah naik kesehata sekolah pendidikan gratis emang kabeh iso di adepi lewat pidato,3,0,1,Wed Mar 18 05:35:52 +0000 2026,3358.7706282519443,1.7047480922384253,0.1566594787568544,0.0011905574643591,7.447659321814737e-06,wahid118,2026-08-05T04:22:06.261707+00:00,0
1748528415773499805,pemerintah bakal pungut pajak sepeda motor anies nambah beban rakyat,0,0,0,Sat Jan 20 02:10:35 +0000 2024,22266.63215324805,0.0,0.0,0.0,0.0,IDNTimes,2026-08-04T20:48:30.751693+00:00,1
2084774914796691599,benar juga yang dibilang bapak ini kita tinggal sebagai wni wajib bayar segala macam pajak namun apa yang kita dapatkan bbm ada subsidi pertalite pgn pln dan pdam normal saja keamanan polisi silakan nilai sendiri jalanan banyak berlubang dan jarang sekali diperbaiki,0,0,0,Tue Aug 04 22:54:07 +0000 2026,5.171238620833333,0.0,0.0,0.0,0.0,kevinginikah,2026-08-05T04:04:23.459035+00:00,0
2078812098893934852,para pengusaha logistik menilai pemerintah dan pt pertamina patra niaga tak siap menghadapi lonjakan permintaan bahan bakar minyak bbm subsidi yang mengganggu distribusi imbasnya rantai pasok logistik pun terganggu bbm kompas61,5,1,1,Sun Jul 19 12:00:01 +0000 2026,400.0793393733333,2.251291798606496,0.2068846425492573,0.0174529059784958,0.0001091785166148,hariankompas,2026-08-05T04:04:46.621744+00:00,0
2083449662988787849,6 bansos masih cair agustus 2026 pkh bpnt pip hingga beras simak cara cek dan daftarnya,1,0,1,Sat Aug 01 07:08:02 +0000 2026,92.93772589944444,1.252762968495368,0.1151238675930576,0.021290700630127,0.0001331862507798,KompasTV,2026-08-05T04:04:17.813238+00:00,0
2082999109703827688,oh apakah intinya seperti ini mk sudah putuskan harus dipisah skarang dpr minta pemerintah cari jalan supaya mbg tetap jalan nah pertanyaannya anggaran mana yang mau dikorbankan subsidi bbm listrik kah atau ada sumber baru yang belum diumumkan,0,0,0,Fri Jul 31 01:17:42 +0000 2026,122.7815518838889,0.0,0.0,0.0,0.0,gamopn,2026-08-05T04:04:35.586782+00:00,0
2069776377814147314,emang gue pikirin kalimat yg terucap sewaktu kondisi negara banyak phk entah jilid ke berapa lapangan pekerjaan yg ternyata nggak lapang masih banyak sekali pengangguran harga bbm non subsidi naik 30 an padahal gaji kita naiknya nggak segitu tuh syt,22,0,0,Wed Jun 24 13:35:17 +0000 2026,998.7656015747222,3.1354942159291497,0.2881392809582878,0.0220051579743771,0.000137655614972,setowicaksono,2026-08-05T04:21:13.165669+00:00,0
2068565723795124366,buzzer kocak kalo merasa pln ga wajib kasi listrik 24jam dan katanya itu subsidi jadi murah kita maklumin open aja kalo gtu ga usah monopoli biar kek di negara2 maju ada perusahaan swastanya swasta pasti usahain optimal kalo sekali doang mending ini berhari2 anjaaay,4,0,0,Sun Jun 21 05:24:35 +0000 2026,1078.9487789786112,1.6094379124341005,0.1479008573767524,0.003703879367115,2.317001280590876e-05,otinggerrard,2026-08-05T04:21:30.604323+00:00,0
2083442816592880106,yang ditakutkan orang orang lupa pada kelakuannya saat kampanye nanti dikasih bansos duit langsung coblos,1,0,1,Sat Aug 01 06:40:50 +0000 2026,93.39105923277776,1.252762968495368,0.1151238675930576,0.0211884474679725,0.0001325465952074,Opposite6888,2026-08-05T04:04:17.813238+00:00,0
2069280811426398572,pt pertamina kembali menyesuaikan harga bbm nonsubsidi pada juni 2026 berdasarkan pembaruan terbaru kenaikan terjadi pada pertamax dan pertamax green 95 sementara pertamax turbo dexlite pertamina dex serta bbm subsidi seperti pertalite dan biosolar tidak mengalami,3,0,0,Tue Jun 23 04:46:05 +0000 2026,1031.586088741111,1.3862943611198906,0.1273948643822471,0.0029053267642385,1.817458174540657e-05,putrapostdaily,2026-08-05T04:21:14.919468+00:00,0
2084000925077967343,ada yg bansos tp pas itu gue dapetnya malah patrick kluivert,0,0,1,Sun Aug 02 19:38:34 +0000 2026,56.4238513775,0.9162907318741552,0.0842034251856289,0.0174143666092,0.0001089374294757,Qrisnaaa,2026-08-05T04:03:59.864959+00:00,0
2084563657107902925,kita perlu menyesuaikan diri karena itu kita mendorong ev kata menkeu purbaya kalau subsidi benar benar 40 anda tertarik beli mobil listrik mobillistrik kendaraanlistrik ev subsidimobillistrik,0,0,1,Tue Aug 04 08:54:39 +0000 2026,19.444138704444445,0.9162907318741552,0.0842034251856289,0.0489137749678153,0.0003059853413293,KontanNews,2026-08-05T04:21:17.899336+00:00,0
1277821090341871617,wacana sepeda kena pajak muncul fadli zon tanda nyata negara akan bangkrut apa ubahnya dengan belasting pada masa penjajahan belanda pemerintah itu untuk menyenangkan rakyat bukan menyusahkan marahunfaedah,15,5,2,Tue Jun 30 04:27:43 +0000 2020,53440.3542177025,3.367295829986474,0.3094409150229054,0.0004116662147141,2.5752219554915744e-06,alexander_murfi,2026-08-04T20:48:58.183729+00:00,0
2080555376492302618,jangan salah paham dulu soal razia pajak di jalan tol lawandisinformasi,23,22,23,Fri Jul 24 07:27:11 +0000 2026,277.30745089333334,4.629862798578463,0.4254657307102073,0.2443340980693409,0.0015284580354992,Deka_Ajaa,2026-08-04T20:45:37.823216+00:00,0
2084195102080327953,nik tidak ditemukan saat cek bansos ini penjelasan dan solusinya,0,0,0,Mon Aug 03 08:30:09 +0000 2026,43.56179436916666,0.0,0.0,0.0,0.0,metrojambi,2026-08-05T04:03:51.459729+00:00,0
2084585312714629623,dan banyak gubernur model gini pemimpin hasil bansos berharap apa,10,4,2,Tue Aug 04 10:20:42 +0000 2026,17.716194790555555,3.091042453358316,0.2840543431391015,0.8548746248395436,0.0053477594818123,Jelli_cent,2026-08-05T04:03:40.301246+00:00,0
2083782867016912955,dulu msih jabat bansos sekarang sembako dan uang,0,0,0,Sun Aug 02 05:12:04 +0000 2026,70.86736238611111,0.0,0.0,0.0,0.0,B4r4_Akb4r,2026-08-05T04:04:06.504590+00:00,0
2032503652573991405,arti efisiensi bbm adalah bbm terbatas alias langka amp mahal efisiensi hapus subsidi bbm subsidi listrik hapus kis dan terakhir hapus rakyat indonesia,15,3,0,Fri Mar 13 17:06:47 +0000 2026,3467.255857336944,3.091042453358316,0.2840543431391015,0.0051899285232725,3.2466151952361715e-05,Bravo_munte,2026-08-05T04:22:08.086413+00:00,1
2084676500637601977,iya aku jg bansos aja,0,0,0,Tue Aug 04 16:23:03 +0000 2026,11.676282296666669,0.0,0.0,0.0,0.0,cellabolu,2026-08-05T04:03:37.616268+00:00,0
2084507203176739266,tahun 2027 pemilik ac hingga kulkas bakal dikenai pajak konten palsu fabricated content tidak ditemukan informasi kredibel yang membenarkan klaim hasil penelusuran dengan kata kunci daftar jenis pajak baru yang dikenakan tahun 2027 menemukan pemberitaan,0,0,0,Tue Aug 04 05:10:20 +0000 2026,15.553754355555554,0.0,0.0,0.0,0.0,TurnBackHoax,2026-08-04T20:43:33.515680+00:00,1
2084133810028069091,kasih bansos gak sih,3,0,1,Mon Aug 03 04:26:36 +0000 2026,47.62178891,1.7047480922384253,0.1566594787568544,0.0822676435744494,0.000514634027246,pratikno_priyo,2026-08-05T04:03:54.440076+00:00,0
2084243020615204990,faktor paman usman bansos jokowi dan lembg pemilu serta aph yg dikendalikan muliono suara rakyat terbanyak milih anies tp di kpu dikalahkan wowo dan fufu fafa,0,0,0,Mon Aug 03 11:40:34 +0000 2026,40.38779827,0.0,0.0,0.0,0.0,gaols02,2026-08-05T04:03:50.073772+00:00,0
2084670122502062560,hasil kristenisasi karena orangtuanya miskin bermodalkan bansos thun 90 an modal 2 dus mie instan aqidah belok,0,0,0,Tue Aug 04 15:57:43 +0000 2026,12.098504518888888,0.0,0.0,0.0,0.0,kronikaotik77,2026-08-05T04:03:37.616268+00:00,0
1279012099750944769,wacana adanya pajak untuk pengguna sepeda merupakan ketidakmampuan pemerintah dalam menangani covid 19,2,0,0,Fri Jul 03 11:20:22 +0000 2020,53361.475115753055,1.0986122886681098,0.1009580414151594,3.747952087420291e-05,2.3445714412966882e-07,FazrulFalakh,2026-08-04T20:48:52.416711+00:00,0
2037733393132339514,nope harga rumah zaman dulu masih masuk akal harga kebutuhan pokok lain relatif murah dampak subsidi bbm dan listrik yg besar pendidikan tidak semahal sekarang even gak ngelakuin 3 hal di atas extra saving cm 2 3 juta sebulan gak bakal kebeli rumah jg,5,0,0,Sat Mar 28 03:27:54 +0000 2026,3120.902396331389,1.791759469228055,0.164655473606283,0.0016015875467072,1.001890188337739e-05,Ikhwanazis89,2026-08-05T04:22:02.626793+00:00,0
1974334063445225831,komdigi bingung ga ada kerjaan mau berantas judol ga berani dibuatlah yg ngadi hp balik nama kepemilikan walau barang bekas njirrtt,4,1,4,Sat Oct 04 04:41:36 +0000 2025,7312.076148560834,2.5649493574615367,0.2357085080236325,0.0012306722666591,7.69860175024493e-06,KiyongKaka,2026-08-04T20:46:10.134819+00:00,0
2084152756512956650,ngerugiin dong entar si anak dipaksa hidup miskin jadi gen sandwich ngerugiin gue juga karena orang kek lu ini daper bansos bansos itu dari pajak rakyat pajak gue juga yang per tahun bayar pajak gede bayar ppn juga semua dipajakin,0,0,0,Mon Aug 03 05:41:53 +0000 2026,46.36666179944445,0.0,0.0,0.0,0.0,ricobleguk,2026-08-05T04:03:52.982478+00:00,0
2036151027246965094,daftar tarif listrik pln mulai 1 april 2026 semua golongan subsidi dan non subsidi baca,0,0,0,Mon Mar 23 18:40:09 +0000 2026,3225.698800815,0.0,0.0,0.0,0.0,tribunpontianak,2026-08-05T04:22:04.682934+00:00,0
2083337411761991812,harga bbm pertamina per 1 agustus 2026 ada penurunan untuk non subsidi,19,1,3,Fri Jul 31 23:42:00 +0000 2026,100.37591968805556,3.277144732992177,0.3011563925595654,0.2268783363028758,0.0014192616541978,Jateng_Twit,2026-08-05T04:04:33.310877+00:00,0
2080607531504922993,baca selengkapnya menteri keuangan purbaya yudhi sadewa memastikan harga bbm subsidi tetap meski minyak dunia tembus 100 dollar as per barrel pemerintah menilai apbn masih kuat dan menyiapkan simulasi fiskal sesuai arahan presiden prabowo subianto,6,0,0,Fri Jul 24 10:54:25 +0000 2026,281.1708826880556,1.9459101490553128,0.1788212997841811,0.0212637106381847,0.0001330174120037,kompascom,2026-08-05T04:04:40.177677+00:00,0
2076148698095264008,bph migas menemukan dugaan penyalahgunaan penyaluran bbm subsidi di wilayah jambi sebagai tindak lanjut aduan dari masyarakat untuk merespons hal tersebut bph migas bersama komisi xii dpr dan ombudsman ri melakukan pemantauan di sejumlah spbu di kota jambi dan kabupaten muaro,8,3,1,Sun Jul 12 03:36:37 +0000 2026,576.4710829808333,2.803360380906535,0.2576175201720139,0.0207802613042674,0.0001299931430825,antaranews,2026-08-05T04:04:52.898731+00:00,0
2084485900676022458,buat pengguna bbm subsidi gk hanya biosolar tapi juga pertalite tambahan additif bbm itu bukan gimmick,409,48,19,Tue Aug 04 03:45:41 +0000 2026,24.31221042777777,6.2813317304651,0.577229069370284,18.80515340049617,0.1176376447286808,innovacommunity,2026-08-05T04:04:24.957540+00:00,0
2062701723320529075,pemerintah ngotot pertahankan harga bbm murah meski minyak dunia melambung hingga mei 2026 sudah rp70 75 triliun uang negara habis untuk subsidi amp kompensasi bbm belum termasuk lpg amp listrik rakyat senang tapi apbn jebol akibatnya anggaran infrastruktur,15,4,1,Fri Jun 05 01:03:08 +0000 2026,1467.3094215544445,3.2386784521643803,0.2976214963883166,0.0136211071770054,8.520829013059673e-05,IESR,2026-08-05T04:21:41.917596+00:00,0
2077354844407627817,pikir baik2 deh pak kalo bukan untuk jual beli transaksi kenapa butuh infrastruktur besar2an gudang gede gerai gedung kantor dll apakah cuma untuk penyaluran subsidi doang terus siapa yang nanggung biaya operasional amp pemeliharaan gedung2 itu di lamongan aja tutup,3,2,1,Wed Jul 15 11:29:24 +0000 2026,496.86673365666667,2.251291798606496,0.2068846425492573,0.0120514177678271,7.538893045196601e-05,Jelli_cent,2026-08-05T04:21:24.241164+00:00,0
2083568264496713729,bukan efek magis tapi efek bansos dan amplop lebih tepat nya,1,0,0,Sat Aug 01 14:59:19 +0000 2026,85.08142536833333,0.6931471805599453,0.0636974321911235,0.0116169080114682,7.267080828294731e-05,nino_baba11,2026-08-05T04:04:12.131326+00:00,0
2062477716964978764,pak prabowo bilang sedih nyopot dadan tapi izinkan rakyat juga sedih 37 673 anak amp ibu hamil keracunan mbg 36 provinsi 445 kejadian massal 2 348 orang rawat inap data bukan dari oposisi dari kemenkes ri sendiri 21 801 motor listrik dimark up jadi rp 1 triliun,2640,1677,17,Thu Jun 04 10:13:01 +0000 2026,1482.1446993322222,8.702925591332274,0.7997637850455618,2.9221693621339577,0.0182799424146511,suwondo99,2026-08-05T04:21:41.917596+00:00,0
1748184520816578879,luhut pemerintah tengah menyiapkan kebijakan menaikkan pajak untuk sepeda motor konvensional sehingga nantinya itu bisa subsidi ongkos ongkos seperti lrt atau kereta cepat,2,0,6,Fri Jan 19 03:24:04 +0000 2024,22289.40943595528,2.4849066497880004,0.2283529057974065,0.0003588987462516,2.245129423087028e-06,tempodotco,2026-08-04T20:48:37.969439+00:00,1
2082667623851188502,betul itu solusinya tapi kasus pupuk ini mirip kayak bbm subsidi barang ada ketersediaannya sulit diakses makanya antre panjang banget itu pertalite,0,0,1,Thu Jul 30 03:20:30 +0000 2026,144.73525432194444,0.9162907318741552,0.0842034251856289,0.0068617576759491,4.292445770085046e-05,insightcure,2026-08-05T04:04:36.915559+00:00,0
2070734913876410585,di suatu rapat oke agenda pertama kita evaluasi performa penjualan bbm non subsidi kuartal ini target kita meleset 15 ada masukan dari dewan komisaris saya pak raises hand enthusiastically saya rasa ini masalah engagement di lapangan spbu kita kurang ramai karena,48,3,2,Sat Jun 27 05:04:10 +0000 2026,935.2838328413887,4.060443010546419,0.3731383472140289,0.0566067661759769,0.0003541096691332,ValuableBill,2026-08-05T04:21:11.798229+00:00,0
2083733379149975988,nahh ini gacha paling busuk kurasa tiket bansos 200 pun gaada hasilnya wkwkw arsipgacha,0,0,0,Sun Aug 02 01:55:26 +0000 2026,74.14531209111112,0.0,0.0,0.0,0.0,haessela_,2026-08-05T04:04:09.123528+00:00,1
2083373835416670558,jadi dengan ini pssi gak dapat bansos dong,0,0,1,Sat Aug 01 02:06:44 +0000 2026,97.96049368694445,0.9162907318741552,0.0842034251856289,0.0101050425552992,6.321317251563258e-05,nanovond,2026-08-05T04:04:21.777273+00:00,0
1607232222016471041,kemudian untuk biaya perpanjangan sim sesuai dengan peraturan pemerintah nomor 60 tahun 2016 tentang penerimaan negara bukan pajak adalah rp 80 000 untuk perpanjangan sim a mobil dan rp 75 000 untuk perpanjangan sim c sepeda motor,0,0,1,Mon Dec 26 04:29:57 +0000 2022,31624.31138039972,0.9162907318741552,0.0842034251856289,3.1620242026131184e-05,1.978037997609092e-07,detikoto,2026-08-04T20:48:37.969439+00:00,0
2070494832250994939,mbg bikin keracunan siswa massal kdmp bikin sejumlah kematian calon karyawan saat diksar gak ada yang beres keduanya ngambil jumlah masif jatah dana pendidikan subsidi bbm transfer daerah honorer dll combo maut amp negara bangkrut,4,0,0,Fri Jun 26 13:10:10 +0000 2026,951.183832841389,1.6094379124341005,0.1479008573767524,0.0042008694771299,2.627898749760445e-05,Karuchika12,2026-08-05T04:21:11.798229+00:00,1
2083827506185150809,shell v power diesel rp21 910 liter kamu biasanya isi bbm di bp akr vivo shell atau pertamina kontan bbm bpakr vivo shell hargabbm fyp indonesia artikel selengkapnya di,0,0,0,Sun Aug 02 08:09:27 +0000 2026,67.91702001611111,0.0,0.0,0.0,0.0,KontanNews,2026-08-05T04:04:28.272058+00:00,0
2084247829539905908,roblok bagi2 bansos kh,0,0,0,Mon Aug 03 11:59:40 +0000 2026,40.06946493666667,0.0,0.0,0.0,0.0,elyquettes,2026-08-05T04:03:50.073772+00:00,0
2083464317484384684,bye bye bansos nyasar hentikan salah sasaran prioritaskan masyarakat yang benar benar membutuhkan kesejahteraan rakyat adalah prioritas utama mari bersama kawal penyaluran bantuan sosial jagaindonesia bansostepatsasaran kesejahteraanrakyat kawalbansos bantuansosial,0,0,0,Sat Aug 01 08:06:16 +0000 2026,91.96717006888888,0.0,0.0,0.0,0.0,felycyaan,2026-08-05T04:04:17.812248+00:00,0
2071870998220247120,harga bbm non subsidi bakal turun di juli 2026 menteri esdm bahlil lahadalia belum memastikan kabar tersebut ia meminta masyarakat menunggu keputusan resmi pemerintah,4,0,1,Tue Jun 30 08:18:34 +0000 2026,860.0428705713889,1.871802176901592,0.172011075832509,0.0058069117936973,3.632575666943135e-05,KontanNews,2026-08-05T04:21:08.334057+00:00,0
1748407961301746020,negara ugal ugalan bikin hutang hanya untuk transportasi kelas mewah lalu rakyat yang pake sepeda motor di suruh bayar hutang yang punya mobil g di naikin pajak nya sepeda motor bensin itu kenderaan rakyat keciiil udah gila mungkin ni pemerintah,10,1,0,Fri Jan 19 18:11:56 +0000 2024,22274.60965324805,2.5649493574615367,0.2357085080236325,0.0004938136451136,3.0891039763879727e-06,Mustafa96991932,2026-08-04T20:48:30.751693+00:00,1
2083414368138473842,mikirin konco dan perutnya sendiri aja klo soal rakyat masa bodoh amat tp giliran minta suara cukup kasih bansos dan duit receh mang brengsek,0,0,0,Sat Aug 01 04:47:47 +0000 2026,95.27586556694445,0.0,0.0,0.0,0.0,pink78303,2026-08-05T04:04:20.116041+00:00,0
2065396949998817425,ada kronologi jk bilang bbm subsidi dinaikkan ada usulan bikin plta ada yg bilang indonesia over suply listrik sumatera black out bbm non subsidi naik jawa pemadaman beegilir jk dpt proyek plta,2,0,0,Fri Jun 12 11:33:00 +0000 2026,1288.810660459167,1.0986122886681098,0.1009580414151594,0.001550615188192,9.700038852893373e-06,lapen_melon,2026-08-05T04:21:38.377653+00:00,0
2082485419393101876,polsek paloh monitoring penyaluran bbm subsidi di spbu paloh antrean kendaraan terpantau normal,0,0,0,Wed Jul 29 15:16:29 +0000 2026,156.8021987663889,0.0,0.0,0.0,0.0,POLSEKPALOH,2026-08-05T04:04:36.915559+00:00,0
2084841506196914433,pendukungnya bebal dan mindsetnya udah siapapun presidennya dia yg usaha nyari duit sendiri apalagi kalau udah dikasih bansos,0,0,0,Wed Aug 05 03:18:44 +0000 2026,0.7469552002777777,0.0,0.0,0.0,0.0,itikiwitii,2026-08-05T04:03:33.038721+00:00,0
2067087163150459037,kementerian esdm mengusulkan anggaran lebih dari rp815 miliar untuk program kompor listrik pada tahun 2027 sebagai bagian dari strategi mengurangi impor lpg menteri esdm bahlil lahadalia menyebut indonesia masih mengimpor sekitar 80 persen kebutuhan lpg nasional dengan nilai,0,0,0,Wed Jun 17 03:29:18 +0000 2026,1176.871503835,0.0,0.0,0.0,0.0,RadioElshinta,2026-08-05T04:21:35.413806+00:00,0
2084804610624233772,akar rumput kebanyakan dukung pelerintah siapapun yg jabat apalagi kalo kena bansos sama iming beuh wkwk,0,0,0,Wed Aug 05 00:52:07 +0000 2026,3.1909999605555552,0.0,0.0,0.0,0.0,anakmamanurr,2026-08-05T04:03:34.599858+00:00,0
2071428857027232120,spbu di medan diduga mencampur bio solar subsidi ke tangki dexlite kalau benar ini bukan sekadar akal akalan bisnis tapi dugaan merugikan konsumen yang membayar lebih mahal untuk bbm non subsidi pertanyaannya sekarang apakah praktik seperti ini benar benar cuma,2,0,2,Mon Jun 29 03:01:39 +0000 2026,889.3253485758333,1.791759469228055,0.164655473606283,0.0044927396556757,2.81048125594603e-05,RasputinYon,2026-08-05T04:21:10.254873+00:00,0
2083490120636981458,antri bansos mah enak lah ini,0,0,0,Sat Aug 01 09:48:48 +0000 2026,90.257219835,0.0,0.0,0.0,0.0,cariaeosa,2026-08-05T04:04:13.991406+00:00,0
2084509024272408942,cek fakta benarkah truk koperasi merah putih dilarang beli solar subsidi jangan langsung percaya beredar kabar truk koperasi dilarang pakai solar subsidi ini penjelasan resminya beredar narasi di masyarakat yang menyebutkan bahwa truk operasional koperasi merah,1,0,0,Tue Aug 04 05:17:34 +0000 2026,22.78082153888889,0.6931471805599453,0.0636974321911235,0.0420506919142677,0.0002630525925874,aflahdjamin,2026-08-05T04:04:24.957540+00:00,0
2083719362297672010,lokasi kdmp mayoritas sih dekat pemukiman sesuai arahan prabowo semua barang subsidi dan bansos hanya lewat kdmp ya akan tetap rame,0,0,0,Sun Aug 02 00:59:44 +0000 2026,75.07364570194444,0.0,0.0,0.0,0.0,afathngantuk,2026-08-05T04:04:09.124527+00:00,0
2084438286484078754,bahlil buka peluang turunkan harga bbm non subsidi termasuk pertamax menteri esdm bahlil lahadalia partaigolkar bahlillahadalia golkar2029 61tahungolkar,0,0,0,Tue Aug 04 00:36:29 +0000 2026,27.46554376111111,0.0,0.0,0.0,0.0,Golkar2029,2026-08-05T04:04:24.957540+00:00,0
2036306593730666656,fasilitas pendukung kurang banget malah mau konversi ke listrik kenapa nggak dari dulu2 apa nggak dipikir kenapa orang kurang berminat beli kendaraan listrik dulu waktu ada subsidi buat beli motor listrik aja gregetnya kurang yang bikin apbn bleeding malah dilanjutin,34,3,1,Tue Mar 24 04:58:19 +0000 2026,3215.396023037222,3.7495040759303713,0.3445643123499096,0.0118144655470991,7.390665053826258e-05,black_k00k33,2026-08-05T04:22:04.682934+00:00,0
2032691860926579157,bisa jadi solusi mitigasi pemerintah ini untuk mengurangi ketergantungan gas lpg dengan di beralih ke kompor listrik dan maksimalin subsidi listrik,2,0,0,Sat Mar 14 05:34:39 +0000 2026,3454.7914128925,1.0986122886681098,0.1009580414151594,0.000578738633512,3.620361307877109e-06,Agil_satrio88,2026-08-05T04:22:08.086413+00:00,0
2084454045989892307,aku jdi mikir apa aku yang kurang manfaatin privilage kaya gini tp gmn yh dpt bansos pun malah berasnya ak ksih tetangga gr gasuka berasnya anjim mending beli yg di selepan berasnya,0,0,0,Tue Aug 04 01:39:06 +0000 2026,26.41142106055556,0.0,0.0,0.0,0.0,annzchl,2026-08-05T04:03:47.115818+00:00,0
2084645532039893347,rapat tersebut juga dihadiri oleh kepala badan pengendalian pembangunan dan investigasi khusus bappisus aris marsudiyanto serta kepala bp bumn sekaligus coo danantara indonesia dony oskaria,0,0,0,Tue Aug 04 14:20:00 +0000 2026,13.739849731944444,0.0,0.0,0.0,0.0,mediaindonesia,2026-08-05T04:04:23.459035+00:00,0
1279751584948252672,hahaha ayah naen kena timpuk niat bikin narasi menyudutkan pemerintah malah disodorin pajak sepeda peneng pajak radio pajak tv juga dulu ada bukti lagi kalo jempol ma otak tak sinkron bikin caption gak dipikir dulu,2,2,3,Sun Jul 05 12:18:49 +0000 2020,53312.50094908639,2.4423470353692043,0.2244418487671642,0.0001312988244138,8.213538135391447e-07,maswege,2026-08-04T20:48:52.416711+00:00,0
2068186908082241642,mbg ultimatum pln dibalas pln ultimatum menkeu buat bayar tunggakan menkeu tongpes kurangi subsidi naikkan tarif listrik rakyat kelas menengah lagi yg tanggung pejabat dan kroni pesta sppg,5,0,0,Sat Jun 20 04:19:18 +0000 2026,1104.037680421667,1.791759469228055,0.164655473606283,0.0045247325847676,2.830494774294908e-05,ismi_yanto,2026-08-05T04:21:33.649518+00:00,1
2084277355963424782,menteri esdm bahlil lahadalia menyatakan penurunan harga bbm nonsubsidi termasuk pertamax mengikuti turunnya harga minyak dunia icp harga ke depan akan bergantung pada kondisi geopolitik global pemerintah memastikan harga bbm subsidi tetap tidak naik karena mencakup sekitar,0,0,1,Mon Aug 03 13:57:00 +0000 2026,38.12359931666667,0.9162907318741552,0.0842034251856289,0.0255600204854873,0.0001598934369261,tribunnews,2026-08-05T04:04:24.957540+00:00,0
2078091532863934947,bbm langka di sejumlah daerah apa penyebabnya bph migas dan pertamina mengungkap ada tiga faktor utama peralihan pengguna ke bbm subsidi setelah harga bbm non subsidi naik panic buying penyalahgunaan bbm subsidi,1,1,3,Fri Jul 17 12:16:45 +0000 2026,447.8009125930556,2.1400661634962708,0.1966634549731571,0.0111407973105742,6.969244696408605e-05,KontanNews,2026-08-05T04:04:48.285335+00:00,0
2083861556866277824,benarkah peserta bpjs ketenagakerjaan tak bisa dapat bansos simak faktanya,1,0,1,Sun Aug 02 10:24:46 +0000 2026,65.65487375083333,1.252762968495368,0.1151238675930576,0.0300053077510329,0.0001877014059931,kompascom,2026-08-05T04:04:03.545503+00:00,0
1974004337706692695,breaking news 1 hari 1 kebijakan tolol komdigi mewacanakan jual beli hp bekas bakal mirip motor ada balik nama here we go,2,1,0,Fri Oct 03 06:51:23 +0000 2025,7333.914908641111,1.6094379124341005,0.1479008573767524,0.0004090026997403,2.5585600532169995e-06,Sebelahkampus,2026-08-04T20:46:16.671108+00:00,0
2083514328192524302,jadi di kombo gitu ya jatuhnya hhhmmmm apa tidak ada bansos untuk gua bisa coba wkwkwk,0,0,0,Sat Aug 01 11:25:00 +0000 2026,88.65388650166666,0.0,0.0,0.0,0.0,pak_erte92,2026-08-05T04:04:13.991406+00:00,0
2071583210686071277,pemkab jayawijaya hanya izinkan kendaraan daerahnya isi bbm subsidi,0,0,0,Mon Jun 29 13:15:00 +0000 2026,879.1023150158334,0.0,0.0,0.0,0.0,RadioElshinta,2026-08-05T04:21:08.334057+00:00,0
2084205718018658389,bukan kerasa lagi tpi udah kerasa banget yank bisa dua bulan itu ngumpulinnya kalau ga ada bansos,0,0,0,Mon Aug 03 09:12:20 +0000 2026,42.85873881361111,0.0,0.0,0.0,0.0,xvraile,2026-08-05T04:03:51.459729+00:00,0
2084630561906414006,ouh aku kira bansos pre regis ehehe congratulations yak beb btw itu dapet merch apaaa,0,0,1,Tue Aug 04 13:20:31 +0000 2026,14.718831369444445,0.9162907318741552,0.0842034251856289,0.0636179609346711,0.000397968946459,ReiLishen,2026-08-05T04:03:38.792930+00:00,0
2050368506290700373,coba itu mobil listrik sekalian di senggol punya duit masa dapet subsidi pajak,2,0,0,Sat May 02 00:15:20 +0000 2026,2284.1088085441665,1.0986122886681098,0.1009580414151594,0.0008752318456442,5.475106249886113e-06,cemeNix7,2026-08-05T04:21:51.710759+00:00,0
2084486345746170053,yang begini nih pemilih bodoh ngakunya miskin kere segala mental bansos generasi micin otak ngeres dimaapin juga gak guna muke gile gini buah kecapi makanan kera belum mati belum jera,0,1,0,Tue Aug 04 03:47:27 +0000 2026,24.271845724722223,1.0986122886681098,0.1009580414151594,0.0395697255710036,0.00024753264276,opaparawitha,2026-08-05T04:03:45.644609+00:00,0
2075354310964293943,cara menghitung harga bbm itu seperti apa sih ada yang tau gak,2,1,0,Thu Jul 09 23:00:00 +0000 2026,629.3494081883333,1.6094379124341005,0.1479008573767524,0.0047592651964601,2.9772091534014555e-05,hansssolo,2026-08-05T04:20:57.869478+00:00,0
2041852909978370489,satu motor listrik untuk kepala sppg nilainya rp49 9 juta hingga rp56 8 juta bayangkan aja kalau semua duitnya dipakai untuk memperbaiki sekolah dan ngasi subsidi untuk daftar utbk,3,0,0,Wed Apr 08 12:17:24 +0000 2026,2848.0759977227776,1.3862943611198906,0.1273948643822471,0.0010529729647078,6.586984795770627e-06,berhomonim,2026-08-05T04:21:57.591802+00:00,0
2084286031424287006,perut kosong otak tak bisa bekerja dengan baik dan benar otak kosong masi bisa perut terisi dengan baik di negeri tercinta indonesia ini ada bansos bos makanya kenapa urusan perut lebih penting daripada urusan otak di negeri tercinta indonesia ini,0,0,0,Mon Aug 03 14:31:28 +0000 2026,37.53903159083334,0.0,0.0,0.0,0.0,lupadiri0_0,2026-08-05T04:03:48.513727+00:00,0
2040471041978634708,berikut adalah perbandingan rinci biaya masak kompor induksi vs gas lpg subsidi 1 biaya operasional energi kompor induksi jauh lebih efisien karena panas langsung disalurkan ke panci efisiensi 85 90 biaya operasional per bulan bisa lebih hemat bahkan dilaporkan bisa,0,0,0,Sat Apr 04 16:46:21 +0000 2026,2939.593897772778,0.0,0.0,0.0,0.0,TradingDiary2,2026-08-05T04:21:59.031982+00:00,0
2064603671061835956,rupiah belum stabil kenaikan bbm non subsidi kenaikan gas tarif dasar listrik haahahahahahahahhaaha,21,1,0,Wed Jun 10 07:00:48 +0000 2026,1341.3477754216667,3.1780538303479458,0.2920503379885301,0.0163891954103244,0.0001025243615942,muhamadrdani,2026-08-05T04:21:39.991518+00:00,0
2073602780196229223,semakin banyak cara pemerintah daerah untuk tagih pajak maren dilokasi parkir dikasi warning kalo di ntt malah gak boleh isi bbm subsidi,23,12,12,Sun Jul 05 03:00:03 +0000 2026,745.3501493825,4.189654742026425,0.3850123845542609,0.062973123324067,0.0003939350959432,P3gEl,2026-08-05T04:21:03.537777+00:00,0
2074718657436172452,rakyat indo tiap tahun kita pasti ada aja mati lampu prabowo emang gw pikirin mening jual listrik ke singapura bisa cuan jual ke rakyat kena subsidi soalnya wlkwwwkwk,55,11,24,Wed Jul 08 04:54:08 +0000 2026,671.4549271194444,4.736198448394496,0.4352375483466638,0.1338379664872524,0.0008372376878574,LambeSahamjja,2026-08-05T04:21:25.737630+00:00,0
2071856575233597565,baca di sini pemerintah kabupaten lembata nusa tenggara timur ntt mengungkap penyebab kelangkaan bahan bakar minyak bbm subsidi yang sering terjadi di wilayah tersebut dalam keterangan tertulis yang diterima selasa 30 6 2026 tim satgas,6,4,1,Tue Jun 30 07:21:15 +0000 2026,860.9981483491666,2.803360380906535,0.2576175201720139,0.0127610482935101,7.982809996529316e-05,kompascom,2026-08-05T04:21:08.334057+00:00,0
2057395016419664116,ya apa yg diharapkan kalau kampanye aja eh saudara kesehatan gak bayar subsidi listrik subsidi bbm kemudian sekolah sekolah kita bikin gak bayar kemudian kita akan kasih makan siang kemudian kalau bisa angkutan angkutan di kota besar kalau perlu subsidi 100,2,1,0,Thu May 21 09:36:11 +0000 2026,1818.7595189975,1.6094379124341005,0.1479008573767524,0.0016485694778245,1.0312802369256762e-05,Feynman_Abal2,2026-08-05T04:21:45.268391+00:00,0
2074473162742653126,rp 7 20 00 apple iphone 15 128gb pink 3 subsidi polytron fox 200 electric sepeda motor listrik 1 hd khusus online toshiba tv 32 hd smart tv 5 kiip e49 power bank fast charging 20w quick,3,1,0,Tue Jul 07 12:38:38 +0000 2026,687.7132604527777,1.791759469228055,0.164655473606283,0.0058079323133263,3.633214063892071e-05,pemburupromo28,2026-08-05T04:21:25.737630+00:00,0
2083601472420532423,respect emangnya orang milih mulyono dan wowo karena respect nggak bansos 3 bulan dibayar di muka yg bikin mereka milih yg miskin bisa dibeli yg kelas menengah kok mau milih paslon tolol ya karena tolol dikasih otak milihnya pelanggar ham dan nepobaby simply tolol,0,0,0,Sat Aug 01 17:11:17 +0000 2026,82.88155294333335,0.0,0.0,0.0,0.0,ImminentAdi,2026-08-05T04:04:10.590596+00:00,0
2084466105494724905,pajak naik 12 tapi siapa yang paling lemah kenaikan ppn 12 bukan sekadar angka naik 1 ini dampaknya ke dapur rumah tangga kelas menengah amp bawah ppn memukul semua orang sama ratanya padahal pendapatan beda jauh kelas menengah enggak dapat bansos,324,174,2,Tue Aug 04 02:27:01 +0000 2026,25.612401280277776,6.516193076042964,0.5988118804295122,18.7882331524343,0.1175317983105298,Alfakir2770,2026-08-05T04:03:45.644609+00:00,0
2084809695756456401,rakyat bansos rindu datuk klenik,0,0,0,Wed Aug 05 01:12:20 +0000 2026,2.854055516111111,0.0,0.0,0.0,0.0,woodentrue,2026-08-05T04:03:34.599858+00:00,0
2083474506140827910,titik dapur aja banyak yg siluman tenaga honor saja banyak siluman penerima bansos banyak siluman kip banyak yg bkn siswa miskin penerima koruptor bisa dgn santai berbaur dgn masyarakat tanpa ada sangksi,1,0,0,Sat Aug 01 08:46:46 +0000 2026,91.2916508438889,0.6931471805599453,0.0636974321911235,0.0108352163045766,6.778085235734195e-05,SabrinaAyu75052,2026-08-05T04:04:15.943038+00:00,0
2084806970184438043,siang joki tugas ujian brevet ab pph 21 ppn pajak manajemen tugas ut tuton ut ekonomi ppt makalah auditing sia manajemen pajak pph akuntansi msdm mankeu langsung ke link bio zonajajan zonauang jokitugas infojoki jokitugaskuliah jokiakuntansi jokitugasmurah,0,0,0,Wed Aug 05 01:01:30 +0000 2026,3.3448909925,0.0,0.0,0.0,0.0,yourgirllust,2026-08-05T04:22:11.607573+00:00,0
2048956394930639266,soal subsidi kendaraan listrik indonesia bisa belajar dari india,0,0,0,Tue Apr 28 02:44:06 +0000 2026,2377.6297603472226,0.0,0.0,0.0,0.0,detikoto,2026-08-05T04:21:53.137250+00:00,0
2069622489794371878,pertalite kan ga naik bbm subsidi kan ga naik ga naik tapi ngantri parah atau langka prett lah,231,62,46,Wed Jun 24 03:23:47 +0000 2026,1008.9577554077778,6.052089168924417,0.5561626019177855,0.335657603681776,0.0020997419745246,ardisatriawan,2026-08-05T04:21:14.919468+00:00,0
2084514995854020636,belanja itu gt operasinal modal dan btt tranfer dan pembiayaan belanja operasional itu pegawai barang dan jasa hibah bansos bunga subsidi,1,0,0,Tue Aug 04 05:41:18 +0000 2026,22.373797154444446,0.6931471805599453,0.0636974321911235,0.0427829502152521,0.0002676333125649,bukaberitaNOW,2026-08-05T04:03:43.669756+00:00,0
1278973504176533505,di tengah hobi masyarakat untuk bersepeda muncul isu pemerintah akan menerapkan pajak bagi sepeda benarkah demikian setujukah anda dengan pajak bagi sepeda selengkapnya di factcheckmetrotv berikut ini,2,1,2,Fri Jul 03 08:47:00 +0000 2020,53364.031226864165,2.079441541679836,0.1910922965733706,9.369431414260994e-05,5.861147848926856e-07,Metro_TV,2026-08-04T20:48:52.416711+00:00,0
2078721466812833978,pikirmu subsidi bbm itu paling diperlukan rakyat subsidi bbm ini kan dagangan basi propaganda politik rezim saja pertamax tanpa subsidi masa iya pada saat yg sama pertalite harga ekonomi nya lebih mahal rezim sukanya nipu rakyat,8,0,0,Sun Jul 19 05:59:53 +0000 2026,406.0815615955555,2.19722457733622,0.2019160828303189,0.0196520814370565,0.0001229356934791,linea_komputama,2026-08-05T04:04:46.621744+00:00,0
2069318520878531069,saat ini brent berada di kisaran us 78 us 83 per barel turun dari level yang sebelumnya sempat mendekati us 95 per barel apakah harga bbm non subsidi benar benar turun bulan depan kita tunggu evaluasi harga juli nanti kontan bbm pertamax hargabbm minyakdunia ekonomi,0,0,1,Tue Jun 23 07:15:56 +0000 2026,1029.0885887411112,0.9162907318741552,0.0842034251856289,0.0009707902902041,6.072882301618419e-06,KontanNews,2026-08-05T04:21:14.919468+00:00,0
2053703718848340337,hai kak anita admin siap melayani sepenuh hati apakah dapat diinformasikan secara kronologis perihal subsidi yang dimaksud tersebut perihal subsidi apa melalui dm admin informasikan untuk subsidi listrik diberikan oleh pemerintah kepada pelanggan tarif rumah,0,0,0,Mon May 11 05:08:17 +0000 2026,2063.224999556111,0.0,0.0,0.0,0.0,pln_123,2026-08-05T04:21:46.998402+00:00,0
2078776827833934300,aku kasih contoh untuk kakak yang sangat pemalas ini 1 pencabutan subsidi bbm secara bertahap sesuai rekomendasi imf world bank yang berulang kali mendesak indonesia mengurangi subsidi energi demi efisiensi fiskal 2 uu cipta kerja omnibus law 2020 banyak poin soal,2,0,0,Sun Jul 19 09:39:52 +0000 2026,402.4151727066666,1.0986122886681098,0.1009580414151594,0.004957671736988,3.10132448301026e-05,camatpochinkii,2026-08-05T04:04:46.621744+00:00,0
1277849860704632833,tidak benar pemerintah akan memungut pajak sepeda,5,0,1,Tue Jun 30 06:22:02 +0000 2020,53438.44893992472,2.0149030205422647,0.1851614666007883,0.0001122766068704,7.023583008908699e-07,liputan6dotcom,2026-08-04T20:48:58.183729+00:00,0
2083525341705089370,ikut acaraku codex atau cursor nanti dapat bansos,13,0,6,Sat Aug 01 12:08:46 +0000 2026,87.92444205722222,3.1354942159291497,0.2881392809582878,0.2136645399222594,0.0013366013402383,F2aldi,2026-08-05T04:04:13.991406+00:00,0
2084637643586097484,di sana pajak makanan 1 di sini kita bayar ppn 12 buat beli mie instan aja miris gak sih,0,0,0,Tue Aug 04 13:48:39 +0000 2026,14.559500363888889,0.0,0.0,0.0,0.0,CozyGreenVibes,2026-08-05T04:22:13.201310+00:00,0
2068077324541788570,orang ga tau betapa privilegednya listrik yg nyala tiap hari sampai saatnya listriknya jebol kalo ga protes saat dapat subsidi bensin dapat bansos jangan heran kalo akan kembali byar pet emang uang bensin minta sama amriki,7,1,2,Fri Jun 19 21:03:51 +0000 2026,1111.2956705016666,2.5649493574615367,0.2357085080236325,0.0089904152872318,5.62405026430031e-05,rizahariati,2026-08-05T04:21:35.413806+00:00,0
2084805504585576728,memang ada uang masuk ke negara bea masuk ppn pph 22 lt lt 3x biji itu juga masih kurang masih ngelulu dan ngalem pkp pengusaha kena pajak pengukuhan wajib pajak agar supaya kerja terus menerus lha tarikan income pkp semakin besar semakin diminati jadi,0,0,0,Wed Aug 05 00:55:40 +0000 2026,3.442113214722222,0.0,0.0,0.0,0.0,libccallpacks,2026-08-05T04:22:11.607573+00:00,0
2064026835416211663,komen tolol punya akun dengan nama crypto tp ga ngerti cara itung token listrik bahkan jumlah kwh pun dibaca 486 3ribu yg jelas2 di struk nya ditulis jml kwh 486 3 btw dari biaya yg lu bayar sama kwh yg lu dapet artinya daya listrik lu 3500va keatas non subsidi,14,0,0,Mon Jun 08 16:48:39 +0000 2026,1379.5508104433334,2.70805020110221,0.2488588987919119,0.0101408799256756,6.343735701200736e-05,dihapansih,2026-08-05T04:21:41.917596+00:00,0
2036596476101665117,pemerintah diganti swasta siap aja kaget liat bbm pangan gas listrik harga normal tanpa subsidi wkwkwk udh disubsidi aja banyak mau apalagi harga normal,8,1,1,Wed Mar 25 00:10:12 +0000 2026,3196.197967481666,2.525728644308256,0.2321042825623813,0.003127738758034,1.956590371722379e-05,AdamIsMeeee,2026-08-05T04:22:04.682934+00:00,0
2056667606342656251,versi aku di daerah mie japan apato 38 000 sudah dapat subsidi kantor listrik 5 000 air 4 000 gas 4 000 internet bulanan 3 080 makan kebutuhan tambahan 60 000 nb ini belum termasuk potongan perpajakan,3,0,1,Tue May 19 09:25:43 +0000 2026,1866.9339634419448,1.7047480922384253,0.1566594787568544,0.0021414033248956,1.3395777114386008e-05,srikhandhii,2026-08-05T04:21:45.268391+00:00,0
2072593044533309726,pt pertamina patra niaga resmi menurunkan harga sejumlah bbm non subsidi per rabu 1 juli 2026 produk yang harganya turun adalah pertamax turbo ron 98 serta diesel non subsidi dexlite dan pertamina dex berdasarkan data situs resmi pertamina patra niaga di spbu wilayah,1,1,0,Thu Jul 02 08:07:43 +0000 2026,812.2229103330556,1.3862943611198906,0.1273948643822471,0.0024593502895545,1.5384728295721535e-05,RadioElshinta,2026-08-05T04:21:05.477199+00:00,0
2084448432547381545,bos dpr puan bos puan emak kebo maling bansos juliari buronan masiku bagean mencret hasto mafia judol keponakan emak ampun dah partaikomplit,3,1,0,Tue Aug 04 01:16:48 +0000 2026,26.783087727222224,1.791759469228055,0.164655473606283,0.1439724784830431,0.0009006352096042,gedhanggg,2026-08-05T04:03:47.115818+00:00,1
2084648131325772169,artinya bansos tidak menjamin orang akan memilihnya,0,0,0,Tue Aug 04 14:30:20 +0000 2026,13.554893407777778,0.0,0.0,0.0,0.0,darbento88,2026-08-05T04:03:37.616268+00:00,0
2084258198236913992,bansos buat mingdep,0,0,1,Mon Aug 03 12:40:52 +0000 2026,39.38279827,0.9162907318741552,0.0842034251856289,0.024763018979368,0.000154907708917,neuvlebluu,2026-08-05T04:03:50.073772+00:00,0
2084214387410436316,menghabiskan sisa tiket bansos amp masyallah tabarakallah dapet yang dimau meski sisanya mambu but thats okay im gwenchana,0,0,0,Mon Aug 03 09:46:47 +0000 2026,42.28457214694444,0.0,0.0,0.0,0.0,dollyons,2026-08-05T04:03:51.459729+00:00,0
2083463875719209146,satu data satu tujuan mewujudkan bansos yang makin tepat sasaran dengan data tunggal yang akurat dan terintegrasi bantuan pemerintah dapat didistribusikan dengan lebih transparan jagaindonesia bansostepatsasaran programkeluargaharapan blt dataterpadukesejahteraansosial,0,0,0,Sat Aug 01 08:04:31 +0000 2026,91.99633673555556,0.0,0.0,0.0,0.0,pendekar_kalcer,2026-08-05T04:04:17.812248+00:00,0
2051525757365833744,subsidi transportasi umum dinilai lebih tepat sasaran dibanding kendaraan listrik,3,2,0,Tue May 05 04:53:50 +0000 2026,2207.4671418775,2.079441541679836,0.1910922965733706,0.002264013761033,1.416277978749293e-05,e100ss,2026-08-05T04:21:51.710759+00:00,0
2059503898180878835,juni gagal jalan program subsidi kendaraan listrik mundur sebulan lewat news,2,2,0,Wed May 27 05:16:07 +0000 2026,1679.0934626202777,1.9459101490553128,0.1788212997841811,0.0023808199299588,1.489347324739596e-05,keuangannews_id,2026-08-05T04:21:43.465433+00:00,0
2051838445522485496,beli motor listrik bakal dapat subsidi rp 5 juta target mulai juni,0,1,0,Wed May 06 01:36:21 +0000 2026,2186.758062208889,1.0986122886681098,0.1009580414151594,0.0004570889337691,2.8593686238545774e-06,detikfinance,2026-08-05T04:21:50.023952+00:00,0
2084827495078228431,ketahanan pangan hampir semua harga bahan makanan naik ketahanan energi temenku yang di kalimantan masih sering mati lampu make it make sense anjing semua kebijakan baik yang utama atau pendukung hasilnya jelek main pasir aja jangan main presiden presidenan,0,0,0,Wed Aug 05 02:23:03 +0000 2026,1.2286359566666667,0.0,0.0,0.0,0.0,anubeis,2026-08-05T03:36:46.089444+00:00,0
2071915651976048896,penjualan mobil listrik 2025 sudah tembus 82 500 unit naik drastis dari 2024 dan total populasi ev tembus 333 ribu insentif ppn dtp amp subsidi motor listrik memang berhasil dorong adopsi hemat bbm dan kurangi subsidi negara,2,0,3,Tue Jun 30 11:16:00 +0000 2026,857.0856483491667,2.0149030205422647,0.1851614666007883,0.0058269241649936,3.645094619458952e-05,Nicoandhika46,2026-08-05T04:21:08.334057+00:00,0
2083387282149761479,ucapkan selamat tinggal pada bansos salah sasaran dengan data valid bantuan prioritas pasti sampai ke masyarakat yang membutuhkan jagaindonesia bansos dprri kesejahteraan,0,0,0,Sat Aug 01 03:00:10 +0000 2026,97.06993813138888,0.0,0.0,0.0,0.0,szerlyjesline,2026-08-05T04:04:21.777273+00:00,0
2084589547254620483,fuck working gw ss ini minggu lalu sampe lupa buat ngetweet day 1 main zzz patch anniv makasih banyak bansos free s rank nya,0,0,0,Tue Aug 04 10:37:32 +0000 2026,17.435639235,0.0,0.0,0.0,0.0,arlecchvno,2026-08-05T04:03:40.301246+00:00,0
2083960474362929217,nyoba bansos,0,0,0,Sun Aug 02 16:57:49 +0000 2026,59.10301804416667,0.0,0.0,0.0,0.0,szabertooth,2026-08-05T04:03:59.864959+00:00,0
2034407646644916654,gara2 bahlul satu ini bikin kalbar antri bbm sianng mlm skrg dia bilang mau naikkan harga token listrik eh bahlull itu pln monopoli loh telat bayar dicabut pakai byk bayar byk gak ada subsidi terus uud 45 nya gak dipakai,5,1,0,Wed Mar 18 23:12:35 +0000 2026,3341.1586838075,2.079441541679836,0.1910922965733706,0.0017952468950889,1.1230358612186044e-05,BennyValentinus,2026-08-05T04:22:06.261707+00:00,0
2074389757241823422,cek fakta klarifikasi pemerintah bakal pungut pajak sepeda cekfakta,1,1,0,Tue Jul 07 07:07:13 +0000 2026,685.6839922338888,1.3862943611198906,0.1273948643822471,0.0029125478715379,1.821975415304072e-05,liputan6dotcom,2026-08-04T20:48:15.372042+00:00,0
2084619443880284553,bantuan sogoks bansos,1,0,1,Tue Aug 04 12:36:20 +0000 2026,15.455220258333334,1.252762968495368,0.1151238675930576,0.1215419768682312,0.0007603188120799,rahmaniarbaftim,2026-08-05T04:03:38.792930+00:00,0
2079795561436455090,pertanyaannya kenapa pemerintah bisa ngasih subsidi pajak ke mobil listrik tapi nggak ke hal basic lain jawabannya yes they did actually subs bbm p a 140 t subs listrik p a 70 t subs pupuk p a 30 t subs transport perintis p a 3 5t,5,0,2,Wed Jul 22 05:07:57 +0000 2026,334.9462410763889,2.19722457733622,0.2019160828303189,0.0208366671333236,0.0001303459957681,buletbuletkecil,2026-08-05T04:04:43.467875+00:00,0
2084540586850451712,jakarta kota tolol sampai matahari beranak 7 tetap aja bakalan suram jakarta karena warganya gak mau di atur hobinya ngemis subsidi dan bansos doangan warganya,0,0,1,Tue Aug 04 07:22:59 +0000 2026,20.678732529722225,0.9162907318741552,0.0842034251856289,0.0461281580290253,0.0002885596171772,DafidPasar90847,2026-08-05T04:03:42.437107+00:00,1
2064860043640775089,bukan krisis batubara ini mah cuma pemerintah aja lagi tongpes buat bayar subsidi listrik karena apa ya karena mas bowo gila,23,9,4,Wed Jun 10 23:59:32 +0000 2026,1324.3684382369445,3.871201010907891,0.3557477701796536,0.0271622584040771,0.0001699164072803,SoundOfYogi,2026-08-05T04:21:38.377653+00:00,0
2083468865653158181,penguatan sistem pendataan dan penyaluran bantuan diharapkan membuat bansos semakin tepat sasaran sehingga manfaatnya benar benar dirasakan oleh masyarakat yang berhak bansos pelayananpublik indonesia jagaindonesia prioritas,0,0,0,Sat Aug 01 08:24:21 +0000 2026,91.665261955,0.0,0.0,0.0,0.0,jemimaassgf,2026-08-05T04:04:15.943038+00:00,0
2074837367630999557,tanda tanda pemerintah mulai bangkrut itu sudah nyata belum pernah ada selama hidup saya melihat di pom bensin ada rahazia pajak motor yang belum bayar tdk bisa bensin sekarang mulai lagi pajak sepeda nanti akan ada pajak pajak aneh berikutnya,3,0,0,Wed Jul 08 12:45:51 +0000 2026,656.0401033449999,1.3862943611198906,0.1273948643822471,0.0045659313407613,2.856267095943281e-05,jakkari1,2026-08-04T20:48:15.372042+00:00,1
2041353160284127570,langkah yg tepat adalah hentikan mbg ambilqqq sebagian dana bbg unt subsidi bbm gas listrik dan gaji guru honorer,21,7,1,Tue Apr 07 03:11:34 +0000 2026,2881.173219945,3.624340932976365,0.3330623239775407,0.0100618518690397,6.294298856671305e-05,susno2g,2026-08-05T04:21:57.591802+00:00,0
2083784965591011725,selamat hari minggu mbak jadi kapan bansos,0,0,0,Sun Aug 02 05:20:25 +0000 2026,70.72819571944444,0.0,0.0,0.0,0.0,serandani,2026-08-05T04:04:06.504590+00:00,0
2083349499251208476,pt pertamina patra niaga menurunkan harga sejumlah bahan bakar minyak bbm non subsidi mulai 1 agustus 2026 investordaily saatnyamajubersama bbm pertamax bbmnonsubsidi pertamina,1,0,0,Sat Aug 01 00:30:02 +0000 2026,99.57495599083336,0.6931471805599453,0.0636974321911235,0.0099428330855162,6.219845385997623e-05,InvestorID,2026-08-05T04:04:31.841567+00:00,0
2034570297224069338,solusinya malah ngasih subsidi kendaraan listrik pemerintah ga akan ngasih kebijakan yg baik selama bukan mereka yang ngejalanin kebijakannya,88,2,3,Thu Mar 19 09:58:54 +0000 2026,3330.386739363056,4.579852378003801,0.4208699746244209,0.0279163025118426,0.0001746334106979,audityaaaaa,2026-08-05T04:22:06.261707+00:00,0
2082709828175385076,semula berfikir kdmp cuma mau dagang yg pake subsidi spt bbm pupuk dan gas lalu penampung hasil bumi spt beras gabah kalo semua diperdagangkan ini mah bukan koprasi negara ini kayak negara menjajah ekonomi rakyat,0,0,0,Thu Jul 30 06:08:12 +0000 2026,141.94025432194445,0.0,0.0,0.0,0.0,BapaEnte,2026-08-05T04:04:36.915559+00:00,0
2053671445998543069,dua kebijakan ajaib di indonesia ialah cash transfer blt digital dan tarif ekspor impor 1 ganti mbg dengan cash transfer 2 ganti subsidi bbm elpiji melon dan solar nelayan dengan cash transfer 3 ganti bansos dengan cash transfer 4 ganti subsidi listrik pln dengan,213,70,13,Mon May 11 03:00:02 +0000 2026,2065.362499556112,5.922918004572872,0.5442922925331549,0.1432468891898617,0.000896096208317,zhil_arf,2026-08-05T04:21:46.998402+00:00,1
2083060387927482810,salah komdigi bakal terapkan aturan balik nama hp bekas sedulur beredar unggahan di media sosial yang mengklaim komdigi akan menerapkan aturan balik nama untuk setiap transaksi jual beli hp bekas kominfodiy jogjaistimewa cekfakta antihoaks waspadahoaks,0,0,1,Fri Jul 31 05:21:12 +0000 2026,111.41614856083334,0.9162907318741552,0.0842034251856289,0.0088955191296102,5.564686959791905e-05,kominfodiy,2026-08-04T20:46:10.134819+00:00,0
2083806696028397953,mulyono family yo ndak tau yang penting saya ngasih bansos apbn cuci uang buat nyari nama,0,0,0,Sun Aug 02 06:46:46 +0000 2026,69.28902905277778,0.0,0.0,0.0,0.0,GamefaqsIDN,2026-08-05T04:04:06.504590+00:00,1
2078687141329244226,walaupun motor lawas sekali masuk isi bbm subsidi di spbu jadi puas satu tangki penuh bisa sampai 14 liter motor jenis ini jadi primadona bagi penjual bensin eceran asumsi 10 kali pp ke spbu saja sudah bisa tersimpan 140 liter di jirigen rumah 140 liter x rp 10 000,25,2,15,Sun Jul 19 03:43:29 +0000 2026,408.3548949288889,3.960813169597578,0.3639827663849695,0.1026004587224883,0.0006418281231291,sharpandshark,2026-08-05T04:04:46.621744+00:00,0
1278207899643215872,quote menghindari penumpukan massa dan mencegah kemacetan lalu lintas pemerintah italia memberikan keringanan kepada warganya yang ingin membeli sepeda itulah beda pemerintah yang berpikir logis dan pemerintah yang cuman ingin memungut pajak,42,20,8,Wed Jul 01 06:04:45 +0000 2020,53414.73539353084,4.553876891600541,0.4184829321171333,0.0013104752650934,8.197817926692482e-06,ferizandra,2026-08-04T20:48:52.416711+00:00,0
2084525236670923010,siap siap dana untuk rakyat dipangkas pemerintah tidak punya cara lebih kreatif selain potong dana untuk rakyat itu yang paling gampang bansos bisa saja dikurangi bahkan dana kesehatan bisa saja terkena,0,0,0,Tue Aug 04 06:21:59 +0000 2026,21.69574159888889,0.0,0.0,0.0,0.0,azwar6102,2026-08-05T04:03:43.669756+00:00,1
1277921700328304640,pemerintah ini emang suka banget ngerusuhin kesenengan warga ya,2,2,4,Tue Jun 30 11:07:30 +0000 2020,53433.69116214694,2.5649493574615367,0.2357085080236325,0.0001497154718406,9.365611176727752e-07,djaycoholyc,2026-08-04T20:48:58.183729+00:00,0
1141298084950921216,pemprov jabar wacanakan gratis spp sma dan smk negeri,0,0,0,Wed Jun 19 10:54:02 +0000 2019,62481.85052807944,0.0,0.0,0.0,0.0,antaranews,2026-08-04T20:45:03.901086+00:00,0
2084611293336789082,gak juga kemarin 2024 tim sukses anis mahfud jg bagi2 bansor buktinya gak menang mana buktinya jika yg dapat bansos pasti memilih yg kasih bansos,1,0,2,Tue Aug 04 12:03:57 +0000 2026,15.994942480555556,1.6094379124341005,0.1479008573767524,0.1765231040606576,0.0011042591229988,darbento88,2026-08-05T04:03:38.792930+00:00,1
2068556760340984104,bakery pesanan segunung tinggi oven mati adonan terbuang jgn bilang ribut kalo tak mengerti kerugian nyata bukan sekadar omong kosong mati listrik 3 jam aja ribut kalimat itu gampang banget diucapkan oleh orang yg nggak punya bayi nggak punya usaha nggak lagi di,37,6,0,Sun Jun 21 04:48:58 +0000 2026,1079.5423900897222,3.912023005428146,0.3594991469446284,0.0397948293323592,0.0002489408033712,curhatzamannow,2026-08-05T04:21:30.604323+00:00,0
2084580380838101440,makasih bansos nya,1,0,0,Tue Aug 04 10:01:07 +0000 2026,18.042583679444444,0.6931471805599453,0.0636974321911235,0.0525138824034394,0.0003285061977392,DaniA1003k0,2026-08-05T04:03:40.301246+00:00,0
2083932754811740463,gw aja ingat kubu 01 03 juga pakai metode bansos kenapa dirty vote tidak memasukan hal itu,0,0,0,Sun Aug 02 15:07:41 +0000 2026,60.93857388027778,0.0,0.0,0.0,0.0,Turu748392,2026-08-05T04:03:59.865969+00:00,0
2064607199209644497,yang pakai pertamax bukan hanya orang kaya aja tapi warga negara yang tau diri gak mau pake bbm subsidi tapi hari ini pertamax naiknya gak ngotak rupiah melemah suku bunga bi naik phk makin merajalela listrik otw naik dan harga bahan pokok semua sudah melaju naik gak,938,433,101,Wed Jun 10 07:14:49 +0000 2026,1341.1141643105557,7.578912441650467,0.6964715068804107,1.0967770396463752,0.0068610058630572,Opposite6888,2026-08-05T04:21:39.991518+00:00,0
2083530732505268573,belum tau aja nanti kalo jadi kopdes yang dihadapin siapa aja wkokwowko indoalfa aja potong gaji mulu karna barang ga balance belum lagi kopdes bakal dikasih beban bagi bansos beras dll makanan empuk dituduh lsm sama wartawan sih,0,0,0,Sat Aug 01 12:30:11 +0000 2026,87.56698092388888,0.0,0.0,0.0,0.0,YogaAdamPRTM,2026-08-05T04:04:12.131326+00:00,0
2058739077185413337,subsidi motor listrik rp500 miliar dikritik angkutan umum dinilai lebih mendesak,2,2,0,Mon May 25 02:37:00 +0000 2026,1729.745907886389,1.9459101490553128,0.1788212997841811,0.0023111422547778,1.445759711153539e-05,tribunnews,2026-08-05T04:21:45.268391+00:00,0
2082090506910417287,harga minyak dunia fluktuatif bahlil pastikan harga bbm dan lpg subsidi tidak naik,0,0,0,Tue Jul 28 13:07:14 +0000 2026,182.9568278725,0.0,0.0,0.0,0.0,jawapos,2026-08-05T04:04:38.580341+00:00,0
2079413567296835610,bahlil beri sinyal harga bbm non subsidi bisa turun bulan depan,0,0,0,Tue Jul 21 03:50:02 +0000 2026,360.24530776694445,0.0,0.0,0.0,0.0,cnbcindonesia,2026-08-05T04:04:45.107961+00:00,0
2074689679857996035,tarif listrik non subsidi tak naik menteri esdm bahlil lahadalia demi jaga daya beli masyarakat bahlillahadalia kuningkeren golkarindonesia partaigolkar golkarsolid,2,0,0,Wed Jul 08 02:59:00 +0000 2026,673.3738160083333,1.0986122886681098,0.1009580414151594,0.0029657141966723,1.8552341775937776e-05,golkarpedia,2026-08-05T04:21:25.737630+00:00,0
2046110329193877635,kenaikan bbm non subsidi itu peluang bisnis salah satunya utk mendongkrak penjualan mobil listrik yg punya modal silahkan ambil proyek charge station bagi kaum subsider nyusul tunggu giliran untuk rakyat teruslah rajin membayar pajak sebesar nya selamatmenikmati,5,1,0,Mon Apr 20 06:14:52 +0000 2026,2566.1174307758333,2.079441541679836,0.1910922965733706,0.0023372518639268,1.4620928559020582e-05,bleketetet,2026-08-05T04:21:54.750793+00:00,0
2083901254414356709,gak tau knapa kok pada suka dapat bansos padahal w diluar sana berulah biar nih keluarga gak dapat bansos apalagi ini katanya penrima bansos bakal diwajibkan jadi anggota koperasi awas ini ntar tiba w denger kalau orang rumah jadi anggota koperasi,0,0,0,Sun Aug 02 13:02:30 +0000 2026,63.025605035000005,0.0,0.0,0.0,0.0,jeonghanifii,2026-08-05T04:04:02.178126+00:00,0
2083757986892357894,kalau bisa sih gausah hadir di perayaan yg digelar pemerintah tapi susah sih pasti pake pancingan bansos biar pada mau,0,0,0,Sun Aug 02 03:33:13 +0000 2026,72.51522032555556,0.0,0.0,0.0,0.0,jeeyuukk,2026-08-05T04:04:07.793172+00:00,0
2083060392054739331,faktanya klaim tersebut hoaks selengkapnya bisa melalui link berikut link counter selalu cek fakta sebelum membagikan informasi yuk lur saringsebelumsharing,0,0,1,Fri Jul 31 05:21:13 +0000 2026,111.41587078305557,0.9162907318741552,0.0842034251856289,0.0088955411102924,5.564700710042354e-05,kominfodiy,2026-08-04T20:46:10.134819+00:00,0
2080596764454002881,utamanya gimana mungkin saya pengen tahu gimana teknologi yang mau dipakai untuk membatasi bukan membatasi supaya subsidinya tepat sasaran ujar purbaya baca selengkapnya,0,1,1,Fri Jul 24 10:11:38 +0000 2026,281.8839382436111,1.5040773967762742,0.1382186506391953,0.0070700373178404,4.422737323656636e-05,antaranews,2026-08-05T04:04:40.177677+00:00,0
2067276271164526660,wah program subsidi motor listrik sukses 6 000 unit udah terdistribusi rapi ke gudang dadan cs bayar dulu segel kemudian inovasi banget ya bieb,2,0,0,Wed Jun 17 16:00:45 +0000 2026,1164.3473371683333,1.0986122886681098,0.1009580414151594,0.0017162265156582,1.0736038192467884e-05,HerryMwatson,2026-08-05T04:21:35.413806+00:00,0
2084819606653604211,desil 1 5 itu yg kedata dapat bansos jadi ukt murah desil 6 keatas itu kelas mepet hampir jatih kismin tapi ukt mahal sekelas uin saja 3 5 juta utk desil 6,0,0,0,Wed Aug 05 01:51:42 +0000 2026,2.197944405,0.0,0.0,0.0,0.0,teguh_korjakbdg,2026-08-05T04:03:34.599858+00:00,0
2081602742196617300,pemerintah menyiapkan insentif pajak pertambahan nilai ditanggung pemerintah ppn dtp sebesar 40 hingga 100 untuk kuota 100 000 unit mobil listrik besaran potongan ini ditentukan berdasarkan jenis bahan baku baterai guna mendukung program hilirisasi nikel di dalam negeri,8,1,1,Mon Jul 27 04:49:02 +0000 2026,215.5386786055556,2.525728644308256,0.2321042825623813,0.0461811259974292,0.0002888909639584,SmwGwOto,2026-08-05T04:21:21.242980+00:00,0
2084563620378075398,ada yang pernah janji saudara kesehatan gak bayar pendidikan gratis subsidi listrik subsidi bbm kemudian sekolah2 harus dibikin gak bayar gratis kemudian kita harus kasih makan siang kemudian kita harus kayak negara lain kalau perlu subsidi 100 persen sampe2 si,2,1,0,Tue Aug 04 08:54:31 +0000 2026,19.16498820555556,1.6094379124341005,0.1479008573767524,0.1487727128535332,0.0009306635881802,moc4B3nt0,2026-08-05T04:04:24.957540+00:00,0
2070683038909190424,harga minyak dunia udh melandai dengar sih bulan juli mulai turun bbm non subsidi,2,0,1,Sat Jun 27 01:38:02 +0000 2026,938.7193883969444,1.5040773967762742,0.1382186506391953,0.0031924423791209,1.997066412666982e-05,Firman_BGM,2026-08-05T04:21:11.798229+00:00,0
2084267322773217286,yang kiri buka 1 2 chest udh yang kiri nunggu bansos lagi,0,0,0,Mon Aug 03 13:17:08 +0000 2026,38.77835382555556,0.0,0.0,0.0,0.0,whaliennitsme,2026-08-05T04:03:50.073772+00:00,0
2069980713018167577,menarik kalau listrik mati rakyat rugi itu biasa kalau rakyat protes jawabannya kan sudah disubsidi jadi fungsi subsidi sekarang bukan buat menjamin layanan tapi buat membungkam setiap keluhan,117,0,0,Thu Jun 25 03:07:15 +0000 2026,985.2367244394444,4.770684624465665,0.4384066889324337,0.1186327755808325,0.0007421199928412,negeriironi,2026-08-05T04:21:27.207982+00:00,0
1526085978632646657,listrik blm ad nonton tv di atur krn pke accu yg d cas k tkgnya smnggu skli tiap bln msti byar pajak tv sepeda ga bsa koar2 sbbas skrg kl kritik pemerintah itu hnya sbgian kcil aj gan,3,1,3,Mon May 16 06:23:45 +0000 2022,36998.41471373306,2.3513752571634776,0.216081909008217,0.0001891921819347,1.1835118921868154e-06,Tommyleewijaya2,2026-08-04T20:48:37.969439+00:00,0
2083875565686366719,ida nurlaela dukung penerapan data tunggal dtsen perbaiki mekanisme pendataan bansos,0,0,0,Sun Aug 02 11:20:26 +0000 2026,64.72709597305555,0.0,0.0,0.0,0.0,GesuriID,2026-08-05T04:04:03.545503+00:00,0
2083805413385097580,bagaimana penerima bansos pkh bayar iuran anggota tiap bulan,0,0,0,Sun Aug 02 06:41:40 +0000 2026,69.37402905277777,0.0,0.0,0.0,0.0,bunc1s,2026-08-05T04:04:06.504590+00:00,0
2084620911832154249,turun tangan presiden memerintahkan dan pln segera menuntaskan pemadaman listrik terutama di kalimantan harga bbm subsidi juga dipastikan tetap tidak naik prabowo bahlillahadalia pln energi rajamedia,0,0,1,Tue Aug 04 12:42:10 +0000 2026,15.3704052875,0.9162907318741552,0.0842034251856289,0.0610858425578243,0.0003821290096245,rmbantencom,2026-08-05T04:04:23.459035+00:00,0
2084595157517885626,sdh tradisi lama depsos gudangnya gerombolan koruptor krn ngurus bansos yg temanya sedekah pengawas sedekah itu hanya allah swt beserta para malaikat nya yg bekerja secara super silent tapi ujung2 nya api neraka,0,0,0,Tue Aug 04 10:59:50 +0000 2026,17.063972568333334,0.0,0.0,0.0,0.0,AZahif123,2026-08-05T04:03:40.301246+00:00,0
2084542684111438139,penguasa sumber daya alam akan kami cegah dengan segala kekuatan kami anjengg kalo pada pinter gak ada yang mau jual tanah murah digusur jadi ngerti buat nuntut pergi dari hutan disuap dikasih bansos terima jika haknya diambil dikasih 50 000 nurut,5,1,0,Tue Aug 04 07:31:19 +0000 2026,20.539843640833336,2.079441541679836,0.1910922965733706,0.2785535540576408,0.0017425214956916,JustTalkID,2026-08-05T04:03:42.437107+00:00,0
1974659285746581571,dirjen infrastruktur digital kemkomdigi wayan toni menegaskan bahwa wacana terkait layanan pemblokiran dan pendaftaran ulang imei bukanlah aturan balik nama ponsel seperti pada kendaraan baca di sini imei handphone,6,0,5,Sun Oct 05 02:13:55 +0000 2025,7290.537537449723,2.6741486494265287,0.2457434828317818,0.0015085981445618,9.437196750739397e-06,kompascom,2026-08-04T20:46:10.134819+00:00,0
2083814219921973660,kondisi ke depan saat ini tidak mudah buat bi karena di satu sisi yield usa naik seharusnya bi rate naik utk memperkecil gap yield supaya rupiah tdk lemah sementara jika bi rate naik beban defisit apbn naik yang sudah berat akibat beban subsidi bbm,1,0,0,Sun Aug 02 07:16:40 +0000 2026,68.79674223833334,0.6931471805599453,0.0636974321911235,0.0143273162604828,8.962605644693431e-05,Duwitmu,2026-08-05T04:04:28.272058+00:00,0
2080136068175978731,wiwi wowo 11 12 sama2 tukang ngibul mbgdankmpkorupsiedan catet rekam kalau prabowo presiden kesehatan dan sekolah gratis subsidi listrik dan bbm subsidi transportasi 100 omongannya nggedabrus mbgdankmpkorupsiedan,114,60,7,Thu Jul 23 03:41:00 +0000 2026,312.3949278355556,5.503296947234575,0.5057308086298641,0.5775460415076477,0.0036129009212729,Srik4ndiMuslim2,2026-08-05T04:04:41.740208+00:00,1
2068676324970119665,menarik bahasannya memang tugas pln menyediakan listrik 24 jam tapi di lapangan sering muncul keluhan dari masyarakat ketika ada pemadaman meski hanya sebentar di sisi lain ketika layanan berjalan normal apresiasi jarang disampaikan apalagi soal subsidi listrik yang,2,0,20,Sun Jun 21 12:44:04 +0000 2026,1071.6240567563889,3.49650756146648,0.3213149523631374,0.0205104480562629,0.0001283052975045,congornaviral,2026-08-05T04:21:30.604323+00:00,0
2083929664343667189,mudah didapatkan atau tidak entah via bansos atau lewat shop gt update buat nambah limit hp atk servant ke 3k tapi sama seperti diatas apakah fou nya bakal mudah didapatkan atau tidak ke depannya gt pv anniv nya mantap luar biasa walaupun yang digarap masih lostbelt itu saja c,1,0,1,Sun Aug 02 14:55:24 +0000 2026,61.14393836833334,1.252762968495368,0.1151238675930576,0.0321833480869171,0.0002013263698411,RutszarShka,2026-08-05T04:04:02.178126+00:00,0
2072350007945265207,bbm subsidi hahahaha ngak ada subsidi bbm di indonesia blog goblok ron 90 pertalite itu mixing ron88 ron92 itu saja sudah naik tahun 2022 ketika perang rusia ukraina harga minyak 120 per barel selat hormuz di tutup harga tertinggi hanya sampai 117 per barel,1,0,1,Wed Jul 01 16:01:58 +0000 2026,828.3187436663889,1.252762968495368,0.1151238675930576,0.0024116179879862,1.5086133787376305e-05,BambangSetyadix,2026-08-05T04:21:05.477199+00:00,0
2083920729326989580,waa otsu antrifest lucky me dikasih bansos sama pantalone meet uncle jiaoqiu thank u,1,1,1,Sun Aug 02 14:19:53 +0000 2026,61.73588281277778,1.7047480922384253,0.1566594787568544,0.0478195231420091,0.0002991401322111,wriopeaches,2026-08-05T04:04:02.178126+00:00,0
1803682906000199763,sepeda roda tiga kursi roda sepatu roda gerobak yg pake roda nah siap2 tuh bakal kena pajak harap maklum ya warga pemerintah butuh duid buat bayar utang gaji pejabat sm lanjutin proyek,12,0,5,Thu Jun 20 06:54:50 +0000 2024,18613.892565521663,3.0204248861443626,0.2775648733334548,0.0009132472798412,5.712915857020664e-06,InFebriyan128,2026-08-04T20:48:23.235878+00:00,0
